row,manufacturer,code,description,qty
1,Festo,18200,10P-10-4A-AO-R-Y-4M+PZ,1
2,Festo,18200,10P-10-4A-AZ-R-Y-4M+PZ,1
3,Festo,18200,10P-10-4A-FB-R-V-4D,1
4,Festo,18200,10P-10-4A-MP-R-V-C3M,1
5,Festo,18200,10P-10-4A-MP-R-Z-4M+GQCA,1
6,Festo,18200,10P-10-4C-AO-R-Y-4M+V,1
7,Festo,18200,10P-10-4C-MP-R-Y-4M-UL1+V,1
8,Festo,18200,10P-10-6A-MP-N-B-6J+THR,1
9,Festo,18200,10P-10-6A-MP-R-B-5ML+UK,1
10,Festo,18200,10P-10-8A-D1-N-Y-8C+GEGQCA,1
11,Festo,18200,10P-10-8A-D1-N-Z-8M+GCPA,1
12,Festo,18200,10P-10-8A-D1-N-Z-8M+GCPUA,1
13,Festo,18200,10P-10-8A-D1-R-V-6DLL+GC,1
14,Festo,18200,10P-10-8A-D1-R-Y-8C+GCGQCA,1
15,Festo,18200,10P-10-8A-D1-R-Y-8C+GEGQC,1
16,Festo,18200,10P-10-8A-D1-R-Y-8C+GEP,1
17,Festo,18200,10P-10-8A-D1-R-Z-8C+GCP,1
18,Festo,18200,10P-10-8A-D1-R-Z-8C+GEP,1
19,Festo,18200,10P-10-8A-D2-R-Y-8C+GEGQCNBA,1
20,Festo,18200,10P-10-8A-D2-R-Y-8C+GEGQCZND,1
21,Festo,18200,10P-10-8A-D2-R-Y-8M+GEGQCNBA,1
22,Festo,18200,10P-10-8A-FB-N-Z-8M+PA,1
23,Festo,18200,10P-10-8A-FB-N-Z-8M+PUA,1
24,Festo,18200,10P-10-8A-FB-R-Y-8C,1
25,Festo,18200,10P-10-8A-FB-R-Y-8C+GQCZ,1
26,Festo,18200,10P-10-8A-MP-R-B-6MLL+UK,1
27,Festo,18200,10P-10-8A-MP-R-U-8M,1
28,Festo,18200,10P-10-8A-MP-R-Y-8C+GQCZR,1
29,Festo,18200,10P-10-8A-MP-R-Y-8M+PTR,1
30,Festo,18200,10P-10-8C-MP-R-G-8C+MR,1
31,Festo,18200,10P-10-8C-MP-R-K-6MCC+MR,1
32,Festo,18210,10P-14-4A-MP-R-V-4M+ZU,1
33,Festo,18210,10P-14-4C-AO-R-Y-4M+PT,1
34,Festo,18210,10P-14-4C-AO-R-Y-MMLL+PT,1
35,Festo,18210,10P-14-4C-AO-V-Y-CTCL+PT,1
36,Festo,18210,10P-14-6A-MP-R-V-6M+ZU,1
37,Festo,18210,10P-14-6B-MP-N-V-6J+UY,1
38,Festo,18210,10P-14-6C-MP-N-A-6M+R,1
39,Festo,18210,10P-14-6C-MP-N-Y-MM3CL+VZ,1
40,Festo,18210,10P-14-6C-MP-N-Y-MM3CL+VZ-E,1
41,Festo,18210,10P-14-8A-MP-R-V-8M+ZU,1
42,Festo,18210,10P-14-8B-MP-N-V-8J+UY,1
43,Festo,18210,10P-14-8B-MP-N-Y-7JL+ZUY,1
44,Festo,18210,10P-14-8C-D1-R-V-8M+GC,1
45,Festo,18210,10P-14-8C-D1-R-Z-5CDTD+GC,1
46,Festo,18200,10P-14-8C-FB-N-Y-6JCC+M,1
47,Festo,18210,10P-14-8C-MP-R-G-4MT3M+VR,1
48,Festo,18220,10P-18-8C-MP-R-Z-8M,1
49,Festo,200285,16 x 32 SXN01,1
50,Festo,8096937,"19,3LL-3MR-5M-610-5555",1
51,Festo,2460470,2DGC-K-80-1500-GK,1
52,Festo,8096938,"30,3LL-5MR-5M-610-5555",1
53,Festo,539105,32E-MPM 32P-SGL-R-M3B-5ML,1
54,Festo,539105,32E-MPM-E+HD 32P-VGL-R-M6CU-24MS,1
55,Festo,539105,32E-MPM+HA 32P-XGK-R-MBU-GG,1
56,Festo,569926,34P-LK-ECD-UBBTUB3DTUDTUDTUDDTU4D-DLD11M,1
57,Festo,569926,34P-MS1-ECD-UBBTUBDTUDDTU8DU-DLD11M+DK,1
58,Festo,569926,34P-MS1-UDDNER-UKDRLDR10F-8MLL+HDD,1
59,Festo,569926,34P-MS2-U8C-8M+HDB,1
60,Festo,530411,50E-F11GBQS-D 32P-VGL-R-MPEB6AU-24JLL,1
61,Festo,530411,50E-F11GBQS-D 32P-XCD-R-MPEB4ABU-LJL13JLLJL,1
62,Festo,530411,50E-F13GCQS-D+N 32P-VGL-R-MAAU-8K,1
63,Festo,530411,50E-F13GEQS-D+N 32P-VGL-R-MAAU-8K,1
64,Festo,530411,50E-F14GBQS-D 32P-XCD-R-MPEB4ABU-LJL13JLLJL,1
65,Festo,530411,50E-F44GCQS-D-EX1E+N 32P-SGL-R-M3AU-9K3L,1
66,Festo,197330,50E-F44GCQST41-Z+HN,1
67,Festo,539217,51E-F33GCQPNMKBNMKBLKA-S+GSBA 44P-A-V-SME-3B-4JLL,1
68,Festo,539217,51E-F33GCQPNMKBNMKBLKA-S+GSBA 44P-A-V-SME-3B-4JLL,1
69,Festo,539217,51E-F33GCQPNMKBNMKBNMKBLKALKA-S+GSBA 44P-A-V-SME-3B-5JL,1
70,Festo,539217,51E-F33GCQPNMKBNMKBNMKBLKALKA-S+GSBA 44P-A-V-SME-3B-5JL,1
71,Festo,539217,51E-F33GCQPNMKBNMKBNMKBLKALKA-S+GSBA 44P-A-V-SME-3B-5JL,1
72,Festo,539217,51E-F33GCQPNMKBNMKBNMKBNMKBLKALKA-S+GSBA 44P-A-V-SME-5B-9JL,1
73,Festo,236412,63X1.3X9.9,1
74,Festo,666471,6X12X1-1.0715,1
75,Festo,525675,80P-10-1MH-PF-N-SLG-12M+CP,1
76,Festo,525675,80P-10-1MH-PF-N-SLG-16M+CP,1
77,Festo,1578084,Рем.компл. CRDSBF-63-260-PPVA-A3-SA,1
78,Festo,1582373,Рем.компл. CRDSBF-80-180-PPVA-A3-SA,1
79,Festo,572211,СMMS-ST-C8-7-G2,1
80,Festo,572211,СMMS-ST-C8-7-G2,1
81,Festo,151680,ABP-5-S,1
82,Festo,748129,ADN-100-...-Q,1
83,Festo,536372,ADN-100-130-A-P-A,1
84,Festo,536372,ADN-100-133-A-P-A,1
85,Festo,536372,ADN-100-133-A-PPS-A-R3,1
86,Festo,536375,ADN-100-15-A-P-A,1
87,Festo,536385,ADN-100-15-I-P-A,1
88,Festo,536372,ADN-100-15-I-P-A-S2,1
89,Festo,536376,ADN-100-20-A-P-A,1
90,Festo,536387,ADN-100-25-I-P-A,1
91,Festo,536372,ADN-100-30-I-P-A-S6,1
92,Festo,536389,ADN-100-40-I-P-A,1
93,Festo,536389,ADN-100-40-I-P-A,1
94,Festo,536372,ADN-100-70-A-P-A-Q-S20,1
95,Festo,673628,ADN-100-P-A,1
96,Festo,536214,ADN-12-20-I-P-A,1
97,Festo,536215,ADN-12-25-I-P-A,1
98,Festo,536216,ADN-12-30-I-P-A,1
99,Festo,536393,ADN-125-100-A-P-A,1
100,Festo,536393,ADN-125-110-A-P-A,1
101,Festo,536393,ADN-125-35-A-P-A,1
102,Festo,536393,ADN-125-50-A-P-A,1
103,Festo,536220,ADN-16-10-A-P-A,1
104,Festo,536218,ADN-16-10-A-P-A-S2,1
105,Festo,536218,ADN-16-10-A-P-A-S20,1
106,Festo,536227,ADN-16-10-I-P-A,1
107,Festo,536218,ADN-16-10-I-P-A-Q-S2,1
108,Festo,536218,ADN-16-10-I-P-A-S2,1
109,Festo,536221,ADN-16-15-A-P-A,1
110,Festo,536218,ADN-16-160-A-P-A,1
111,Festo,536222,ADN-16-20-A-P-A,1
112,Festo,536229,ADN-16-20-I-P-A,1
113,Festo,536223,ADN-16-25-A-P-A,1
114,Festo,536218,ADN-16-250-A-P-A,1
115,Festo,536218,ADN-16-250-A-P-A,1
116,Festo,536231,ADN-16-30-I-P-A,1
117,Festo,536218,ADN-16-5-I-P-A-S2,1
118,Festo,536218,ADN-16-80-A-P-A,1
119,Festo,536235,ADN-20-10-A-P-A,1
120,Festo,536233,ADN-20-10-A-P-A-S11,1
121,Festo,548214,ADN-20-10-ELH-A-P-A,1
122,Festo,548214,ADN-20-10-ELH-A-P-A,1
123,Festo,536243,ADN-20-10-I-P-A,1
124,Festo,536233,"ADN-20-10-I-P-A-""M5""K5",1
125,Festo,536233,ADN-20-100-A-P-A,1
126,Festo,536233,ADN-20-110-I-P-A,1
127,Festo,536233,ADN-20-125-A-P-A,1
128,Festo,536236,ADN-20-15-A-P-A,1
129,Festo,536236,ADN-20-15-A-P-A,1
130,Festo,548214,ADN-20-15-ELH-A-P-A,1
131,Festo,548214,ADN-20-15-ELH-A-P-A,1
132,Festo,536233,"ADN-20-15-I-P-A-S2-""M5""K5-S6",1
133,Festo,536237,ADN-20-20-A-P-A,1
134,Festo,536233,ADN-20-20-A-P-A-Q,1
135,Festo,536233,ADN-20-20-A-P-A-S20,1
136,Festo,536245,ADN-20-20-I-P-A,1
137,Festo,536238,ADN-20-25-A-P-A,1
138,Festo,536233,ADN-20-25-A-P-A-45K8,1
139,Festo,536233,ADN-20-25-I-P-A-S6,1
140,Festo,536239,ADN-20-30-A-P-A,1
141,Festo,578011,ADN-20-35-I-P-A,1
142,Festo,536240,ADN-20-40-A-P-A,1
143,Festo,536240,ADN-20-40-A-P-A,1
144,Festo,536234,ADN-20-5-A-P-A,1
145,Festo,536242,ADN-20-5-I-P-A,1
146,Festo,536233,"ADN-20-5-I-P-A-""M5""K5",1
147,Festo,536241,ADN-20-50-A-P-A,1
148,Festo,536233,ADN-20-55-I-P-A,1
149,Festo,536352,ADN-20-60-A-P-A,1
150,Festo,595275,ADN-20-70-A-P-A,1
151,Festo,536233,ADN-20-80-I-P-A-S2,1
152,Festo,536252,ADN-25-10-A-P-A,1
153,Festo,536252,ADN-25-10-A-P-A,1
154,Festo,536260,ADN-25-10-I-P-A,1
155,Festo,536250,ADN-25-10-I-P-A-S2,1
156,Festo,536250,ADN-25-15-A-P-A-Q-S2,1
157,Festo,536250,ADN-25-15-A-P-A-S2,1
158,Festo,536261,ADN-25-15-I-P-A,1
159,Festo,536250,ADN-25-15-I-P-A-S2,1
160,Festo,536250,ADN-25-155-A-PPS-A,1
161,Festo,536254,ADN-25-20-A-P-A,1
162,Festo,536250,"ADN-25-20-A-P-A-""M10X1,25""K5-5K8",1
163,Festo,536262,ADN-25-20-I-P-A,1
164,Festo,536250,ADN-25-20-I-P-A-S6,1
165,Festo,536255,ADN-25-25-A-P-A,1
166,Festo,536255,ADN-25-25-A-P-A,1
167,Festo,577185,ADN-25-25-A-PPS-A,1
168,Festo,536263,ADN-25-25-I-P-A,1
169,Festo,577177,ADN-25-25-I-PPS-A,1
170,Festo,536256,ADN-25-30-A-P-A,1
171,Festo,536250,ADN-25-30-A-P-A-Q-S20-10K8,1
172,Festo,536250,ADN-25-30-A-P-A-Q-S20-10K8,1
173,Festo,536250,ADN-25-30-I-P-A-TT,1
174,Festo,536250,ADN-25-35-I-P-A-S6,1
175,Festo,536257,ADN-25-40-A-P-A,1
176,Festo,536251,ADN-25-5-A-P-A,1
177,Festo,536250,ADN-25-5-A-P-A-S2,1
178,Festo,536250,ADN-25-5-A-P-A-S6,1
179,Festo,536259,ADN-25-5-I-P-A,1
180,Festo,536258,ADN-25-50-A-P-A,1
181,Festo,536266,ADN-25-50-I-P-A,1
182,Festo,536250,ADN-25-7-I-P-A-S2,1
183,Festo,536250,ADN-25-80-A-P-A-S2,1
184,Festo,536250,ADN-25-90-A-P-A,1
185,Festo,536250,ADN-25-95-A-P-A,1
186,Festo,701041,ADN-32-...-P-A-S6,1
187,Festo,536269,ADN-32-10-A-P-A,1
188,Festo,572655,ADN-32-10-A-PPS-A,1
189,Festo,536279,ADN-32-10-I-P-A,1
190,Festo,536267,ADN-32-10-I-P-A-S6,1
191,Festo,536267,ADN-32-10-I-P-A-S6-R3,1
192,Festo,536267,ADN-32-100-A-P-A,1
193,Festo,536267,ADN-32-100-A-P-A-K10-S6,1
194,Festo,536267,ADN-32-100-I-P-A,1
195,Festo,536267,ADN-32-110-A-P-A,1
196,Festo,536267,ADN-32-130-I-P-A-10K8,1
197,Festo,536270,ADN-32-15-A-P-A,1
198,Festo,536280,ADN-32-15-I-P-A,1
199,Festo,536280,ADN-32-15-I-P-A,1
200,Festo,536267,ADN-32-15-I-P-A-S2,1
201,Festo,536267,"ADN-32-15-I-P-A-S2-""M6""K5",1
202,Festo,536267,ADN-32-180-I-P-A,1
203,Festo,536271,ADN-32-20-A-P-A,1
204,Festo,536267,ADN-32-20-A-P-A-S20,1
205,Festo,572657,ADN-32-20-A-PPS-A,1
206,Festo,536281,ADN-32-20-I-P-A,1
207,Festo,536281,ADN-32-20-I-P-A,1
208,Festo,536267,ADN-32-220-I-P-A,1
209,Festo,536272,ADN-32-25-A-P-A,1
210,Festo,536267,"ADN-32-25-A-P-A-""M12""K5",1
211,Festo,536282,ADN-32-25-I-P-A,1
212,Festo,536267,"ADN-32-25-I-P-A-""M6""K5-11K8",1
213,Festo,536267,ADN-32-250-I-P-A-Q,1
214,Festo,536267,ADN-32-250-I-PPS-A,1
215,Festo,536273,ADN-32-30-A-P-A,1
216,Festo,536283,ADN-32-30-I-P-A,1
217,Festo,8179019,ADN-32-35-I-P-A,1
218,Festo,536274,ADN-32-40-A-P-A,1
219,Festo,572660,ADN-32-40-A-PPS-A,1
220,Festo,536284,ADN-32-40-I-P-A,1
221,Festo,536267,"ADN-32-40-I-P-A-""M6""K5",1
222,Festo,536267,ADN-32-45-A-P-A,1
223,Festo,536268,ADN-32-5-A-P-A,1
224,Festo,536278,ADN-32-5-I-P-A,1
225,Festo,536267,ADN-32-5-I-P-A-S2,1
226,Festo,536267,ADN-32-5-I-P-A-S2-S6,1
227,Festo,536267,ADN-32-5-I-PPS-A,1
228,Festo,536275,ADN-32-50-A-P-A,1
229,Festo,536285,ADN-32-50-I-P-A,1
230,Festo,536267,ADN-32-50-I-P-A-S2,1
231,Festo,536267,ADN-32-60-A-P-A-K10-S6,1
232,Festo,536286,ADN-32-60-I-P-A,1
233,Festo,536277,ADN-32-80-A-P-A,1
234,Festo,536267,ADN-32-80-A-P-A-S20,1
235,Festo,536287,ADN-32-80-I-P-A,1
236,Festo,673623,ADN-32-P-A,1
237,Festo,536300,ADN-40-10-I-P-A,1
238,Festo,536288,ADN-40-110-A-P-A,1
239,Festo,536288,ADN-40-125-A-P-A,1
240,Festo,536291,ADN-40-15-A-P-A,1
241,Festo,536301,ADN-40-15-I-P-A,1
242,Festo,536301,ADN-40-15-I-P-A,1
243,Festo,536288,ADN-40-15-I-P-A-S6,1
244,Festo,536292,ADN-40-20-A-P-A,1
245,Festo,572675,ADN-40-20-A-PPS-A,1
246,Festo,536302,ADN-40-20-I-P-A,1
247,Festo,536288,ADN-40-20-I-P-A-S2-S6,1
248,Festo,536293,ADN-40-25-A-P-A,1
249,Festo,536288,ADN-40-25-A-P-A-R3,1
250,Festo,536303,ADN-40-25-I-P-A,1
251,Festo,536288,ADN-40-25-I-P-A-S1,1
252,Festo,536294,ADN-40-30-A-P-A,1
253,Festo,536288,ADN-40-30-A-P-A-S2,1
254,Festo,536304,ADN-40-30-I-P-A,1
255,Festo,8179035,ADN-40-35-A-PPS-A,1
256,Festo,536295,ADN-40-40-A-P-A,1
257,Festo,536288,ADN-40-40-A-P-A-Q,1
258,Festo,536305,ADN-40-40-I-P-A,1
259,Festo,536288,ADN-40-45-I-PPS-A,1
260,Festo,536288,ADN-40-5-I-PPS-A,1
261,Festo,536296,ADN-40-50-A-P-A,1
262,Festo,536288,ADN-40-50-A-P-A-Q,1
263,Festo,536288,ADN-40-55-I-P-A,1
264,Festo,536297,ADN-40-60-A-P-A,1
265,Festo,536288,ADN-40-60-A-P-A-40K8,1
266,Festo,536288,ADN-40-60-A-P-A-Q,1
267,Festo,572680,ADN-40-60-A-PPS-A,1
268,Festo,548217,ADN-40-60-ELH-A-P-A,1
269,Festo,548217,ADN-40-60-ELH-A-P-A-40K8,1
270,Festo,536307,ADN-40-60-I-P-A,1
271,Festo,536298,ADN-40-80-A-P-A,1
272,Festo,536308,ADN-40-80-I-P-A,1
273,Festo,673624,ADN-40-P-A,1
274,Festo,536311,ADN-50-10-A-P-A,1
275,Festo,536309,"ADN-50-10-I-P-A-S2-""M8""K5-S6",1
276,Festo,536309,"ADN-50-125-A-P-A-""M16""K5",1
277,Festo,536312,ADN-50-15-A-P-A,1
278,Festo,572683,ADN-50-15-I-PPS-A,1
279,Festo,536313,ADN-50-20-A-P-A,1
280,Festo,536323,ADN-50-20-I-P-A,1
281,Festo,536314,ADN-50-25-A-P-A,1
282,Festo,536324,ADN-50-25-I-P-A,1
283,Festo,536309,ADN-50-25-I-P-A-S6,1
284,Festo,536309,ADN-50-255-A-P-A,1
285,Festo,536315,ADN-50-30-A-P-A,1
286,Festo,536309,ADN-50-30-A-P-A-10K2,1
287,Festo,8178619,ADN-50-35-I-P-A,1
288,Festo,536326,ADN-50-40-I-P-A,1
289,Festo,572687,ADN-50-40-I-PPS-A,1
290,Festo,536317,ADN-50-50-A-P-A,1
291,Festo,536327,ADN-50-50-I-P-A,1
292,Festo,536318,ADN-50-60-A-P-A,1
293,Festo,536309,ADN-50-60-I-P-A-S2,1
294,Festo,536309,ADN-50-75-I-P-A,1
295,Festo,536319,ADN-50-80-A-P-A,1
296,Festo,572699,ADN-50-80-A-PPS-A,1
297,Festo,536309,ADN-50-90-A-P-A,1
298,Festo,536309,ADN-50-90-I-P-A,1
299,Festo,673625,ADN-50-P-A,1
300,Festo,536332,ADN-63-10-A-P-A,1
301,Festo,536330,ADN-63-10-A-P-A-R3,1
302,Festo,536330,ADN-63-100-A-P-A,1
303,Festo,536330,ADN-63-100-I-P-A,1
304,Festo,536330,ADN-63-100-I-P-A,1
305,Festo,536330,ADN-63-120-A-P-A-Q,1
306,Festo,536330,ADN-63-125-A-P-A,1
307,Festo,536333,ADN-63-15-A-P-A,1
308,Festo,536343,ADN-63-15-I-P-A,1
309,Festo,536330,ADN-63-150-A-PPS-A,1
310,Festo,536330,ADN-63-160-A-P-A,1
311,Festo,536344,ADN-63-20-I-P-A,1
312,Festo,536335,ADN-63-25-A-P-A,1
313,Festo,536345,ADN-63-25-I-P-A,1
314,Festo,572703,ADN-63-25-I-PPS-A,1
315,Festo,536336,ADN-63-30-A-P-A,1
316,Festo,536337,ADN-63-40-A-P-A,1
317,Festo,572706,ADN-63-50-I-PPS-A,1
318,Festo,572716,ADN-63-60-A-PPS-A,1
319,Festo,572716,ADN-63-60-A-PPS-A,1
320,Festo,536340,ADN-63-80-A-P-A,1
321,Festo,673626,ADN-63-A-P-A,1
322,Festo,673626,ADN-63-P-A,1
323,Festo,673626,ADN-63-P-A,1
324,Festo,536363,ADN-80-10-I-P-A,1
325,Festo,536363,ADN-80-10-I-P-A,1
326,Festo,536351,ADN-80-10-I-P-A-S2,1
327,Festo,572729,ADN-80-20-A-PPS-A,1
328,Festo,536366,ADN-80-25-I-P-A,1
329,Festo,536351,ADN-80-28-A-P-A,1
330,Festo,536357,ADN-80-30-A-P-A,1
331,Festo,536367,ADN-80-30-I-P-A,1
332,Festo,536351,ADN-80-310-I-P-A,1
333,Festo,536351,ADN-80-5-A-P-A,1
334,Festo,536359,ADN-80-50-A-P-A,1
335,Festo,536369,ADN-80-50-I-P-A,1
336,Festo,536351,ADN-80-7-A-P-A,1
337,Festo,536351,ADN-80-90-A-P-A,1
338,Festo,536351,ADN-80-90-A-P-A-S6,1
339,Festo,673627,ADN-80-P-A,1
340,Festo,8080588,ADN-S-10-10-A,1
341,Festo,8080590,ADN-S-10-10-A-A,1
342,Festo,8080587,ADN-S-10-5-A-A,1
343,Festo,8091428,ADN-S-12-10-A-P,1
344,Festo,8091428,ADN-S-12-10-A-P,1
345,Festo,8091419,ADN-S-12-5-A-P,1
346,Festo,8076407,ADN-S-12-5-I-P,1
347,Festo,8076406,ADN-S-12-5-I-P-A,1
348,Festo,8076405,ADN-S-16-10-I-P,1
349,Festo,8076393,ADN-S-16-5-I-P,1
350,Festo,8076341,ADN-S-20-10-I-P,1
351,Festo,8076341,ADN-S-20-10-I-P,1
352,Festo,8076340,ADN-S-20-10-I-P-A,1
353,Festo,8076340,ADN-S-20-10-I-P-A,1
354,Festo,8091446,ADN-S-20-15-A-P-A,1
355,Festo,8076339,ADN-S-20-15-I-P,1
356,Festo,8076337,ADN-S-20-20-I-P,1
357,Festo,8076336,ADN-S-20-20-I-P-A,1
358,Festo,8091443,ADN-S-20-25-A-P,1
359,Festo,8076335,ADN-S-20-25-I-P,1
360,Festo,8076334,ADN-S-20-25-I-P-A,1
361,Festo,8076323,ADN-S-20-5-I-P,1
362,Festo,8092093,ADN-S-25-10-A-P-A,1
363,Festo,8076360,ADN-S-25-10-I-P-A,1
364,Festo,8076343,ADN-S-25-5-I-P,1
365,Festo,8091457,ADN-S-32-10-A-P-A,1
366,Festo,8076378,ADN-S-32-20-I-P,1
367,Festo,8076378,ADN-S-32-20-I-P,1
368,Festo,8076378,ADN-S-32-20-I-P,1
369,Festo,8076378,ADN-S-32-20-I-P,1
370,Festo,8091467,ADN-S-32-25-A-P,1
371,Festo,8076375,ADN-S-32-25-I-P-A,1
372,Festo,8076375,ADN-S-32-25-I-P-A,1
373,Festo,8076364,ADN-S-32-5-I-P,1
374,Festo,8076363,ADN-S-32-5-I-P-A,1
375,Festo,5138607,ADN-S-40-10-I-P-A,1
376,Festo,8092053,ADN-S-40-15-A-P-A,1
377,Festo,5138609,ADN-S-40-20-I-P-A,1
378,Festo,5138610,ADN-S-40-25-I-P-A,1
379,Festo,8092050,ADN-S-40-5-A-P-A,1
380,Festo,5138189,ADN-S-50-10-I-P-A,1
381,Festo,5138191,ADN-S-50-20-I-P-A,1
382,Festo,5138191,ADN-S-50-20-I-P-A,1
383,Festo,554287,ADNGF-100-15-P-A,1
384,Festo,554207,ADNGF-12-15-P-A,1
385,Festo,554207,ADNGF-12-15-P-A,1
386,Festo,554207,ADNGF-12-15-P-A,1
387,Festo,537123,ADNGF-12-200-P-A,1
388,Festo,537124,ADNGF-16-120-P-A,1
389,Festo,554214,ADNGF-16-15-P-A,1
390,Festo,554215,ADNGF-16-20-P-A,1
391,Festo,554218,ADNGF-16-40-P-A,1
392,Festo,554212,ADNGF-16-5-P-A,1
393,Festo,537124,ADNGF-16-80-P-A,1
394,Festo,554221,ADNGF-20-10-P-A,1
395,Festo,537125,ADNGF-20-110-P-A,1
396,Festo,554222,ADNGF-20-15-P-A,1
397,Festo,554223,ADNGF-20-20-P-A,1
398,Festo,554224,ADNGF-20-25-P-A,1
399,Festo,554225,ADNGF-20-30-P-A,1
400,Festo,554225,ADNGF-20-30-P-A,1
401,Festo,554220,ADNGF-20-5-P-A,1
402,Festo,554227,ADNGF-20-50-P-A,1
403,Festo,537125,ADNGF-20-55-P-A,1
404,Festo,537125,ADNGF-20-80-P-A,1
405,Festo,537125,ADNGF-20-80-P-A,1
406,Festo,554230,ADNGF-25-10-P-A,1
407,Festo,537126,ADNGF-25-100-P-A,1
408,Festo,554231,ADNGF-25-15-P-A,1
409,Festo,537126,ADNGF-25-160-P-A-S2,1
410,Festo,554232,ADNGF-25-20-P-A,1
411,Festo,537126,ADNGF-25-20-P-A-S6,1
412,Festo,554233,ADNGF-25-25-P-A,1
413,Festo,554234,ADNGF-25-30-P-A,1
414,Festo,554235,ADNGF-25-40-P-A,1
415,Festo,554229,ADNGF-25-5-P-A,1
416,Festo,537126,ADNGF-25-80-P-A,1
417,Festo,537126,ADNGF-25-80-PPS-A,1
418,Festo,537127,ADNGF-32-10-P-A-S2,1
419,Festo,537127,ADNGF-32-100-P-A,1
420,Festo,554240,ADNGF-32-15-P-A,1
421,Festo,554241,ADNGF-32-20-P-A,1
422,Festo,574024,ADNGF-32-20-PPS-A,1
423,Festo,554242,ADNGF-32-25-P-A,1
424,Festo,554245,ADNGF-32-50-P-A,1
425,Festo,554246,ADNGF-32-60-P-A,1
426,Festo,574030,ADNGF-32-80-PPS-A,1
427,Festo,554249,ADNGF-40-10-P-A,1
428,Festo,554252,ADNGF-40-25-P-A,1
429,Festo,574034,ADNGF-40-25-PPS-A,1
430,Festo,554254,ADNGF-40-40-P-A,1
431,Festo,554255,ADNGF-40-50-P-A,1
432,Festo,537128,ADNGF-40-50-P-A-S2,1
433,Festo,537129,ADNGF-50-15-P-A-S2,1
434,Festo,537129,ADNGF-50-25-P-A-S6,1
435,Festo,574046,ADNGF-50-50-PPS-A,1
436,Festo,537129,ADNGF-50-80-P-A-TL,1
437,Festo,554269,ADNGF-63-15-P-A,1
438,Festo,539691,ADNH-25-15-I-P-A-3N,1
439,Festo,539693,ADNH-63-20-A-P-A-2N,1
440,Festo,539695,ADNM-25-A-P-A-10Z1-20Z2,1
441,Festo,539696,ADNM-40-I-P-A-65Z1-85Z2,1
442,Festo,539697,ADNM-63-A-P-A-20Z1-30Z2,1
443,Festo,539697,ADNM-63-A-P-A-30Z1-60Z2,1
444,Festo,539697,ADNM-63-A-P-A-40Z1-69Z2,1
445,Festo,673697,ADVC- 32-A-P,1
446,Festo,673701,ADVC- 80-A-P,1
447,Festo,673697,ADVC-32-A-P,1
448,Festo,383563,ADVU- 32-A-P-A S6,1
449,Festo,156578,ADVU-100-15-P-A,1
450,Festo,156665,ADVU-100-20-A-P-A,1
451,Festo,156580,ADVU-100-25-P-A,1
452,Festo,156668,ADVU-100-40-A-P-A,1
453,Festo,156669,ADVU-100-50-A-P-A,1
454,Festo,156583,ADVU-100-50-P-A,1
455,Festo,156584,ADVU-100-60-P-A,1
456,Festo,156671,ADVU-100-80-A-P-A,1
457,Festo,156588,ADVU-12-15-A-P-A,1
458,Festo,156592,ADVU-12-40-A-P-A,1
459,Festo,175751,ADVU-125-15-P-A,1
460,Festo,175768,ADVU-125-50-A-P-A,1
461,Festo,175759,ADVU-125-95-P-A,1
462,Festo,758055,ADVU-125-A-PA:FR 03-2011,1
463,Festo,156594,ADVU-16-10-A-P-A,1
464,Festo,156508,ADVU-16-10-P-A,1
465,Festo,156508,ADVU-16-10-P-A,1
466,Festo,156001,ADVU-16-100-P-A,1
467,Festo,156595,ADVU-16-15-A-P-A,1
468,Festo,156509,ADVU-16-15-P-A,1
469,Festo,156596,ADVU-16-20-A-P-A,1
470,Festo,156598,ADVU-16-30-A-P-A,1
471,Festo,156599,ADVU-16-40-A-P-A,1
472,Festo,156041,ADVU-16-45-A-P-A,1
473,Festo,156593,ADVU-16-5-A-P-A,1
474,Festo,156507,ADVU-16-5-P-A,1
475,Festo,156041,ADVU-16-60-A-P-A,1
476,Festo,156041,ADVU-16-80-A-P-A,1
477,Festo,156041,ADVU-16-80-A-P-A,1
478,Festo,156515,ADVU-20-10-P-A,1
479,Festo,156516,ADVU-20-15-P-A,1
480,Festo,156603,ADVU-20-20-A-P-A,1
481,Festo,156517,ADVU-20-20-P-A,1
482,Festo,176842,ADVU-20-20-P-A-R3,1
483,Festo,156604,ADVU-20-25-A-P-A,1
484,Festo,156518,ADVU-20-25-P-A,1
485,Festo,156032,ADVU-20-25-P-A-S6 --New style --ADN-25-20-A-P-A-S6,1
486,Festo,156605,ADVU-20-30-A-P-A,1
487,Festo,156606,ADVU-20-40-A-P-A,1
488,Festo,156520,ADVU-20-40-P-A,1
489,Festo,156521,ADVU-20-50-P-A,1
490,Festo,156042,ADVU-20-60-A-P-A,1
491,Festo,156002,ADVU-20-60-P-A,1
492,Festo,156043,ADVU-25-05-A-P-A,1
493,Festo,156043,ADVU-25-05-A-P-A,1
494,Festo,156609,ADVU-25-10-A-P-A,1
495,Festo,156523,ADVU-25-10-P-A,1
496,Festo,156043,ADVU-25-100-A-P-A,1
497,Festo,156610,ADVU-25-15-A-P-A,1
498,Festo,156053,ADVU-25-15-A-P-A-S2,1
499,Festo,156524,ADVU-25-15-P-A,1
500,Festo,156013,ADVU-25-15-P-A-S2,1
501,Festo,176854,ADVU-25-20-A-P-A-R3,1
502,Festo,156093,ADVU-25-20-A-P-A-S6,1
503,Festo,156525,ADVU-25-20-P-A,1
504,Festo,156043,ADVU-25-25-A-P-A,1
505,Festo,156526,ADVU-25-25-P-A,1
506,Festo,156013,ADVU-25-35-P-A-S2,1
507,Festo,156528,ADVU-25-40-P-A,1
508,Festo,156043,ADVU-25-5-A-P-A,1
509,Festo,156053,ADVU-25-5-A-P-A-S2,1
510,Festo,156003,ADVU-25-5-P-A,1
511,Festo,156522,ADVU-25-5-P-A,1
512,Festo,156013,ADVU-25-5-P-A-S2,1
513,Festo,156615,ADVU-25-50-A-P-A,1
514,Festo,156529,ADVU-25-50-P-A,1
515,Festo,156531,ADVU-32-10-P-A,1
516,Festo,156014,ADVU-32-10-P-A-S2,1
517,Festo,156004,ADVU-32-125-P-A,1
518,Festo,156044,ADVU-32-140-A-P-A,1
519,Festo,156618,ADVU-32-15-A-P-A,1
520,Festo,156532,ADVU-32-15-P-A,1
521,Festo,156044,ADVU-32-150-A-P-A,1
522,Festo,156619,ADVU-32-20-A-P-A,1
523,Festo,156619,ADVU-32-20-A-P-A,1
524,Festo,156533,ADVU-32-20-P-A,1
525,Festo,156620,ADVU-32-25-A-P-A,1
526,Festo,156534,ADVU-32-25-P-A,1
527,Festo,156534,ADVU-32-25-P-A,1
528,Festo,156621,ADVU-32-30-A-P-A,1
529,Festo,156535,ADVU-32-30-P-A,1
530,Festo,156622,ADVU-32-40-A-P-A,1
531,Festo,156530,ADVU-32-5-P-A,1
532,Festo,156623,ADVU-32-50-A-P-A,1
533,Festo,156537,ADVU-32-50-P-A,1
534,Festo,156624,ADVU-32-60-A-P-A,1
535,Festo,156625,ADVU-32-80-A-P-A,1
536,Festo,156627,ADVU-40-10-A-P-A,1
537,Festo,156541,ADVU-40-10-P-A,1
538,Festo,156628,ADVU-40-15-A-P-A,1
539,Festo,156542,ADVU-40-15-P-A,1
540,Festo,156629,ADVU-40-20-A-P-A,1
541,Festo,156055,ADVU-40-20-A-P-A-S2,1
542,Festo,156543,ADVU-40-20-P-A,1
543,Festo,156630,ADVU-40-25-A-P-A,1
544,Festo,156630,ADVU-40-25-A-P-A,1
545,Festo,156544,ADVU-40-25-P-A,1
546,Festo,156631,ADVU-40-30-A-P-A,1
547,Festo,156545,ADVU-40-30-P-A,1
548,Festo,156632,ADVU-40-40-A-P-A,1
549,Festo,156632,ADVU-40-40-A-P-A,1
550,Festo,156546,ADVU-40-40-P-A,1
551,Festo,156626,ADVU-40-5-A-P-A,1
552,Festo,156633,ADVU-40-50-A-P-A,1
553,Festo,156547,ADVU-40-50-P-A,1
554,Festo,156634,ADVU-40-60-A-P-A,1
555,Festo,156045,ADVU-40-70-A-P-A,1
556,Festo,156635,ADVU-40-80-A-P-A,1
557,Festo,156549,ADVU-40-80-P-A,1
558,Festo,156015,ADVU-40-80-P-A-S2,1
559,Festo,156636,ADVU-50-10-A-P-A,1
560,Festo,156096,ADVU-50-10-A-P-A-S6,1
561,Festo,156550,ADVU-50-10-P-A,1
562,Festo,156046,ADVU-50-100-A-P-A,1
563,Festo,156006,ADVU-50-15-P-A,1
564,Festo,156639,ADVU-50-25-A-P-A,1
565,Festo,156553,ADVU-50-25-P-A,1
566,Festo,156036,ADVU-50-25-P-A-S6,1
567,Festo,156554,ADVU-50-30-P-A,1
568,Festo,156555,ADVU-50-40-P-A,1
569,Festo,156642,ADVU-50-50-A-P-A,1
570,Festo,156642,ADVU-50-50-A-P-A,1
571,Festo,176857,ADVU-50-50-A-P-A-R3,1
572,Festo,156556,ADVU-50-50-P-A,1
573,Festo,156643,ADVU-50-60-A-P-A,1
574,Festo,156644,ADVU-50-80-A-P-A,1
575,Festo,156559,ADVU-63-10-P-A,1
576,Festo,156047,ADVU-63-100-A-P-A,1
577,Festo,156646,ADVU-63-15-A-P-A,1
578,Festo,156561,ADVU-63-20-P-A,1
579,Festo,156562,ADVU-63-25-P-A,1
580,Festo,156563,ADVU-63-30-P-A,1
581,Festo,156650,ADVU-63-40-A-P-A,1
582,Festo,3035571,ADVU-63-45-P-CS,1
583,Festo,156565,ADVU-63-50-P-A,1
584,Festo,156652,ADVU-63-60-A-P-A,1
585,Festo,156653,ADVU-63-80-A-P-A,1
586,Festo,156567,ADVU-63-80-P-A,1
587,Festo,156655,ADVU-80-15-A-P-A,1
588,Festo,156571,ADVU-80-25-P-A,1
589,Festo,176848,ADVU-80-40-P-A-R3,1
590,Festo,156018,ADVU-80-50-P-A-S2,1
591,Festo,156575,ADVU-80-60-P-A,1
592,Festo,156098,ADVU-80-90-A-P-A-S6,1
593,Festo,121119,ADVU/AEVU- 32-A-PA,1
594,Festo,121119,ADVU/AEVU- 32-A-PA,1
595,Festo,121120,ADVU/AEVU- 40-A-PA,1
596,Festo,121121,ADVU/AEVU- 50-A-PA,1
597,Festo,121122,ADVU/AEVU- 63-A-PA,1
598,Festo,121123,ADVU/AEVU- 80-A-PA,1
599,Festo,121124,ADVU/AEVU-100-A-PA,1
600,Festo,121124,ADVU/AEVU-100-A-PA,1
601,Festo,121121,ADVU/AEVU-50-A-PA,1
602,Festo,121123,ADVU/AEVU-80-A-PA,1
603,Festo,156845,ADVUL-12-10-P-A,1
604,Festo,156846,ADVUL-12-15-P-A,1
605,Festo,156848,ADVUL-12-25-P-A,1
606,Festo,156200,ADVUL-12-50-P-A,1
607,Festo,156852,ADVUL-16-10-P-A,1
608,Festo,156854,ADVUL-16-20-P-A,1
609,Festo,156211,ADVUL-16-20-P-A-S6,1
610,Festo,156855,ADVUL-16-25-P-A,1
611,Festo,156859,ADVUL-20-10-P-A,1
612,Festo,156860,ADVUL-20-15-P-A,1
613,Festo,156860,ADVUL-20-15-P-A,1
614,Festo,156863,ADVUL-20-30-P-A,1
615,Festo,156858,ADVUL-20-5-P-A,1
616,Festo,156865,ADVUL-20-50-P-A,1
617,Festo,156202,ADVUL-20-80-P-A,1
618,Festo,156867,ADVUL-25-10-P-A,1
619,Festo,156868,ADVUL-25-15-P-A,1
620,Festo,156868,ADVUL-25-15-P-A,1
621,Festo,156203,ADVUL-25-160-P-A,1
622,Festo,156203,ADVUL-25-160-P-A,1
623,Festo,165092,ADVUL-25-160-P-A-S2,1
624,Festo,156869,ADVUL-25-20-P-A,1
625,Festo,156870,ADVUL-25-25-P-A,1
626,Festo,165092,ADVUL-25-30-P-A-S2,1
627,Festo,156873,ADVUL-25-50-P-A,1
628,Festo,156875,ADVUL-32-10-P-A,1
629,Festo,165093,ADVUL-32-10-P-A-S2,1
630,Festo,165093,ADVUL-32-10-P-A-S2,1
631,Festo,156876,ADVUL-32-15-P-A,1
632,Festo,156876,ADVUL-32-15-P-A,1
633,Festo,156877,ADVUL-32-20-P-A,1
634,Festo,156878,ADVUL-32-25-P-A,1
635,Festo,165093,ADVUL-32-35-P-A-S2,1
636,Festo,156880,ADVUL-32-40-P-A,1
637,Festo,156882,ADVUL-32-60-P-A,1
638,Festo,165093,ADVUL-32-60-P-A-S2,1
639,Festo,156883,ADVUL-32-80-P-A,1
640,Festo,156885,ADVUL-40-10-P-A,1
641,Festo,156888,ADVUL-40-25-P-A,1
642,Festo,156894,ADVUL-50-10-P-A,1
643,Festo,156895,ADVUL-50-15-P-A,1
644,Festo,165095,ADVUL-50-15-P-A-S2,1
645,Festo,156896,ADVUL-50-20-P-A,1
646,Festo,156206,ADVUL-50-200-P-A,1
647,Festo,156216,ADVUL-50-25-P-A-S6,1
648,Festo,156899,ADVUL-50-40-P-A,1
649,Festo,156206,ADVUL-50-5-P-A,1
650,Festo,156901,ADVUL-50-60-P-A,1
651,Festo,156905,ADVUL-63-20-P-A,1
652,Festo,156909,ADVUL-63-50-P-A,1
653,Festo,156169,ADVULQ-100-50-A-P-A-S20,1
654,Festo,156690,ADVULQ-20-25-P-A,1
655,Festo,536415,AEN-16-15-A-P-A-Z-Q,1
656,Festo,536415,AEN-16-2-I-P-A,1
657,Festo,536415,AEN-16-25-A-P-A-Q-5K2,1
658,Festo,536415,AEN-16-25-I-P-A,1
659,Festo,536416,AEN-20-10-I-P-A,1
660,Festo,536416,AEN-20-15-I-P-A,1
661,Festo,536416,AEN-20-25-A-P-A-Q,1
662,Festo,536416,"AEN-20-25-A-P-A-Q-""M10X1,25""K5",1
663,Festo,536417,AEN-25-10-A-P-A,1
664,Festo,536418,AEN-32-15-A-P-A,1
665,Festo,536418,AEN-32-25-A-P-A-Z,1
666,Festo,536418,AEN-32-5-I-P-A,1
667,Festo,536422,AEN-80-25-I-P-A,1
668,Festo,8080583,AEN-S-10-5-A,1
669,Festo,8076476,AEN-S-12-10-I-P,1
670,Festo,8076479,AEN-S-12-5-I-P,1
671,Festo,8076479,AEN-S-12-5-I-P,1
672,Festo,8076492,AEN-S-16-10-I-P,1
673,Festo,8076499,AEN-S-20-10-I-P,1
674,Festo,8076499,AEN-S-20-10-I-P,1
675,Festo,8076498,AEN-S-20-10-I-P-A,1
676,Festo,8076498,AEN-S-20-10-I-P-A,1
677,Festo,8076503,AEN-S-20-25-I-P,1
678,Festo,8076501,AEN-S-20-5-I-P,1
679,Festo,8076510,AEN-S-32-10-I-P,1
680,Festo,8076515,AEN-S-32-10-I-P-A,1
681,Festo,8076515,AEN-S-32-10-I-P-A,1
682,Festo,8076514,AEN-S-32-25-I-P,1
683,Festo,8076514,AEN-S-32-25-I-P,1
684,Festo,8076512,AEN-S-32-5-I-P,1
685,Festo,8076512,AEN-S-32-5-I-P,1
686,Festo,5149291,AEN-S-40-10-I-P-A,1
687,Festo,5137803,AEN-S-50-10-I-P-A,1
688,Festo,156231,AEVU-16-10-P-A-S2,1
689,Festo,156941,AEVU-20-10-P-A,1
690,Festo,156946,AEVU-25-10-P-A,1
691,Festo,157000,AEVU-32-25-A-P-A,1
692,Festo,156960,AEVU-50-10-P-A,1
693,Festo,157223,AEVUZ-25-15-P-A,1
694,Festo,157281,AEVUZ-40-25-A-P-A,1
695,Festo,157281,AEVUZ-40-25-A-P-A,1
696,Festo,157284,AEVUZ-50-20-A-P-A,1
697,Festo,157651,AHB-MD/MF/MV,1
698,Festo,157601,AHB-MEB,1
699,Festo,1206623,AMTE-M-H-G14,1
700,Festo,1206622,AMTE-M-H-G18,1
701,Festo,1206622,AMTE-M-H-G18,1
702,Festo,1206624,AMTE-M-H-G38,1
703,Festo,1206621,AMTE-M-H-M5,1
704,Festo,1205865,AMTE-M-LH-G1,1
705,Festo,1205863,AMTE-M-LH-G12,1
706,Festo,1205861,AMTE-M-LH-G14,1
707,Festo,1205860,AMTE-M-LH-G18,1
708,Festo,1205860,AMTE-M-LH-G18,1
709,Festo,1205860,AMTE-M-LH-G18（20个起订）,1
710,Festo,1205864,AMTE-M-LH-G34,1
711,Festo,1205862,AMTE-M-LH-G38,1
712,Festo,1205858,AMTE-M-LH-M5,1
713,Festo,1206990,AMTE-M-LH-N14,1
714,Festo,1206990,AMTE-M-LH-N14,1
715,Festo,1206989,AMTE-M-LH-N18,1
716,Festo,536264,AND-25-30-I-P-A-TT,1
717,Festo,333031,"ARA-16-X0067,5-A1B 250",1
718,Festo,5137803,AV-50-10-C New style AEN-S-50-10-I-P-A,1
719,Festo,3571,B-1/2,1
720,Festo,3569,B-1/4,1
721,Festo,3568,B-1/8,1
722,Festo,237417,B-15X1-N-NBR70,1
723,Festo,3570,B-3/8,1
724,Festo,174309,B-M7,1
725,Festo,572908,BCPE10-3X2/2-22-SA,1
726,Festo,1180948,BUB-HGPD-20,1
727,Festo,105292,C-5/2-1/2,1
728,Festo,1501330,CAMC-G-S1,1
729,Festo,547450,CAMC-PB,1
730,Festo,543305,CDC-20-20-A-P,1
731,Festo,543306,CDC-25-40-A-P,1
732,Festo,543307,CDC-32-10-I-P-A-R,1
733,Festo,543307,"CDC-32-10-I-P-A-R-""M6""K5",1
734,Festo,543308,CDC-40-30-I-P-A-R-S2,1
735,Festo,543310,CDC-63-30-I-P-A-R-S2,1
736,Festo,8155213,CDPX-X-B-W-4,1
737,Festo,534434,CDSV5.0-AS-1/8,1
738,Festo,196661,CDVI5.0-MT2H-2X3GLS,1
739,Festo,196651,CDVI5.0-MT2H-5/3GS,1
740,Festo,196659,CDVI5.0-MT2H-5JS,1
741,Festo,196657,CDVI5.0-MT2H-5LS,1
742,Festo,196657,CDVI5.0-MT2H-5LS,1
743,Festo,574415,CECC-D,1
744,Festo,574415,CECC-D,1
745,Festo,6228,CJM-5/2-1/2-FH,1
746,Festo,2030,CK-1/4-PK-6,1
747,Festo,6254,CK-1/8-PK-4-KU,1
748,Festo,6255,CK-1/8-PK-6-KU,1
749,Festo,3562,CK-M5-PK-4,1
750,Festo,5960,CM-5/2-1/4-CH,1
751,Festo,1622901,CMMP-AS-C2-3A-M0,1
752,Festo,1622902,CMMP-AS-C5-3A-M0,1
753,Festo,1501326,CMMP-AS-C5-3A-M3,1
754,Festo,572986,CMMS-AS-C4-3A-G2,1
755,Festo,8143169,CMMT-AS-C12-11A-P3-MP-S1,1
756,Festo,5340819,CMMT-AS-C2-3A-EC-S1,1
757,Festo,8143163,CMMT-AS-C2-3A-MP-S1,1
758,Festo,8143164,CMMT-AS-C4-3A-MP-S1,1
759,Festo,8163946,CMMT-ST-C8-1C-MP-S0,1
760,Festo,3929312,CMSX-P-S-C-U-F1-D-130-A,1
761,Festo,3929313,CMSX-P-S-C-U-F1-D-50-A,1
762,Festo,3929370,CMSX-P-S-C-U-F1-S-50-A,1
763,Festo,3929540,CMSX-P-SE-C-U-F1-D-130-C,1
764,Festo,8168593,CMXL-ST6-NE-C4-1-MP,1
765,Festo,538788,CP-E08-M8-CL,1
766,Festo,175561,CP-E16-M12X2-5POL,1
767,Festo,18205,CP-E16-M8,1
768,Festo,196845,CPE10-M1BH-3GL-M5,1
769,Festo,196915,CPE10-M1BH-3GL-M7,1
770,Festo,196915,CPE10-M1BH-3GL-M7,1
771,Festo,196846,CPE10-M1BH-3GL-QS-4,1
772,Festo,196847,CPE10-M1BH-3GL-QS-6,1
773,Festo,196916,CPE10-M1BH-3GLS-M7,1
774,Festo,196849,CPE10-M1BH-3GLS-QS-4,1
775,Festo,533161,CPE10-M1BH-5/3E-M5-B,1
776,Festo,533153,CPE10-M1BH-5/3G-QS6-B,1
777,Festo,196925,CPE10-M1BH-5J-M7,1
778,Festo,196925,CPE10-M1BH-5J-M7,1
779,Festo,196881,CPE10-M1BH-5L-M5,1
780,Festo,196927,CPE10-M1BH-5L-M7,1
781,Festo,196882,CPE10-M1BH-5L-QS-4,1
782,Festo,196883,CPE10-M1BH-5L-QS-6,1
783,Festo,550223,CPE10-M1CH-5L-M7,1
784,Festo,550223,CPE10-M1CH-5L-M7,1
785,Festo,196929,CPE14-M1BH-3GL-1/8,1
786,Festo,196887,CPE14-M1BH-3GL-QS-6,1
787,Festo,196931,CPE14-M1BH-3OL-1/8,1
788,Festo,196933,CPE14-M1BH-5/3B-1/8,1
789,Festo,196935,CPE14-M1BH-5/3E-1/8,1
790,Festo,196935,CPE14-M1BH-5/3E-1/8,1
791,Festo,196899,CPE14-M1BH-5/3E-QS-6,1
792,Festo,196936,CPE14-M1BH-5/3ES-1/8,1
793,Festo,196937,CPE14-M1BH-5/3G-1/8,1
794,Festo,196938,CPE14-M1BH-5/3GS-1/8,1
795,Festo,196939,CPE14-M1BH-5J-1/8,1
796,Festo,196907,CPE14-M1BH-5J-QS-6,1
797,Festo,196940,CPE14-M1BH-5JS-1/8,1
798,Festo,196941,CPE14-M1BH-5L-1/8,1
799,Festo,196911,CPE14-M1BH-5L-QS-6,1
800,Festo,196942,CPE14-M1BH-5LS-1/8,1
801,Festo,550247,CPE14-M1CH-3GL-1/8,1
802,Festo,550241,CPE14-M1CH-5/3G-1/8,1
803,Festo,550237,CPE14-M1CH-5L-1/8,1
804,Festo,164965,CPE14-PRSG-2,1
805,Festo,163141,CPE18-M1H-3GL-1/4,1
806,Festo,163145,CPE18-M1H-3GLS-1/4,1
807,Festo,163140,CPE18-M1H-3OL-1/4,1
808,Festo,163140,CPE18-M1H-3OL-1/4,1
809,Festo,170251,CPE18-M1H-5/3B-1/4,1
810,Festo,170263,CPE18-M1H-5/3B-QS-10,1
811,Festo,170257,CPE18-M1H-5/3B-QS-8,1
812,Festo,170249,CPE18-M1H-5/3E-1/4,1
813,Festo,170247,CPE18-M1H-5/3G-1/4,1
814,Festo,170248,CPE18-M1H-5/3GS-1/4,1
815,Festo,163143,CPE18-M1H-5J-1/4,1
816,Festo,163159,CPE18-M1H-5J-QS-10,1
817,Festo,163147,CPE18-M1H-5JS-1/4,1
818,Festo,163142,CPE18-M1H-5L-1/4,1
819,Festo,163158,CPE18-M1H-5L-QS-10,1
820,Festo,163150,CPE18-M1H-5L-QS-8,1
821,Festo,163146,CPE18-M1H-5LS-1/4,1
822,Festo,170293,CPE18-M2H-5/3B-QS-8,1
823,Festo,163785,CPE18-M3H-3GL-1/4,1
824,Festo,163789,CPE18-M3H-3GLS-1/4,1
825,Festo,163786,CPE18-M3H-5L-1/4,1
826,Festo,163165,CPE24-M1H-3GL-3/8,1
827,Festo,163165,CPE24-M1H-3GL-3/8,1
828,Festo,163169,CPE24-M1H-3GLS-3/8,1
829,Festo,163169,CPE24-M1H-3GLS-3/8,1
830,Festo,163164,CPE24-M1H-3OL-3/8,1
831,Festo,163168,CPE24-M1H-3OLS-3/8,1
832,Festo,170270,CPE24-M1H-5/3BS-3/8,1
833,Festo,170267,CPE24-M1H-5/3E-3/8,1
834,Festo,170265,CPE24-M1H-5/3G-3/8,1
835,Festo,170266,CPE24-M1H-5/3GS-3/8,1
836,Festo,163167,CPE24-M1H-5J-3/8,1
837,Festo,163171,CPE24-M1H-5JS-3/8,1
838,Festo,163166,CPE24-M1H-5L-3/8,1
839,Festo,163170,CPE24-M1H-5LS-3/8,1
840,Festo,163835,CPE24-M3H-5J-3/8,1
841,Festo,354104,CPV10,1
842,Festo,354105,CPV10,1
843,Festo,1210122,CPV10 3/2,1
844,Festo,1214064,CPV10 5/2LJ,1
845,Festo,1214064,CPV10 5/2LJ,1
846,Festo,184141,CPV10-BS-2XGRAZ-M7,1
847,Festo,176055,CPV10-BS-5/3G-M7,1
848,Festo,161374,CPV10-EPL-E,1
849,Festo,161372,CPV10-EPL-PG,1
850,Festo,161375,CPV10-EPR-E,1
851,Festo,161373,CPV10-EPR-PG,1
852,Festo,161377,CPV10-ERR-G,1
853,Festo,161377,CPV10-ERR-G,1
854,Festo,18259,CPV10-GE-ASI-4-Z,1
855,Festo,552559,CPV10-GE-ASI-4E4A-Z-M8-CE,1
856,Festo,552560,CPV10-GE-ASI-8E8A-Z-M8-CE,1
857,Festo,165809,CPV10-GE-DI01-8,1
858,Festo,546188,CPV10-GE-DI02-8,1
859,Festo,18252,CPV10-GE-FB-8,1
860,Festo,18252,CPV10-GE-FB-8,1
861,Festo,18253,CPV10-GE-MP-4,1
862,Festo,18253,CPV10-GE-MP-4,1
863,Festo,18255,CPV10-GE-MP-8,1
864,Festo,161416,CPV10-M1H-2X3-GLS-M7,1
865,Festo,161417,CPV10-M1H-2X3-OLS-M7,1
866,Festo,161415,CPV10-M1H-5JS-M7,1
867,Festo,161415,CPV10-M1H-5JS-M7,1
868,Festo,161414,CPV10-M1H-5LS-M7,1
869,Festo,185865,CPV10-M1H-VI70-2GLS-M7,1
870,Festo,161368,CPV10-RZP,1
871,Festo,547051,CPV10-VI-P.M7-150,1
872,Festo,163893,CPV10-VI-P8-M7,1
873,Festo,538810,CPV10-VI-P8-M7-C,1
874,Festo,354114,CPV14,1
875,Festo,354115,CPV14,1
876,Festo,8157766,CPV14 5/2LJ,1
877,Festo,3986241,CPV14-5/2LJ,1
878,Festo,176057,CPV14-BS-5/3G-1/8,1
879,Festo,162551,CPV14-DZP,1
880,Festo,162544,CPV14-EPL-E,1
881,Festo,162546,CPV14-EPL-G,1
882,Festo,162542,CPV14-EPL-PG,1
883,Festo,162549,CPV14-EPR,1
884,Festo,162547,CPV14-EPR-G,1
885,Festo,162543,CPV14-EPR-PG,1
886,Festo,175734,CPV14-GE-ASI-4E4A- M8,1
887,Festo,170539,CPV14-GE-ASI-4E4A-Z M8,1
888,Festo,552561,CPV14-GE-ASI-4E4A-Z-M8-CE,1
889,Festo,552562,CPV14-GE-ASI-8E8A-Z-M8-CE,1
890,Festo,165811,CPV14-GE-DI01-8,1
891,Festo,546190,CPV14-GE-DI02-8,1
892,Festo,18262,CPV14-GE-FB-8,1
893,Festo,18263,CPV14-GE-MP-4,1
894,Festo,18265,CPV14-GE-MP-8,1
895,Festo,187846,CPV14-M1H-2OLS-2GLS-1/8,1
896,Festo,185883,CPV14-M1H-2X2-GLS-1/8,1
897,Festo,161362,CPV14-M1H-2X3-GLS-1/8,1
898,Festo,161363,CPV14-M1H-2X3-OLS-1/8,1
899,Festo,161361,CPV14-M1H-5JS-1/8,1
900,Festo,161360,CPV14-M1H-5LS-1/8,1
901,Festo,161360,CPV14-M1H-5LS-1/8,1
902,Festo,162550,CPV14-RZP,1
903,Festo,18210,CPV14-VI 10P-14-8A-D1-R-Y-8M+GCM,1
904,Festo,18210,CPV14-VI-10P-14-8A-D1-R-Y-8M+GCM,1
905,Festo,152426,CPV14-VI-P6-1/8-B,1
906,Festo,539501,CPV14-VI-P8-1/8-C,1
907,Festo,162555,CPV14-ZA-8,1
908,Festo,124731,CPV18,1
909,Festo,192939,CPV18-EPL-EU,1
910,Festo,163199,CPV18-EPR-G,1
911,Festo,18208,CPV18-GE-MP-6,1
912,Festo,18209,CPV18-GE-MP-8,1
913,Festo,526204,CPV18-HS,1
914,Festo,185886,CPV18-M1H-2X2-GLS-1/4,1
915,Festo,163189,CPV18-M1H-2X3-GLS-1/4,1
916,Festo,176061,CPV18-M1H-5/3GS-1/4,1
917,Festo,163191,CPV18-M1H-5JS-1/4,1
918,Festo,163190,CPV18-M1H-5LS-1/4,1
919,Festo,163291,CPV18-VI-BG-NRH,1
920,Festo,163299,CPV18-VI-BZ-T-8,1
921,Festo,360608,CPV18-VI-P.-1/4,1
922,Festo,163290,CPV18-ZA-8,1
923,Festo,526168,CPX-2AE-U-I,1
924,Festo,195752,CPX-4DE,1
925,Festo,195750,CPX-8DE,1
926,Festo,526257,CPX-8DE-8DA,1
927,Festo,195704,CPX-AB-4-M12X2-5POL,1
928,Festo,541254,CPX-AB-4-M12X2-5POL-R,1
929,Festo,195706,CPX-AB-8-M8-3POL,1
930,Festo,548757,CPX-AK-P,1
931,Festo,548757,CPX-AK-P,1
932,Festo,8086606,CPX-AP-I-4AI-U-I-RTD-M12,1
933,Festo,8086606,CPX-AP-I-4AI-U-I-RTD-M12,1
934,Festo,8086601,CPX-AP-I-4DI4DO-M8-3P,1
935,Festo,8086600,CPX-AP-I-8DI-M8-3P,1
936,Festo,8086609,CPX-AP-I-EC-M12,1
937,Festo,8086607,CPX-AP-I-PN-M12,1
938,Festo,548932,CPX-CMAX-C1-1,1
939,Festo,526705,CPX-CP-4-FB,1
940,Festo,526705,CPX-CP-4-FB,1
941,Festo,4080492,CPX-E-16DI,1
942,Festo,4827505,CPX-E-1CI,1
943,Festo,4080491,CPX-E-8DO,1
944,Festo,5226780,CPX-E-CEC-C1,1
945,Festo,5266781,CPX-E-CEC-M1,1
946,Festo,4080498,CPX-E-EC,1
947,Festo,4080497,CPX-E-PN,1
948,Festo,195740,CPX-FB13,1
949,Festo,195740,CPX-FB13,1
950,Festo,548755,CPX-FB33,1
951,Festo,1912451,CPX-FB36,1
952,Festo,1912451,CPX-FB36,1
953,Festo,8110369,CPX-FB43,1
954,Festo,195746,CPX-GE-EV-S,1
955,Festo,549367,CPX-M-AB-4-M12X2-5POL,1
956,Festo,549335,CPX-M-AB-8-M12X2-5POL,1
957,Festo,550217,CPX-M-BG-RW-2X,1
958,Festo,2721419,CPX-M-BG-VT-2X,1
959,Festo,550212,CPX-M-EPL-EV,1
960,Festo,550212,CPX-M-EPL-EV,1
961,Festo,550206,CPX-M-GE-EV,1
962,Festo,550206,CPX-M-GE-EV,1
963,Festo,550208,CPX-M-GE-EV-S-7/8-5POL,1
964,Festo,194589,CQ-1-28H,1
965,Festo,177684,CQ-1/2-15,1
966,Festo,177708,CQ-1/2-15H,1
967,Festo,194586,CQ-28,1
968,Festo,196231,CQ-28H-22,1
969,Festo,177711,CQ-3/4-22H,1
970,Festo,177692,CQL-15,1
971,Festo,194587,CQL-28,1
972,Festo,177688,CQT-15,1
973,Festo,177700,CQT-22-15,1
974,Festo,194588,CQT-28,1
975,Festo,13973,CRCN-1/4-PK-6,1
976,Festo,13971,CRCN-1/8-PK-6,1
977,Festo,665271,CRDNG- 50-...-PPV-A-S6,1
978,Festo,665273,CRDNG- 80-...-PPV-A-S6,1
979,Festo,665234,CRDNG-125-PPV-A,1
980,Festo,160885,CRDNG-40-10-PPV-A,1
981,Festo,160885,CRDNG-40-40-PPV-A,1
982,Festo,160886,CRDNG-50-125-PPV-A,1
983,Festo,160886,CRDNG-50-160-PPV-A,1
984,Festo,160886,CRDNG-50-200-PPV-A,1
985,Festo,160886,CRDNG-50-30-PPV-A,1
986,Festo,160886,CRDNG-50-600-PPV-A,1
987,Festo,160887,CRDNG-63-100-PPV-A,1
988,Festo,160887,CRDNG-63-140-PPV-A,1
989,Festo,160887,CRDNG-63-25-PPV-A,1
990,Festo,160887,CRDNG-63-75-PPV-A,1
991,Festo,364444,CRDNG-80,1
992,Festo,185297,CRDNG-80-160-PPV-A-S6,1
993,Festo,160888,CRDNG-80-250-PPV-A,1
994,Festo,125714,CRDNGS- 40-PPV-A,1
995,Festo,125715,CRDNGS- 50-PPV-A,1
996,Festo,125716,CRDNGS- 63-PPV-A,1
997,Festo,125717,CRDNGS- 80-PPV-A,1
998,Festo,160891,CRDNGS-40-250-PPV-A,1
999,Festo,160891,CRDNGS-40-40-PPV-A,1
1000,Festo,665272,CRDNGS-63-...-PPV-A-S6,1
1001,Festo,160893,CRDNGS-63-250-PPV-A,1
1002,Festo,160893,CRDNGS-63-300-PPV-A,1
1003,Festo,160894,CRDNGS-80-200-PPV-A,1
1004,Festo,1578084,CRDSBF-63-260-PPVA-A3-SA,1
1005,Festo,1582373,CRDSBF-80-180-PPVA-A3-SA,1
1006,Festo,8152524,CRDSNU-12-10-P-A,1
1007,Festo,8152527,CRDSNU-12-50-P-A,1
1008,Festo,8152528,CRDSNU-12-80-P-A,1
1009,Festo,8152548,CRDSNU-16-10-P-A,1
1010,Festo,8152551,CRDSNU-16-25-P-A,1
1011,Festo,8152560,CRDSNU-20-25-P-A,1
1012,Festo,552789,CRDSNU-20-280-P-A,1
1013,Festo,8152627,CRDSNU-25-10-P-A,1
1014,Festo,552790,CRDSNU-25-125-P-A,1
1015,Festo,552790,CRDSNU-25-125-PPS-A-MG-A1,1
1016,Festo,552790,CRDSNU-25-15-PPV-A-S2-S6,1
1017,Festo,552790,CRDSNU-25-150-P-A,1
1018,Festo,552790,CRDSNU-25-170-PPS-A-MQ-A1,1
1019,Festo,8152629,CRDSNU-25-20-P-A,1
1020,Festo,8152630,CRDSNU-25-25-P-A,1
1021,Festo,552790,CRDSNU-25-25-PPV-A,1
1022,Festo,8152631,CRDSNU-25-40-P-A,1
1023,Festo,8152632,CRDSNU-25-50-P-A,1
1024,Festo,552790,CRDSNU-25-60-PPV-A,1
1025,Festo,721254,CRDSNU-32,1
1026,Festo,552791,CRDSNU-32-130-P-A,1
1027,Festo,552791,CRDSNU-32-15-PPS-A-MG,1
1028,Festo,552791,CRDSNU-32-200-P-A-MQ,1
1029,Festo,8152640,CRDSNU-32-50-P-A,1
1030,Festo,8152640,CRDSNU-32-50-P-A,1
1031,Festo,552791,CRDSNU-32-50-PPV-A,1
1032,Festo,552791,CRDSNU-32-60-PPS-A-MG,1
1033,Festo,552792,CRDSNU-40-25-P-A-S2,1
1034,Festo,552793,CRDSNU-50-150-P-A,1
1035,Festo,552793,CRDSNU-50-65-PPS-A,1
1036,Festo,552794,CRDSNU-63-160-PPV-A,1
1037,Festo,2159639,CRDSNU-B-25-50-PPS-A-MG-A1,1
1038,Festo,2176401,CRDSNU-B-32-40-PPS-A-MG-A1,1
1039,Festo,161849,CRFNG-63,1
1040,Festo,161405,CRGRLA-1/4-B,1
1041,Festo,161404,CRGRLA-1/8-B,1
1042,Festo,665186,CRHD- 32-PPV-A,1
1043,Festo,665192,CRHD- 32-PPV-A-S6,1
1044,Festo,665187,CRHD- 40-PPV-A,1
1045,Festo,665188,CRHD- 50-PPV-A,1
1046,Festo,195512,CRHD-100-500-PPV-A-MQ,1
1047,Festo,195507,CRHD-32-10-PPV-A-MQ,1
1048,Festo,195513,CRHD-32-100-PPV-A-MC,1
1049,Festo,195513,CRHD-32-15-PPV-A-MC,1
1050,Festo,195543,CRHD-32-25-PPV-A-MQ-S6,1
1051,Festo,195508,CRHD-40-130-PPV-A-MQ,1
1052,Festo,195520,CRHD-40-150-PPV-A-MS,1
1053,Festo,195508,CRHD-40-30-PPV-A-MQ,1
1054,Festo,665187,CRHD-40-PPV-A,1
1055,Festo,195515,CRHD-50-100-PPV-A-MC,1
1056,Festo,195509,CRHD-50-600-PPV-A-MQ,1
1057,Festo,195509,CRHD-50-600-PPV-A-MQ,1
1058,Festo,195516,CRHD-63-100-PPV-A-MC,1
1059,Festo,195558,CRHD-63-300-PPV-A-MS-S6,1
1060,Festo,195517,CRHD-80-200-PPV-A-MC,1
1061,Festo,195517,CRHD-80-200-PPV-A-MC,1
1062,Festo,161862,CRLBN-12/16,1
1063,Festo,161863,CRLBN-20/25,1
1064,Festo,197320,CRLMC-32,1
1065,Festo,161840,CRLNG-32,1
1066,Festo,161841,CRLNG-40,1
1067,Festo,161842,CRLNG-50,1
1068,Festo,161843,CRLNG-63,1
1069,Festo,162868,CRQS-1/2-12,1
1070,Festo,162865,CRQS-1/4-10,1
1071,Festo,132644,CRQS-1/4-6,1
1072,Festo,162864,CRQS-1/4-8,1
1073,Festo,132643,CRQS-1/8-4,1
1074,Festo,162862,CRQS-1/8-6,1
1075,Festo,162862,CRQS-1/8-6,1
1076,Festo,162863,CRQS-1/8-8,1
1077,Festo,130648,CRQS-10,1
1078,Festo,130648,CRQS-10,1
1079,Festo,130653,CRQS-10-8,1
1080,Festo,162866,CRQS-3/8-10,1
1081,Festo,130646,CRQS-6,1
1082,Festo,130647,CRQS-8,1
1083,Festo,130647,CRQS-8,1
1084,Festo,130652,CRQS-8-6,1
1085,Festo,132599,CRQSL-1/4-6,1
1086,Festo,162874,CRQSL-1/4-8,1
1087,Festo,132598,CRQSL-1/8-4,1
1088,Festo,162872,CRQSL-1/8-6,1
1089,Festo,162872,CRQSL-1/8-6,1
1090,Festo,130665,CRQSL-10,1
1091,Festo,130667,CRQSL-16,1
1092,Festo,162877,CRQSL-3/8-12,1
1093,Festo,130663,CRQSL-6,1
1094,Festo,130664,CRQSL-8,1
1095,Festo,164202,CRQST-1/8-6,1
1096,Festo,164202,CRQST-1/8-6,1
1097,Festo,130671,CRQST-10,1
1098,Festo,130669,CRQST-6,1
1099,Festo,130670,CRQST-8,1
1100,Festo,8085728,CRQSY-16替代NPQR-Y-Q16-E,1
1101,Festo,130657,CRQSY-6,1
1102,Festo,13569,"CRSG-M10X1,25",1
1103,Festo,13570,"CRSG-M12X1,25",1
1104,Festo,13571,"CRSG-M16X1,5",1
1105,Festo,13572,"CRSG-M20X1,5",1
1106,Festo,185361,CRSG-M27X2,1
1107,Festo,13568,CRSG-M8,1
1108,Festo,195582,"CRSGS-M10X1,25",1
1109,Festo,195582,"CRSGS-M10X1,25",1
1110,Festo,195583,"CRSGS-M12X1,25",1
1111,Festo,195584,"CRSGS-M16X1,5",1
1112,Festo,195585,"CRSGS-M20X1,5",1
1113,Festo,195586,CRSGS-M27X2,1
1114,Festo,195580,CRSGS-M6,1
1115,Festo,195581,CRSGS-M8,1
1116,Festo,164584,CRSMBR-25,1
1117,Festo,161775,CRSMEO-4-K-LED-24,1
1118,Festo,574383,"CRSMT-8M-PS-24V-K-0,3-M8D-EX2",1
1119,Festo,574381,"CRSMT-8M-PS-24V-K-10,0-OE",1
1120,Festo,574381,"CRSMT-8M-PS-24V-K-10,0-OE-EX2",1
1121,Festo,574380,"CRSMT-8M-PS-24V-K-5,0-OE-EX2",1
1122,Festo,2895922,CRSNCS-50,1
1123,Festo,160233,CRVZS-0.1,1
1124,Festo,160234,CRVZS-0.4,1
1125,Festo,160237,CRVZS-10,1
1126,Festo,534845,CRVZS-20,1
1127,Festo,192159,CRVZS-5,1
1128,Festo,161854,CRZNG-50,1
1129,Festo,572556,CTEU-EC,1
1130,Festo,572556,CTEU-EC,1
1131,Festo,2798071,CTEU-EP,1
1132,Festo,570040,CTEU-PB,1
1133,Festo,2201471,CTEU-PN,1
1134,Festo,1387363,CTSL-D-16E-M8-3,1
1135,Festo,553429,DADB-S1-25-S201-250,1
1136,Festo,553505,DADB-S1-63-S126-175,1
1137,Festo,553507,DADB-S1-63-S176-250,1
1138,Festo,553271,DADB-V6-32-S10-50,1
1139,Festo,553275,DADB-V6-32-S126-175,1
1140,Festo,553277,DADB-V6-32-S176-250,1
1141,Festo,553281,DADB-V6-32-S301-350,1
1142,Festo,553283,DADB-V6-32-S351-375,1
1143,Festo,553285,DADB-V6-32-S376-425,1
1144,Festo,553287,DADB-V6-32-S426-475,1
1145,Festo,553289,DADB-V6-32-S476-500,1
1146,Festo,553273,DADB-V6-32-S51-125,1
1147,Festo,553293,DADB-V6-40-S51-125,1
1148,Festo,542118,DADE-MVC-420,1
1149,Festo,2349283,DAMF-32-FKP,1
1150,Festo,163530,DAMT-V1-100-A,1
1151,Festo,2213233,DAMT-V1-32-A,1
1152,Festo,2214899,DAMT-V1-40-A,1
1153,Festo,2214971,DAMT-V1-63-A,1
1154,Festo,163529,DAMT-V1-80-A,1
1155,Festo,1812524,DAMT-V8-125-A,1
1156,Festo,533417,DAPS-0015-090-R-F03,1
1157,Festo,533483,DAPS-0015-090-RS4-F04,1
1158,Festo,533476,DAPS-0030-090-R-F04,1
1159,Festo,533477,DAPS-0060-090-R-F0507,1
1160,Festo,533421,DAPS-0180-090-R-F0710,1
1161,Festo,397478,DAPS-0960/S0480,1
1162,Festo,533426,DAPS-1920-090-R-F14,1
1163,Festo,397479,DAPS-1920/S0960,1
1164,Festo,397479,DAPS-1920/S0960,1
1165,Festo,553188,DAPS-2880-090-R-F16-T6,1
1166,Festo,2349276,DARD-L1-32-M,1
1167,Festo,3636270,DARQ-K-X1-A1-F05-30-R1,1
1168,Festo,8082117,DARQ-R-A-S11-S9-11,1
1169,Festo,8082120,DARQ-R-A-S14-S11-16,1
1170,Festo,8082142,DARQ-R-A-S14-S11-16-P10,1
1171,Festo,8086388,DARQ-R-A-S14-S8-16-P5,1
1172,Festo,8082134,DARQ-R-A-S17-S11-17-P5,1
1173,Festo,8082123,DARQ-R-A-S17-S14-17,1
1174,Festo,8082143,DARQ-R-A-S17-S14-17-P10,1
1175,Festo,194577,DARQ-R-A-S22-S16-22,1
1176,Festo,8082126,DARQ-R-A-S22-S17-22,1
1177,Festo,8082144,DARQ-R-A-S22-S17-22-P10,1
1178,Festo,8082127,DARQ-R-A-S27-S22-27,1
1179,Festo,8174844,DASP-V4-12-A-R1,1
1180,Festo,1315779,DDLI-25-1000-P,1
1181,Festo,665293,DFC-10-P-A,1
1182,Festo,715820,DFM- 63-PA AB U9,1
1183,Festo,684520,DFM-12-...-B / AJ,1
1184,Festo,170824,DFM-12-10-P-A-GF,1
1185,Festo,170831,DFM-12-100-P-A-GF,1
1186,Festo,529119,DFM-12-160-B-P-A-GF,1
1187,Festo,170825,DFM-12-20-P-A-GF,1
1188,Festo,170900,DFM-12-20-P-A-KF,1
1189,Festo,170826,DFM-12-25-P-A-GF,1
1190,Festo,170901,DFM-12-25-P-A-KF,1
1191,Festo,170827,DFM-12-30-P-A-GF,1
1192,Festo,529119,DFM-12-40-B-P-A-GF,1
1193,Festo,170829,DFM-12-50-P-A-GF,1
1194,Festo,529119,DFM-12-60-B-P-A-GF,1
1195,Festo,170830,DFM-12-80-P-A-GF,1
1196,Festo,529119,DFM-12-90-B-P-A-GF,1
1197,Festo,529120,DFM-16-10-B-P-A-KF,1
1198,Festo,170907,DFM-16-10-P-A-KF,1
1199,Festo,604968,DFM-16-100-B-PPV-A-GF,1
1200,Festo,170914,DFM-16-100-P-A-KF,1
1201,Festo,529120,DFM-16-125-B-P-A-KF,1
1202,Festo,8162435,DFM-16-125-B-PPV-A-GF,1
1203,Festo,1527192,DFM-16-15-P-A-KF-SA,1
1204,Festo,563107,DFM-16-160-B-P-A-GF,1
1205,Festo,170833,DFM-16-20-P-A-GF,1
1206,Festo,170908,DFM-16-20-P-A-KF,1
1207,Festo,8162430,DFM-16-25-B-PPV-A-GF,1
1208,Festo,559460,DFM-16-25-B-PPV-A-KF,1
1209,Festo,170834,DFM-16-25-P-A-GF,1
1210,Festo,8162431,DFM-16-30-B-PPV-A-GF,1
1211,Festo,170835,DFM-16-30-P-A-GF,1
1212,Festo,170910,DFM-16-30-P-A-KF,1
1213,Festo,529120,DFM-16-40-B-P-A-GF-S6,1
1214,Festo,529120,DFM-16-40-B-P-A-KF,1
1215,Festo,170836,DFM-16-40-P-A-GF,1
1216,Festo,170836,DFM-16-40-P-A-GF,1
1217,Festo,8162433,DFM-16-50-B-PPV-A-GF,1
1218,Festo,8162433,DFM-16-50-B-PPV-A-GF,1
1219,Festo,8162433,DFM-16-50-B-PPV-A-GF,1
1220,Festo,170837,DFM-16-50-P-A-GF,1
1221,Festo,170912,DFM-16-50-P-A-KF,1
1222,Festo,529120,DFM-16-60-B-PPV-A-GF,1
1223,Festo,170838,DFM-16-80-P-A-GF,1
1224,Festo,170838,DFM-16-80-P-A-GF,1
1225,Festo,170913,DFM-16-80-P-A-KF,1
1226,Festo,684522,DFM-20-...-B/AJ/EJ/YSRW,1
1227,Festo,559481,DFM-20-100-B-PPV-A-KF,1
1228,Festo,170846,DFM-20-100-P-A-GF,1
1229,Festo,170846,DFM-20-100-P-A-GF,1
1230,Festo,170846,DFM-20-100-P-A-GF,1
1231,Festo,170921,DFM-20-100-P-A-KF,1
1232,Festo,559482,DFM-20-125-B-PPV-A-KF,1
1233,Festo,532316,DFM-20-160-B-P-A-KF,1
1234,Festo,532316,DFM-20-160-B-P-A-KF,1
1235,Festo,532316,DFM-20-160-B-P-A-KF,1
1236,Festo,609167,DFM-20-160-B-PPV-A-GF,1
1237,Festo,8161411,DFM-20-20-B-PPV-A-GF,1
1238,Festo,170840,DFM-20-20-P-A-GF,1
1239,Festo,170915,DFM-20-20-P-A-KF,1
1240,Festo,170915,DFM-20-20-P-A-KF,1
1241,Festo,8161419,DFM-20-200-B-PPV-A-GF,1
1242,Festo,8161419,DFM-20-200-B-PPV-A-GF,1
1243,Festo,170841,DFM-20-25-P-A-GF,1
1244,Festo,170916,DFM-20-25-P-A-KF,1
1245,Festo,8161413,DFM-20-30-B-PPV-A-GF,1
1246,Festo,559478,DFM-20-40-B-PPV-A-KF,1
1247,Festo,170843,DFM-20-40-P-A-GF,1
1248,Festo,532316,DFM-20-400-B-PPV-A-GF,1
1249,Festo,8161415,DFM-20-50-B-PPV-A-GF,1
1250,Festo,8161415,DFM-20-50-B-PPV-A-GF,1
1251,Festo,8161415,DFM-20-50-B-PPV-A-GF,1
1252,Festo,170844,DFM-20-50-P-A-GF,1
1253,Festo,170919,DFM-20-50-P-A-KF,1
1254,Festo,532316,DFM-20-60-B-PPV-A-KF,1
1255,Festo,559480,DFM-20-80-B-PPV-A-KF,1
1256,Festo,170845,DFM-20-80-P-A-GF,1
1257,Festo,170845,DFM-20-80-P-A-GF,1
1258,Festo,170920,DFM-20-80-P-A-KF,1
1259,Festo,684523,DFM-25-...-B/AJ/EJ/YSRW,1
1260,Festo,578876,DFM-25-100-B-PPV-A-GF,1
1261,Festo,8161427,DFM-25-100-B-PPV-A-KF,1
1262,Festo,170928,DFM-25-100-P-A-KF,1
1263,Festo,8161428,DFM-25-125-B-PPV-A-GF,1
1264,Festo,8161429,DFM-25-125-B-PPV-A-KF,1
1265,Festo,588785,DFM-25-160-B-PPV-A-GF,1
1266,Festo,170847,DFM-25-20-P-A-GF,1
1267,Festo,170922,DFM-25-20-P-A-KF,1
1268,Festo,532317,DFM-25-200-B-P-A-GF,1
1269,Festo,8165513,DFM-25-200-B-PPV-A-GF,1
1270,Festo,532317,DFM-25-25-B-PPV-A-KF,1
1271,Festo,170848,DFM-25-25-P-A-GF,1
1272,Festo,170923,DFM-25-25-P-A-KF,1
1273,Festo,532317,DFM-25-250-B-P-A-KF,1
1274,Festo,532317,DFM-25-250-B-YSRW-A-KF,1
1275,Festo,8161423,DFM-25-30-B-PPV-A-GF,1
1276,Festo,170924,DFM-25-30-P-A-KF,1
1277,Festo,532317,DFM-25-300-B-P-A-GF,1
1278,Festo,8161425,DFM-25-50-B-PPV-A-GF,1
1279,Festo,170851,DFM-25-50-P-A-GF,1
1280,Festo,609352,DFM-25-80-B-PPV-A-KF,1
1281,Festo,170852,DFM-25-80-P-A-GF,1
1282,Festo,170927,DFM-25-80-P-A-KF,1
1283,Festo,684524,DFM-32-...-B/AJ/EJ/Y,1
1284,Festo,684524,DFM-32-…-B/AJ/EJ/YSRW,1
1285,Festo,578878,DFM-32-100-B-PPV-A-GF,1
1286,Festo,170860,DFM-32-100-P-A-GF,1
1287,Festo,532318,DFM-32-105-B-P-A-GF,1
1288,Festo,578879,DFM-32-125-B-PPV-A-GF,1
1289,Festo,170861,DFM-32-125-P-A-GF,1
1290,Festo,609356,DFM-32-160-B-PPV-A-KF,1
1291,Festo,170937,DFM-32-160-P-A-KF,1
1292,Festo,8161431,DFM-32-20-B-PPV-A-GF,1
1293,Festo,170854,DFM-32-20-P-A-GF,1
1294,Festo,170929,DFM-32-20-P-A-KF,1
1295,Festo,604969,DFM-32-200-B-PPV-A-GF,1
1296,Festo,8161438,DFM-32-200-B-PPV-A-KF,1
1297,Festo,170863,DFM-32-200-P-A-GF,1
1298,Festo,170938,DFM-32-200-P-A-KF,1
1299,Festo,532318,DFM-32-25-B-P-A-GF,1
1300,Festo,532318,DFM-32-25-B-PPV-A-GF-S6,1
1301,Festo,170855,DFM-32-25-P-A-GF,1
1302,Festo,532318,DFM-32-250-B-P-A-GF,1
1303,Festo,578881,DFM-32-250-B-PPV-A-GF,1
1304,Festo,8161439,DFM-32-250-B-PPV-A-KF,1
1305,Festo,8161434,DFM-32-30-B-PPV-A-GF,1
1306,Festo,170857,DFM-32-40-P-A-GF,1
1307,Festo,595430,DFM-32-50-B-PPV-A-GF,1
1308,Festo,170858,DFM-32-50-P-A-GF,1
1309,Festo,170933,DFM-32-50-P-A-KF,1
1310,Festo,532318,DFM-32-80-B-PPV-A-GF,1
1311,Festo,170859,DFM-32-80-P-A-GF,1
1312,Festo,8118886,DFM-32-80-P-A-GF-F1A,1
1313,Festo,170934,DFM-32-80-P-A-KF,1
1314,Festo,684525,DFM-40-...-B/AJ/EJ/YSRW,1
1315,Festo,684525,DFM-40-...-B/AJ/EJ/YSRW,1
1316,Festo,170867,DFM-40-100-P-A-GF,1
1317,Festo,8161446,DFM-40-125-B-PPV-A-GF,1
1318,Festo,532319,DFM-40-160-B-PPV-A-KF,1
1319,Festo,170864,DFM-40-25-P-A-GF,1
1320,Festo,170865,DFM-40-50-P-A-GF,1
1321,Festo,170940,DFM-40-50-P-A-KF,1
1322,Festo,532319,DFM-40-80-B-PPV-A-KF,1
1323,Festo,170866,DFM-40-80-P-A-GF,1
1324,Festo,8047218,DFM-40-PA :FR 04-2015,1
1325,Festo,684526,DFM-50-...-B/AJ/EJ/YSRW,1
1326,Festo,593601,DFM-50-100-B-PPV-A-GF,1
1327,Festo,170875,DFM-50-125-P-A-GF,1
1328,Festo,534769,DFM-50-200-B-PPV-A-GF,1
1329,Festo,534769,DFM-50-250-B-P-A-GF,1
1330,Festo,170872,DFM-50-50-P-A-GF,1
1331,Festo,534769,DFM-50-75-B-P-A-GF,1
1332,Festo,170873,DFM-50-80-P-A-GF,1
1333,Festo,170948,DFM-50-80-P-A-KF,1
1334,Festo,170881,DFM-63-100-P-A-GF,1
1335,Festo,170882,DFM-63-125-P-A-GF,1
1336,Festo,170953,DFM-63-25-P-A-KF,1
1337,Festo,534770,DFM-63-250-B-P-A-GF,1
1338,Festo,170880,DFM-63-80-P-A-GF,1
1339,Festo,8047220,DFM-63-PA :FR 04-2015,1
1340,Festo,8047220,DFM-63-PA :FR 04-2015,1
1341,Festo,170888,DFM-80-100-P-A-GF,1
1342,Festo,170886,DFM-80-50-P-A-GF,1
1343,Festo,170887,DFM-80-80-P-A-GF,1
1344,Festo,394802,DFM-80-P-A,1
1345,Festo,8047613,DFPD-10-RP-90-RD-F03,1
1346,Festo,8048123,DFPD-120-RP-90-RD-F0507,1
1347,Festo,8048134,DFPD-120-RP-90-RS60-F0507,1
1348,Festo,8047614,DFPD-20-RP-90-RD-F04,1
1349,Festo,8048011,DFPD-20-RP-90-RD-F05,1
1350,Festo,8047621,DFPD-20-RP-90-RS30-F04,1
1351,Festo,8047622,DFPD-20-RP-90-RS60-F04,1
1352,Festo,8048125,DFPD-240-RP-90-RD-F0710,1
1353,Festo,8047615,DFPD-40-RP-90-RD-F0507,1
1354,Festo,8047636,DFPD-40-RP-90-RS60-F04,1
1355,Festo,8048127,DFPD-480-RP-90-RD-F1012,1
1356,Festo,8047616,DFPD-80-RP-90-RD-F0507,1
1357,Festo,8042187,DFPD-80-RP-90-RS50-F0507,1
1358,Festo,8042187,DFPD-80-RP-90-RS50-F0507,1
1359,Festo,8065265,DFPD-900-RP-90-RD-F14,1
1360,Festo,8084135,DFPD-900-RP-90-RS60-F1012,1
1361,Festo,576079,DFSP-20-15-PS-PA,1
1362,Festo,576109,DFSP-32-20-DF-PA,1
1363,Festo,576103,DFSP-32-20-PS-PA,1
1364,Festo,576158,DFSP-50-30-DF-PA,1
1365,Festo,576149,DFSP-50-30-DS-PA,1
1366,Festo,576155,DFSP-50-30-F-PA,1
1367,Festo,576152,DFSP-50-30-PS-PA,1
1368,Festo,576118,DFSP-Q-32-20-PR-PA,1
1369,Festo,530907,DGC-12-150-KF-P-A,1
1370,Festo,532446,DGC-18-170-KF-PPV-A,1
1371,Festo,532446,DGC-18-170-KF-PPV-A-DL,1
1372,Festo,532446,DGC-18-200-KF-PPV-A,1
1373,Festo,532446,DGC-18-200-KF-PPV-A,1
1374,Festo,532446,DGC-18-300-G-PPV-A,1
1375,Festo,532446,DGC-18-70-KF-PPV-A,1
1376,Festo,532446,DGC-18-950-G-PPV-A,1
1377,Festo,532447,DGC-25-135-KF-YSRW-A,1
1378,Festo,532447,DGC-25-1350-GF-PPV-A,1
1379,Festo,532447,DGC-25-150-KF-PPV-A,1
1380,Festo,532447,DGC-25-1500-G-PPV-A,1
1381,Festo,532447,DGC-25-1700-G-PPV-A,1
1382,Festo,532447,DGC-25-1850-GF-PPV-A,1
1383,Festo,532447,DGC-25-250-GF-PPV-A,1
1384,Festo,532447,DGC-25-250-GF-YSRW-A,1
1385,Festo,532447,DGC-25-275-G-PPV-A,1
1386,Festo,532447,DGC-25-370-GF-PPV-A,1
1387,Festo,532447,DGC-25-400-KF-PPV-A,1
1388,Festo,532447,DGC-25-450-KF-PPV-A,1
1389,Festo,532447,DGC-25-520-G-PPV-A,1
1390,Festo,532447,DGC-25-630-GF-PPV-A,1
1391,Festo,532447,DGC-25-630-GF-PPV-A,1
1392,Festo,532447,DGC-25-650-KF-YSR-A,1
1393,Festo,532447,DGC-25-715-KF-PPV-A,1
1394,Festo,532448,DGC-32-100-KF-YSRW-A,1
1395,Festo,532448,DGC-32-1000-GF-PPV-A,1
1396,Festo,532448,DGC-32-280-KF-PPV-A,1
1397,Festo,532448,DGC-32-280-KF-PPV-A,1
1398,Festo,532448,DGC-32-400-GF-PPV-A,1
1399,Festo,532448,DGC-32-400-KF-PPV-A,1
1400,Festo,532448,DGC-32-400-KF-PPV-A,1
1401,Festo,8122561,DGC-32-GF/KF :FR 10-2010,1
1402,Festo,532449,DGC-40-300-GF-YSR-A,1
1403,Festo,532449,DGC-40-300-KF-PPV-A,1
1404,Festo,532449,DGC-40-350-KF-PPV-A,1
1405,Festo,532449,DGC-40-3750-G-PPV-A,1
1406,Festo,532449,DGC-40-550-KF-PPV-A,1
1407,Festo,532449,DGC-40-600-GF-PPV-A,1
1408,Festo,657460,DGC-50,1
1409,Festo,8001531,DGC-50 ET,1
1410,Festo,740982,DGC-50-,1
1411,Festo,531169,DGC-50- -,1
1412,Festo,685917,DGC-50- -,1
1413,Festo,532450,DGC-50-2300-GF-YSRW-A-DL,1
1414,Festo,531169,DGC-50-2800,1
1415,Festo,685917,DGC-50-2800,1
1416,Festo,532450,DGC-50-700-GF-PPV-A,1
1417,Festo,532450,DGC-50-800-GF-PPV-A,1
1418,Festo,694746,DGC-50-G/GF/KF:LI,1
1419,Festo,694745,DGC-50-G/GF/KF:RE,1
1420,Festo,712889,DGC-50-KF_L4,1
1421,Festo,706600,DGC-50/63-G,1
1422,Festo,532451,DGC-63-800-G-PPV-A,1
1423,Festo,1312500,DGC-K-18-200-PPV-A-GK,1
1424,Festo,1312500,DGC-K-18-230-PPV-A-GK,1
1425,Festo,1312500,DGC-K-18-300-PPV-A-GK,1
1426,Festo,1312500,DGC-K-18-600-PPV-A-GK,1
1427,Festo,1312501,DGC-K-25-1300-PPV-A-GK,1
1428,Festo,1312501,DGC-K-25-1300-PPV-A-GK,1
1429,Festo,1312501,DGC-K-25-150-PPV-A-GK,1
1430,Festo,1312501,DGC-K-25-220-PPV-A-GK,1
1431,Festo,1312501,DGC-K-25-2470-PPV-A-GK-D2,1
1432,Festo,1312501,DGC-K-25-3160-PPV-A-GK-D2,1
1433,Festo,1312501,DGC-K-25-340-PPV-A-GK,1
1434,Festo,1560239,DGC-K-25-4000-GK,1
1435,Festo,1599897,DGC-K-25-4000-GK,1
1436,Festo,1312501,DGC-K-25-600-PPV-A-GK,1
1437,Festo,1312501,DGC-K-25-710-PPV-A-GK,1
1438,Festo,1312501,DGC-K-25-720-PPV-A-GK,1
1439,Festo,5103298,DGC-K-25-GK:BG1,1
1440,Festo,8002119,DGC-K-32,1
1441,Festo,1312502,DGC-K-32-200-PPV-A-GK,1
1442,Festo,1312502,DGC-K-32-250-PPV-A-GK,1
1443,Festo,1312502,DGC-K-32-380-PPV-A-GK,1
1444,Festo,1312502,DGC-K-32-500-PPV-A-GK,1
1445,Festo,1312502,DGC-K-32-600-PPV-A-GK,1
1446,Festo,1312502,DGC-K-32-600-PPV-A-GK,1
1447,Festo,1312502,DGC-K-32-740-PPV-A-GK,1
1448,Festo,1312503,DGC-K-40-1000-PPV-A-GK,1
1449,Festo,1312503,DGC-K-40-125-PPV-A-GK,1
1450,Festo,1312503,DGC-K-40-200-PPV-A-GK,1
1451,Festo,1312503,DGC-K-40-215-PPV-A-GK,1
1452,Festo,1312503,DGC-K-40-350-PPV-A-GK,1
1453,Festo,1312503,DGC-K-40-620-PPV-A-GK,1
1454,Festo,1312503,DGC-K-40-650-PPV-A-GK,1
1455,Festo,1312504,DGC-K-50-1300-PPV-A-GK,1
1456,Festo,1312504,DGC-K-50-2200-PPV-A-GK,1
1457,Festo,8002124,DGC-K-63,1
1458,Festo,1592524,DGC-K-63-3600-GV,1
1459,Festo,1596905,DGC-K-63-3600-GV,1
1460,Festo,1312505,DGC-K-63-800-PPV-A-GK,1
1461,Festo,8002125,DGC-K-80,1
1462,Festo,1312506,DGC-K-80-1000-PPV-A-GK-D2,1
1463,Festo,2399604,DGC-K-80-1500-GK,1
1464,Festo,1312506,DGC-K-80-350-PPV-A-GK,1
1465,Festo,5103294,DGCL-K-25-GK-SH:BG1,1
1466,Festo,5103454,DGCL-K-32-GK-SH:BG1,1
1467,Festo,193742,DGE-25-1600-ZR-LV-RK-KG-KF-GK,1
1468,Festo,193742,DGE-25-1600-ZR-LV-RK-KG-KF-GK C408,1
1469,Festo,193742,DGE-25-680-ZR-LK-RH-KF-GK,1
1470,Festo,745669,DGE-25-ZR-RF,1
1471,Festo,745672,DGE-25-ZR-RF,1
1472,Festo,15223,DGO-20-630-PPV-A-B,1
1473,Festo,15223,DGO-20-700-PPV-A-B,1
1474,Festo,15224,DGO-25-450-PPV-A-B,1
1475,Festo,15225,DGO-32-750-PPV-A-B,1
1476,Festo,175134,DGP-25-1450-PPV-A,1
1477,Festo,161782,DGP-40-125-PPV-A-B,1
1478,Festo,760715,DGPL- 25/32-KF-CT ET,1
1479,Festo,760716,DGPL- 40/50-KF-CT ET,1
1480,Festo,175133,DGPL-18-240-PPV-A-B-KF-GK-SV,1
1481,Festo,161977,DGPL-18-240-PPV-A-KF-B,1
1482,Festo,161977,DGPL-18-300-PPV-A-B-KF-GK-SH,1
1483,Festo,175134,DGPL-25-1500-PPV-A-B-KF-GK-SH,1
1484,Festo,175134,DGPL-25-1700-PPV-A-B-KF-GK-SH,1
1485,Festo,161792,DGPL-25-200-PPV-A-KF-B,1
1486,Festo,175134,DGPL-25-300-PPV-A-B-KF-GK-SH,1
1487,Festo,175134,DGPL-25-300-PPV-A-B-KF-GK-SV,1
1488,Festo,161792,DGPL-25-320-PPV-A-KF-B,1
1489,Festo,161792,DGPL-25-400-PPV-A-KF-B,1
1490,Festo,161792,DGPL-25-450-PPV-A-B-KF-GK-SH,1
1491,Festo,161792,DGPL-25-530-PPV-A-B-KF-GK-SH,1
1492,Festo,161792,DGPL-25-600-PPV-A-KF-B,1
1493,Festo,161792,DGPL-25-790-PPV-A-KF-B,1
1494,Festo,161792,DGPL-25-837-PPV-A-KF-B,1
1495,Festo,175134,DGPL-25-840-PPV-A-B-KF-GK-SH,1
1496,Festo,161793,DGPL-32-270-PPV-A-KF-B,1
1497,Festo,161793,DGPL-32-300-PPV-A-KF-B,1
1498,Festo,526659,DGPL-32-500-PPV-A-B-KF,1
1499,Festo,346964,DGPL-32-740-KF B,1
1500,Festo,346964,DGPL-32-740-KF B,1
1501,Festo,346964,DGPL-32-740-KF B,1
1502,Festo,175135,DGPL-32-740-PPV-A-B-KF-GK-SH,1
1503,Festo,161794,DGPL-40-1300-PPV-A-B-KF-GK-SH,1
1504,Festo,161794,DGPL-40-365-PPV-A-B-KF-GK-SH,1
1505,Festo,526666,DGPL-40-400-PPV-A-B-KF,1
1506,Festo,526666,DGPL-40-400-PPV-A-B-KF-GK-SH,1
1507,Festo,161794,DGPL-40-480-PPV-A-KF-B,1
1508,Festo,161795,DGPL-50-400-PPV-A-B-KF-GK-SH,1
1509,Festo,161795,DGPL-50-500-PPV-A-B-KF-GK-SH,1
1510,Festo,161795,DGPL-50-565-PPV-A-KF-B,1
1511,Festo,562217,DGRF-C-GF-25-50-P,1
1512,Festo,562220,DGRF-C-GF-50-50-PPVA-R,1
1513,Festo,562220,DGRF-C-GF-50-50-PPVA-R,1
1514,Festo,562220,DGRF-C-GF-50-50-PPVA-R,1
1515,Festo,4933,DGS-12-18-P,1
1516,Festo,4933,DGS-12-18-P,1
1517,Festo,543957,DGSL-10-40-Y3A,1
1518,Festo,544025,DGSL-20-50-Y3A,1
1519,Festo,8078849,DGST-12-40-E1A,1
1520,Festo,8085126,DGST-12-40-PA,1
1521,Festo,8085172,DGST-12-40-Y12A,1
1522,Festo,8085139,DGST-20-10-PA,1
1523,Festo,8085139,DGST-20-10-PA,1
1524,Festo,8085140,DGST-20-20-PA,1
1525,Festo,8085183,DGST-20-30-Y12A,1
1526,Festo,8085183,DGST-20-30-Y12A,1
1527,Festo,8085150,DGST-25-20-PA,1
1528,Festo,8085106,DGST-6-20-PA,1
1529,Festo,1259495,DHDS-50-A,1
1530,Festo,1254040,DHPS-10-A,1
1531,Festo,1254040,DHPS-10-A,1
1532,Festo,1254043,DHPS-16-A,1
1533,Festo,1254046,DHPS-20-A,1
1534,Festo,1254048,DHPS-20-A-NC,1
1535,Festo,1310159,DHRS-10-A,1
1536,Festo,1310162,DHRS-25-A,1
1537,Festo,1310164,DHRS-32-A,1
1538,Festo,1310166,DHRS-40-A,1
1539,Festo,1310180,DHWS-25-A,1
1540,Festo,1310180,DHWS-25-A,1
1541,Festo,1310182,DHWS-32-A,1
1542,Festo,1310184,DHWS-40-A,1
1543,Festo,237071,"DIN 125-A-6,4-1.4301",1
1544,Festo,200751,DIN 1481-3X18,1
1545,Festo,224586,"DIN 439-B-M10X1,25-A2-70",1
1546,Festo,200601,DIN 439-B-M6-04,1
1547,Festo,349184,"DIN 7346-4,5X16",1
1548,Festo,541403,DMSP-10-135N-AM-CM,1
1549,Festo,369195,DNC- 32- PPVA,1
1550,Festo,369196,DNC- 40- PPVA,1
1551,Festo,369196,DNC- 40- PPVA,1
1552,Festo,369197,DNC- 50- PPVA,1
1553,Festo,369198,DNC- 63- PPVA,1
1554,Festo,384217,DNC- 63- PPVA-S6,1
1555,Festo,369199,DNC- 80- PPV-A,1
1556,Festo,384218,DNC- 80- PPVA-S6,1
1557,Festo,124056,DNC- 80-PPV,1
1558,Festo,369200,DNC-100- PPVA,1
1559,Festo,369201,DNC-125- PPVA,1
1560,Festo,369195,DNC-32-PPVA,1
1561,Festo,369196,DNC-40-PPV-(A),1
1562,Festo,163366,DNC-50-50-PPV-A-K3,1
1563,Festo,124052,DNC-50-PPV-A,1
1564,Festo,369197,DNC-50-PPVA,1
1565,Festo,369199,DNC-80-PPV-(A),1
1566,Festo,535411,DNCI-32-400-P-A,1
1567,Festo,702314,DNCI-40-...-,1
1568,Festo,535412,DNCI-40-160-P-A,1
1569,Festo,535412,DNCI-40-60-P-A,1
1570,Festo,536696,DNCI-40-60-YP-S2M,1
1571,Festo,362314,DNGU-50-CT,1
1572,Festo,709334,DNGU-50-CT,1
1573,Festo,552937,DPA-100-16-CRVZS20,1
1574,Festo,675512,DPA-40,1
1575,Festo,537273,DPA-40-10,1
1576,Festo,537274,DPA-40-16,1
1577,Festo,540782,DPA-40-16-MA-SET,1
1578,Festo,568942,DPA-40-16-SA,1
1579,Festo,684482,DPA-63 M.ZYL,1
1580,Festo,184518,DPA-63-10,1
1581,Festo,552933,DPA-63-16-CRVZS10,1
1582,Festo,4833190,DPDM-16-30-PA,1
1583,Festo,4840806,DPDM-20-50-PA,1
1584,Festo,4829577,DPDM-25-50-PA,1
1585,Festo,4828436,DPDM-32-10-PA,1
1586,Festo,4828437,DPDM-32-15-PA,1
1587,Festo,4840815,DPDM-Q-20-15-PA,1
1588,Festo,4840819,DPDM-Q-20-40-PA,1
1589,Festo,383820,DPZ - 10-P-A,1
1590,Festo,383823,DPZ - 20-P-A,1
1591,Festo,383824,DPZ - 25-P-A,1
1592,Festo,32687,DPZ-16-25-P-A,1
1593,Festo,32689,DPZ-16-50-P-A,1
1594,Festo,32690,DPZ-16-80-P-A,1
1595,Festo,32695,DPZ-20-40-P-A,1
1596,Festo,159877,DPZ-20-50-P-A-S2,1
1597,Festo,159881,DPZ-25-10-P-A-S2,1
1598,Festo,32701,DPZ-25-25-P-A,1
1599,Festo,162135,DPZ-32-80-P-A-KF,1
1600,Festo,162135,DPZ-32-80-P-A-KF,1
1601,Festo,159950,DPZJ-16-100-P-A-S2,1
1602,Festo,1644389,DRRD-16-180-FH-Y9A,1
1603,Festo,1427379,DRRD-20-180-FH-Y9A,1
1604,Festo,1427382,DRRD-20-Y9,1
1605,Festo,1360248,DRRD-25-180-FH-Y9A,1
1606,Festo,1578518,DRRD-32-180-FH-Y9A,1
1607,Festo,1578518,DRRD-32-180-FH-Y9A,1
1608,Festo,1526986,DRRD-40-180-FH-Y9A,1
1609,Festo,574404,DRRD-40-180-FH-Y9A-PS1,1
1610,Festo,574405,DRRD-50-180-FH-Y9A,1
1611,Festo,2223060,DRRD-8-180-FH-PA,1
1612,Festo,1845711,DRVS-12-180-P,1
1613,Festo,1845714,DRVS-16-180-P,1
1614,Festo,1845713,DRVS-16-90-P,1
1615,Festo,1845717,DRVS-25-180-P,1
1616,Festo,1845718,DRVS-25-270-P,1
1617,Festo,1845721,DRVS-32-270-P,1
1618,Festo,1845724,DRVS-40-270-P,1
1619,Festo,1845724,DRVS-40-270-P,1
1620,Festo,1845707,DRVS-6-180-P,1
1621,Festo,1384808,DSBC-100-100-PPVA-N3,1
1622,Festo,1463520,DSBC-100-100-T-PPVA-N3,1
1623,Festo,1463520,DSBC-100-100-T-PPVA-N3,1
1624,Festo,1463598,DSBC-100-1000-PPVA-N3,1
1625,Festo,1463598,DSBC-100-1000-PPVA-N3,1
1626,Festo,1463598,DSBC-100-115-PPVA-N3,1
1627,Festo,1463598,DSBC-100-120-PPVA-N3,1
1628,Festo,1384895,DSBC-100-125-PPSA-N3,1
1629,Festo,1384809,DSBC-100-125-PPVA-N3,1
1630,Festo,1463598,DSBC-100-1250-PPVA-N3,1
1631,Festo,1463598,DSBC-100-140-PPVA-N3,1
1632,Festo,1463598,DSBC-100-15-PPVA-N3,1
1633,Festo,1463598,DSBC-100-150-PPVA-N3,1
1634,Festo,1384811,DSBC-100-200-PPVA-N3,1
1635,Festo,1384811,DSBC-100-200-PPVA-N3,1
1636,Festo,1463520,DSBC-100-220-D3-PPSA-N3,1
1637,Festo,1463598,DSBC-100-220-PPVA-N3,1
1638,Festo,1463598,DSBC-100-220-PPVA-N3,1
1639,Festo,1463598,DSBC-100-230-PPVA-N3,1
1640,Festo,1463598,DSBC-100-240-PPVA-N3,1
1641,Festo,1384804,DSBC-100-25-PPVA-N3,1
1642,Festo,1463520,DSBC-100-250-C-PPVA,1
1643,Festo,1384812,DSBC-100-250-PPVA-N3,1
1644,Festo,1463598,DSBC-100-280-PPVA-N3,1
1645,Festo,1463520,DSBC-100-30-T-PPVA-N3,1
1646,Festo,1463598,DSBC-100-300-PPVA-N3,1
1647,Festo,1384813,DSBC-100-320-PPVA-N3,1
1648,Festo,1463598,DSBC-100-340-PPVA-N3,1
1649,Festo,1384805,DSBC-100-40-PPVA-N3,1
1650,Festo,1384814,DSBC-100-400-PPVA-N3,1
1651,Festo,1463598,DSBC-100-440-PPVA-N3,1
1652,Festo,1463520,DSBC-100-500-PPVA-N3T3,1
1653,Festo,1463598,DSBC-100-60-PPVA-N3,1
1654,Festo,1463520,DSBC-100-70-PPVA-N3,1
1655,Festo,1463598,DSBC-100-70-PPVA-N3,1
1656,Festo,1463558,DSBC-100-750-PPSA-N3,1
1657,Festo,1463598,DSBC-100-775-PPVA-N3,1
1658,Festo,1463598,DSBC-100-775-PPVA-N3,1
1659,Festo,1463520,DSBC-100-80-E2-PPVA-70L,1
1660,Festo,1463520,DSBC-100-80-T-PPVA-N3,1
1661,Festo,1804960,DSBC-125-100-PPVA-N3,1
1662,Festo,1722457,DSBC-125-100-PPVA-N3T1,1
1663,Festo,1722457,DSBC-125-100-T-PPVA-N3,1
1664,Festo,1755348,DSBC-125-1000-PPVA-N3,1
1665,Festo,1804961,DSBC-125-125-PPVA-N3,1
1666,Festo,1755348,DSBC-125-135-PPVA-N3,1
1667,Festo,1755348,DSBC-125-1350-PPVA-N3,1
1668,Festo,1755348,DSBC-125-150-PPVA-N3,1
1669,Festo,1804668,DSBC-125-200-PPSA-N3,1
1670,Festo,1804963,DSBC-125-200-PPVA-N3,1
1671,Festo,1722457,DSBC-125-200-PPVA-N3T3,1
1672,Festo,163505,DSBC-125-250-PPVA-N3,1
1673,Festo,1804964,DSBC-125-250-PPVA-N3,1
1674,Festo,1804964,DSBC-125-250-PPVA-N3,1
1675,Festo,1722457,DSBC-125-250-PPVA-N3R3,1
1676,Festo,1722457,DSBC-125-400-PPVA-100E,1
1677,Festo,1804966,DSBC-125-400-PPVA-N3,1
1678,Festo,1755348,DSBC-125-450-PPVA-N3,1
1679,Festo,1722457,DSBC-125-450-PPVA-N3EX4,1
1680,Festo,1804958,DSBC-125-50-PPVA-N3,1
1681,Festo,1722457,DSBC-125-500-C-PPVA-25E,1
1682,Festo,1804967,DSBC-125-500-PPVA-N3,1
1683,Festo,1722457,DSBC-125-500-PPVA-N3R3,1
1684,Festo,1755348,DSBC-125-70-PPVA-N3,1
1685,Festo,1804959,DSBC-125-80-PPVA-N3,1
1686,Festo,1804959,DSBC-125-80-PPVA-N3,1
1687,Festo,1755348,DSBC-125-850-PPVA-N3,1
1688,Festo,1722457,DSBC-125-850-PPVA-N3EX4,1
1689,Festo,1376471,DSBC-32-100-PPSA-N3,1
1690,Festo,1376426,DSBC-32-100-PPVA-N3,1
1691,Festo,1376426,DSBC-32-100-PPVA-N3,1
1692,Festo,1376426,DSBC-32-100-PPVA-N3,1
1693,Festo,1463250,DSBC-32-120-D3-PPVA-N3T1-330E,1
1694,Festo,1376427,DSBC-32-125-PPVA-N3,1
1695,Festo,1376427,DSBC-32-125-PPVA-N3,1
1696,Festo,1463254,DSBC-32-130-PPVA-N3,1
1697,Festo,1463254,DSBC-32-15-PPVA-N3,1
1698,Festo,1922621,DSBC-32-150-PPVA-N3,1
1699,Festo,2123073,DSBC-32-150-PPVA-N3,1
1700,Festo,2123073,DSBC-32-150-PPVA-N3,1
1701,Festo,1376428,DSBC-32-160-PPVA-N3,1
1702,Festo,1376428,DSBC-32-160-PPVA-N3,1
1703,Festo,1376428,DSBC-32-160-PPVA-N3,1
1704,Festo,1376429,DSBC-32-200-PPVA-N3,1
1705,Festo,1376429,DSBC-32-200-PPVA-N3,1
1706,Festo,1376422,DSBC-32-25-PPVA-N3,1
1707,Festo,1376422,DSBC-32-25-PPVA-N3,1
1708,Festo,1376422,DSBC-32-25-PPVA-N3,1
1709,Festo,1463250,DSBC-32-25-T-PPVA-N3,1
1710,Festo,1376430,DSBC-32-250-PPVA-N3,1
1711,Festo,1463254,DSBC-32-260-PPVA-N3,1
1712,Festo,2123074,DSBC-32-300-PPVA-N3,1
1713,Festo,2123074,DSBC-32-300-PPVA-N3,1
1714,Festo,1376431,DSBC-32-320-PPVA-N3,1
1715,Festo,1463254,DSBC-32-330-PPVA-N3,1
1716,Festo,1463252,DSBC-32-350-PPSA-N3,1
1717,Festo,1463254,DSBC-32-350-PPVA-N3,1
1718,Festo,3656514,DSBC-32-40-D3-PPVA-N3,1
1719,Festo,1376423,DSBC-32-40-PPVA-N3,1
1720,Festo,1376423,DSBC-32-40-PPVA-N3,1
1721,Festo,1376432,DSBC-32-400-PPVA-N3,1
1722,Festo,1376432,DSBC-32-400-PPVA-N3,1
1723,Festo,1463250,DSBC-32-480-PPVA-N3,1
1724,Festo,1463252,DSBC-32-5-PPSA-N3,1
1725,Festo,1376424,DSBC-32-50-PPVA-N3,1
1726,Festo,1376424,DSBC-32-50-PPVA-N3,1
1727,Festo,1376424,DSBC-32-50-PPVA-N3,1
1728,Festo,1463250,DSBC-32-50-PPVA-N3R3A1,1
1729,Festo,1376433,DSBC-32-500-PPVA-N3,1
1730,Festo,1463250,DSBC-32-500-PPVA-N3T1,1
1731,Festo,1463254,DSBC-32-55-PPVA-N3,1
1732,Festo,1463254,DSBC-32-550-PPVA-N3,1
1733,Festo,2123087,DSBC-32-60-PPSA-N3,1
1734,Festo,1922619,DSBC-32-60-PPVA-N3,1
1735,Festo,1463254,DSBC-32-600-PPVA-N3,1
1736,Festo,1463254,DSBC-32-610-PPVA-N3,1
1737,Festo,2123072,DSBC-32-70-PPVA-N3,1
1738,Festo,1463254,DSBC-32-700-PPVA-N3,1
1739,Festo,1463254,DSBC-32-700-PPVA-N3,1
1740,Festo,163304,DSBC-32-700-PPVA-N3,1
1741,Festo,1463254,DSBC-32-740-PPVA-N3,1
1742,Festo,1376470,DSBC-32-80-PPSA-N3,1
1743,Festo,1376425,DSBC-32-80-PPVA-N3,1
1744,Festo,1376425,DSBC-32-80-PPVA-N3,1
1745,Festo,1463254,DSBC-32-800-PPVA-N3,1
1746,Festo,1463254,DSBC-32-900-PPVA-N3,1
1747,Festo,1461995,DSBC-40-100-C-PPVA,1
1748,Festo,1376660,DSBC-40-100-PPVA-N3,1
1749,Festo,1376660,DSBC-40-100-PPVA-N3,1
1750,Festo,1462834,DSBC-40-110-PPVA-N3,1
1751,Festo,1462834,DSBC-40-1200-PPVA-N3,1
1752,Festo,1376661,DSBC-40-125-PPVA-N3,1
1753,Festo,1376661,DSBC-40-125-PPVA-N3,1
1754,Festo,1376661,DSBC-40-125-PPVA-N3,1
1755,Festo,1462834,DSBC-40-140-PPVA-N3,1
1756,Festo,2123226,DSBC-40-150-PPVA-N3,1
1757,Festo,1376909,DSBC-40-160-PPSA-N3,1
1758,Festo,1376662,DSBC-40-160-PPVA-N3,1
1759,Festo,1376662,DSBC-40-160-PPVA-N3,1
1760,Festo,1462834,DSBC-40-175-PPVA-N3,1
1761,Festo,1462834,DSBC-40-195-PPVA-N3,1
1762,Festo,1461995,DSBC-40-20-E1-PPVA,1
1763,Festo,1376910,DSBC-40-200-PPSA-N3,1
1764,Festo,1376663,DSBC-40-200-PPVA-N3,1
1765,Festo,1461995,DSBC-40-200-PPVA-N3-235E,1
1766,Festo,1462834,DSBC-40-205-PPVA-N3,1
1767,Festo,1376903,DSBC-40-25-PPSA-N3,1
1768,Festo,1376656,DSBC-40-25-PPVA-N3,1
1769,Festo,1376656,DSBC-40-25-PPVA-N3,1
1770,Festo,1376664,DSBC-40-250-PPVA-N3,1
1771,Festo,1922624,DSBC-40-30-PPVA-N3,1
1772,Festo,2123227,DSBC-40-300-PPVA-N3,1
1773,Festo,1376665,DSBC-40-320-PPVA-N3,1
1774,Festo,1462834,DSBC-40-350-PPVA-N3,1
1775,Festo,1462834,DSBC-40-350-PPVA-N3,1
1776,Festo,1376657,DSBC-40-40-PPVA-N3,1
1777,Festo,1376657,DSBC-40-40-PPVA-N3,1
1778,Festo,1376913,DSBC-40-400-PPSA-N3,1
1779,Festo,1376666,DSBC-40-400-PPVA-N3,1
1780,Festo,1376666,DSBC-40-400-PPVA-N3,1
1781,Festo,1376905,DSBC-40-50-PPSA-N3,1
1782,Festo,1376658,DSBC-40-50-PPVA-N3,1
1783,Festo,1461995,DSBC-40-50-PPVA-N3R3A1,1
1784,Festo,1461995,DSBC-40-500-C-PPVA,1
1785,Festo,1376667,DSBC-40-500-PPVA-N3,1
1786,Festo,2123224,DSBC-40-60-PPVA-N3,1
1787,Festo,1462834,DSBC-40-630-PPVA-N3,1
1788,Festo,1462834,DSBC-40-65-PPVA-N3,1
1789,Festo,2123225,DSBC-40-70-PPVA-N3,1
1790,Festo,1462834,DSBC-40-700-PPVA-N3,1
1791,Festo,1376906,DSBC-40-80-PPSA-N3,1
1792,Festo,1376659,DSBC-40-80-PPVA-N3,1
1793,Festo,1376659,DSBC-40-80-PPVA-N3,1
1794,Festo,1462834,DSBC-40-800-PPVA-N3,1
1795,Festo,1462834,DSBC-40-90-PPVA-N3,1
1796,Festo,1461995,DSBC-40-90-PPVA-R3-7L,1
1797,Festo,1376307,DSBC-50-100-PPSA-N3,1
1798,Festo,1366952,DSBC-50-100-PPVA-N3,1
1799,Festo,1366952,DSBC-50-100-PPVA-N3,1
1800,Festo,1366952,DSBC-50-100-PPVA-N3,1
1801,Festo,1463766,DSBC-50-1000-PPVA-N3,1
1802,Festo,1463770,DSBC-50-1100-PPVA-N3T4,1
1803,Festo,1463770,DSBC-50-115-PPVA-N3R3,1
1804,Festo,1463766,DSBC-50-120-PPVA-N3,1
1805,Festo,1366953,DSBC-50-125-PPVA-N3,1
1806,Festo,1366953,DSBC-50-125-PPVA-N3,1
1807,Festo,1463770,DSBC-50-125-PPVA-N3R3,1
1808,Festo,2098974,DSBC-50-150-PPVA-N3,1
1809,Festo,2098974,DSBC-50-150-PPVA-N3,1
1810,Festo,1463770,DSBC-50-160-C-PPVA,1
1811,Festo,1366954,DSBC-50-160-PPVA-N3,1
1812,Festo,1366954,DSBC-50-160-PPVA-N3,1
1813,Festo,1463766,DSBC-50-185-PPVA-N3,1
1814,Festo,2098969,DSBC-50-20-PPVA-N3,1
1815,Festo,1366955,DSBC-50-200-PPVA-N3,1
1816,Festo,1366955,DSBC-50-200-PPVA-N3,1
1817,Festo,1463770,DSBC-50-200-PPVA-N3R3,1
1818,Festo,1463770,DSBC-50-220-PPVA-150E,1
1819,Festo,1366948,DSBC-50-25-PPVA-N3,1
1820,Festo,1366948,DSBC-50-25-PPVA-N3,1
1821,Festo,1366956,DSBC-50-250-PPVA-N3,1
1822,Festo,1366956,DSBC-50-250-PPVA-N3,1
1823,Festo,1463770,DSBC-50-250-PPVA-N3R3,1
1824,Festo,1463766,DSBC-50-260-PPVA-N3,1
1825,Festo,1463766,DSBC-50-280-PPVA-N3,1
1826,Festo,1922630,DSBC-50-30-PPVA-N3,1
1827,Festo,2098970,DSBC-50-30-PPVA-N3,1
1828,Festo,2098970,DSBC-50-30-PPVA-N3,1
1829,Festo,2098975,DSBC-50-300-PPVA-N3,1
1830,Festo,1463766,DSBC-50-310-PPVA-N3,1
1831,Festo,1376312,DSBC-50-320-PPSA-N3,1
1832,Festo,1366957,DSBC-50-320-PPVA-N3,1
1833,Festo,1463766,DSBC-50-35-PPVA-N3,1
1834,Festo,1463770,DSBC-50-350-PPVA-N3R3,1
1835,Festo,1463766,DSBC-50-360-PPVA-N3,1
1836,Festo,1366949,DSBC-50-40-PPVA-N3,1
1837,Festo,1463770,DSBC-50-40-PPVA-N3R3,1
1838,Festo,1376313,DSBC-50-400-PPSA-N3,1
1839,Festo,1376313,DSBC-50-400-PPSA-N3,1
1840,Festo,1463770,DSBC-50-400-PPVA,1
1841,Festo,1366958,DSBC-50-400-PPVA-N3,1
1842,Festo,1376305,DSBC-50-50-PPSA-N3,1
1843,Festo,1366950,DSBC-50-50-PPVA-N3,1
1844,Festo,1366950,DSBC-50-50-PPVA-N3,1
1845,Festo,1366950,DSBC-50-50-PPVA-N3,1
1846,Festo,1463770,DSBC-50-50-PPVA-N3R3,1
1847,Festo,1463770,DSBC-50-50-T-PPVA-N3,1
1848,Festo,1463770,DSBC-50-50-T-PPVA-N3,1
1849,Festo,1366959,DSBC-50-500-PPVA-N3,1
1850,Festo,1463766,DSBC-50-520-PPVA-N3,1
1851,Festo,1463766,DSBC-50-55-PPVA-N3,1
1852,Festo,1463766,DSBC-50-550-PPVA-N3,1
1853,Festo,1922631,DSBC-50-60-PPVA-N3,1
1854,Festo,2098972,DSBC-50-60-PPVA-N3,1
1855,Festo,1463766,DSBC-50-650-PPVA-N3,1
1856,Festo,1463766,DSBC-50-670-PPVA-N3,1
1857,Festo,1463766,DSBC-50-750-PPVA-N3,1
1858,Festo,1366951,DSBC-50-80-PPVA-N3,1
1859,Festo,1366951,DSBC-50-80-PPVA-N3,1
1860,Festo,1463766,DSBC-50-800-PPVA-N3,1
1861,Festo,1463766,DSBC-50-90-PPVA-N3,1
1862,Festo,1804963,DSBC-50-90-PPVA-N3,1
1863,Festo,1804963,DSBC-50-90-PPVA-N3,1
1864,Festo,1463475,DSBC-63-100-C-PPVA,1
1865,Festo,1383636,DSBC-63-100-PPSA-N3,1
1866,Festo,1383582,DSBC-63-100-PPVA-N3,1
1867,Festo,1463475,DSBC-63-1000-PPSA-N3EX4,1
1868,Festo,1463483,DSBC-63-110-PPVA-N3,1
1869,Festo,1383583,DSBC-63-125-PPVA-N3,1
1870,Festo,1463483,DSBC-63-130-PPVA-N3,1
1871,Festo,1463475,DSBC-63-1300-PPVA-N3R3,1
1872,Festo,1463475,DSBC-63-140-PPVA-N3T1,1
1873,Festo,1463483,DSBC-63-1400-PPVA-N3,1
1874,Festo,1463475,DSBC-63-150-T-PPVA-N3,1
1875,Festo,1463475,DSBC-63-160-PA-N3T1,1
1876,Festo,1383638,DSBC-63-160-PPSA-N3,1
1877,Festo,1383584,DSBC-63-160-PPVA-N3,1
1878,Festo,1383584,DSBC-63-160-PPVA-N3,1
1879,Festo,1383584,DSBC-63-160-PPVA-N3,1
1880,Festo,1463475,DSBC-63-1600-C-PPVA,1
1881,Festo,1463475,DSBC-63-1600-C-PPVA,1
1882,Festo,1463475,DSBC-63-185-PPVA-N3R3,1
1883,Festo,2125490,DSBC-63-20-PPVA-N3,1
1884,Festo,1463475,DSBC-63-200-C-PA,1
1885,Festo,1463475,DSBC-63-200-C-PA,1
1886,Festo,1463475,DSBC-63-200-C-PPSA,1
1887,Festo,1463475,DSBC-63-200-CD3-PA,1
1888,Festo,1383585,DSBC-63-200-PPVA-N3,1
1889,Festo,1463475,DSBC-63-200-PPVA-N3R3,1
1890,Festo,1463483,DSBC-63-215-PPVA-N3,1
1891,Festo,163400,DSBC-63-220-PPVA-N3,1
1892,Festo,1383578,DSBC-63-25-PPVA-N3,1
1893,Festo,1383578,DSBC-63-25-PPVA-N3,1
1894,Festo,1383578,DSBC-63-25-PPVA-N3,1
1895,Festo,1463475,DSBC-63-25-PPVA-N3T1,1
1896,Festo,1383640,DSBC-63-250-PPSA-N3,1
1897,Festo,1383586,DSBC-63-250-PPVA-N3,1
1898,Festo,1383586,DSBC-63-250-PPVA-N3,1
1899,Festo,1463483,DSBC-63-260-PPVA-N3,1
1900,Festo,1463483,DSBC-63-260-PPVA-N3,1
1901,Festo,1463483,DSBC-63-260-PPVA-N3,1
1902,Festo,1463483,DSBC-63-260-PPVA-N3,1
1903,Festo,2125491,DSBC-63-30-PPVA-N3,1
1904,Festo,163410,DSBC-63-320-PPVA-N3,1
1905,Festo,1463483,DSBC-63-340-PPVA-N3,1
1906,Festo,1463475,DSBC-63-350-PPSA-N3EX4,1
1907,Festo,1463483,DSBC-63-360-PPVA-N3,1
1908,Festo,1463475,DSBC-63-360-PPVA-N3R3,1
1909,Festo,1383633,DSBC-63-40-PPSA-N3,1
1910,Festo,1383579,DSBC-63-40-PPVA-N3,1
1911,Festo,1463475,DSBC-63-40-PPVA-N3T1,1
1912,Festo,1463475,DSBC-63-40-PPVA-N3T4,1
1913,Festo,1463475,DSBC-63-40-T-PPVA-N3T1,1
1914,Festo,1463475,DSBC-63-40-T-PPVA-N3T4,1
1915,Festo,1383588,DSBC-63-400-PPVA-N3,1
1916,Festo,1463483,DSBC-63-450-PPVA-N3,1
1917,Festo,1463483,DSBC-63-460-PPVA-N3,1
1918,Festo,1383580,DSBC-63-50-PPVA-N3,1
1919,Festo,1383580,DSBC-63-50-PPVA-N3,1
1920,Festo,1463475,DSBC-63-50-PPVA-N3T4,1
1921,Festo,1383589,DSBC-63-500-PPVA-N3,1
1922,Festo,1463483,DSBC-63-55-PPVA-N3,1
1923,Festo,1463483,DSBC-63-650-PPVA-N3,1
1924,Festo,1463483,DSBC-63-700-PPVA-N3,1
1925,Festo,1463475,DSBC-63-75-PPSA-N3-20E,1
1926,Festo,1463483,DSBC-63-75-PPVA-N3,1
1927,Festo,1463475,DSBC-63-750-PPVA-N3,1
1928,Festo,1463475,DSBC-63-80-PPSA-N3EX4,1
1929,Festo,1383581,DSBC-63-80-PPVA-N3,1
1930,Festo,1383581,DSBC-63-80-PPVA-N3,1
1931,Festo,1463483,DSBC-63-800-PPVA-N3,1
1932,Festo,1463483,DSBC-63-850-PPVA-N3,1
1933,Festo,1463483,DSBC-63-90-PPVA-N3,1
1934,Festo,1383337,DSBC-80-100-PPVA-N3,1
1935,Festo,1463495,DSBC-80-120-T-PPVA-N3,1
1936,Festo,1463504,DSBC-80-1200-PPVA-N3,1
1937,Festo,1383338,DSBC-80-125-PPVA-N3,1
1938,Festo,1383338,DSBC-80-125-PPVA-N3,1
1939,Festo,1463495,DSBC-80-15-T-PPVA-N3,1
1940,Festo,1463495,DSBC-80-15-T-PPVA-N3,1
1941,Festo,1383339,DSBC-80-160-PPVA-N3,1
1942,Festo,1383373,DSBC-80-200-PPSA-N3,1
1943,Festo,1383340,DSBC-80-200-PPVA-N3,1
1944,Festo,1463504,DSBC-80-240-PPVA-N3,1
1945,Festo,1383333,DSBC-80-25-PPVA-N3,1
1946,Festo,1383341,DSBC-80-250-PPVA-N3,1
1947,Festo,1383341,DSBC-80-250-PPVA-N3,1
1948,Festo,1463495,DSBC-80-250-PPVA-N3R3,1
1949,Festo,163430,DSBC-80-250-PPVA-N3T1,1
1950,Festo,1463504,DSBC-80-260-PPVA-N3,1
1951,Festo,2126600,DSBC-80-300-PPVA-N3,1
1952,Festo,1383342,DSBC-80-320-PPVA-N3,1
1953,Festo,1463504,DSBC-80-330-PPVA-N3,1
1954,Festo,1463504,DSBC-80-340-PPVA-N3,1
1955,Festo,1383334,DSBC-80-40-PPVA-N3,1
1956,Festo,1383334,DSBC-80-40-PPVA-N3,1
1957,Festo,1463495,DSBC-80-40-PPVA-N3T4,1
1958,Festo,1383343,DSBC-80-400-PPVA-N3,1
1959,Festo,1463504,DSBC-80-420-PPVA-N3,1
1960,Festo,1463495,DSBC-80-50-PPSA-N3R3,1
1961,Festo,1383335,DSBC-80-50-PPVA-N3,1
1962,Festo,1383335,DSBC-80-50-PPVA-N3,1
1963,Festo,1463504,DSBC-80-519-PPVA-N3,1
1964,Festo,1463504,DSBC-80-519-PPVA-N3,1
1965,Festo,1463504,DSBC-80-65-PPVA-N3,1
1966,Festo,2126598,DSBC-80-70-PPVA-N3,1
1967,Festo,1463504,DSBC-80-730-PPVA-N3,1
1968,Festo,1463504,DSBC-80-750-PPVA-N3,1
1969,Festo,1383336,DSBC-80-80-PPVA-N3,1
1970,Festo,1463504,DSBC-80-860-PPVA-N3,1
1971,Festo,1463504,DSBC-80-90-PPVA-N3,1
1972,Festo,1463495,DSBC-80-90-PPVA-N3T1,1
1973,Festo,1463504,DSBC-80-900-PPVA-N3,1
1974,Festo,1461995,DSBC-L-40-100-PA-N3,1
1975,Festo,1463520,DSBC-Q-100-80-T-PPVA-N3,1
1976,Festo,1463250,DSBC-Q-32-30-PPVA-N3,1
1977,Festo,1463250,DSBC-Q-32-30-PPVA-N3,1
1978,Festo,1461995,DSBC-Q-40-25-PPVA-N3,1
1979,Festo,1461995,DSBC-Q-40-25-PPVA-N3,1
1980,Festo,1461995,DSBC-Q-40-50-PPVA-N3,1
1981,Festo,1463475,DSBC-Q-63-250-PPVA-N3,1
1982,Festo,1463495,DSBC-Q-80-50-PPVA-N3,1
1983,Festo,1463495,DSBC-Q-80-50-PPVA-N3,1
1984,Festo,753088,DSBC/G - 32,1
1985,Festo,753092,DSBC/G- -80 -,1
1986,Festo,8004985,DSBC/G- 125- -,1
1987,Festo,8004992,DSBC/G- 125- -T1,1
1988,Festo,753088,DSBC/G- 32- -,1
1989,Festo,753088,DSBC/G- 32- -,1
1990,Festo,753088,DSBC/G- 32- -,1
1991,Festo,753089,DSBC/G- 40- -,1
1992,Festo,753089,DSBC/G- 40- -,1
1993,Festo,753090,DSBC/G- 50- -,1
1994,Festo,753091,DSBC/G- 63- -,1
1995,Festo,8005460,DSBC/G- 63- -T4/U,1
1996,Festo,753092,DSBC/G- 80- -,1
1997,Festo,753093,DSBC/G-100- -,1
1998,Festo,8004992,DSBC/G-125-T1,1
1999,Festo,1261950,DSBC/G-50-PPV,1
2000,Festo,753091,DSBC/G-63,1
2001,Festo,752725,DSBF-C-100- -,1
2002,Festo,1782257,DSBF-C-100-100-PPVA-N3-R,1
2003,Festo,570082,DSBF-C-100-148-PPVA-N3A3-R,1
2004,Festo,1781598,DSBF-C-100-150-PPVA-N3-R,1
2005,Festo,1781598,DSBF-C-100-65-PPVA-N3-R,1
2006,Festo,1773756,DSBF-C-32-100-PPVA-N3-R,1
2007,Festo,1773753,DSBF-C-32-40-PPVA-N3-R,1
2008,Festo,570077,DSBF-C-32-70-PPVA-N3A3-R,1
2009,Festo,570077,DSBF-C-32-70-PPVA-N3A3-R,1
2010,Festo,1774264,DSBF-C-40-125-PPVA-N3-R,1
2011,Festo,1774262,DSBF-C-40-80-PPVA-N3-R,1
2012,Festo,752722,DSBF-C-50- -,1
2013,Festo,1780285,DSBF-C-50-50-PPSA-N3-R,1
2014,Festo,1775260,DSBF-C-50-50-PPVA-N3-R,1
2015,Festo,752723,DSBF-C-63- -,1
2016,Festo,570080,DSBF-C-63-200-PPVA-N3-R,1
2017,Festo,1775324,DSBF-C-63-230-PPVA-N3-R,1
2018,Festo,1780600,DSBF-C-63-30-PPSA-N3-R,1
2019,Festo,1775324,DSBF-C-63-30-PPVA-N3-R,1
2020,Festo,1780907,DSBF-C-63-50-PPSA-N3-R,1
2021,Festo,752724,DSBF-C-80- -,1
2022,Festo,1778433,DSBF-C-80-100-PPVA-N3-R,1
2023,Festo,1778184,DSBF-C-80-155-PPVA-N3-R,1
2024,Festo,570081,DSBF-C-80-190-PPVA-20E-R,1
2025,Festo,1778436,DSBF-C-80-200-PPVA-N3-R,1
2026,Festo,1778436,DSBF-C-80-200-PPVA-N3-R,1
2027,Festo,1778184,DSBF-C-80-62-PPVA-N3-R,1
2028,Festo,1646809,DSBG-100-250-PPVA-N3,1
2029,Festo,1646812,DSBG-100-500-PPVA-N3,1
2030,Festo,1646800,DSBG-100-60-PPVA-N3,1
2031,Festo,2159626,DSBG-125-100-PPVA-N3,1
2032,Festo,2159627,DSBG-125-125-PPVA-N3,1
2033,Festo,2045493,DSBG-125-250-PPVA-N3R3,1
2034,Festo,2159632,DSBG-125-400-PPVA-N3,1
2035,Festo,2159633,DSBG-125-500-PPVA-N3,1
2036,Festo,8025174,DSBG-160- -,1
2037,Festo,8025249,DSBG-160- -T4,1
2038,Festo,2029466,DSBG-160-100-PPVA-N3,1
2039,Festo,2029466,DSBG-160-100-PPVA-N3,1
2040,Festo,2029469,DSBG-160-200-PPVA-N3,1
2041,Festo,2029470,DSBG-160-250-PPVA-N3,1
2042,Festo,2035926,DSBG-160-300-PPVA-N3,1
2043,Festo,2036032,DSBG-160-300-PPVA-N3T4,1
2044,Festo,2029473,DSBG-160-500-PPVA-N3,1
2045,Festo,2035926,DSBG-160-570-PPVA-N3,1
2046,Festo,2035926,DSBG-160-700-PPVA-N3,1
2047,Festo,8025175,DSBG-200- -,1
2048,Festo,8025250,DSBG-200- -T4,1
2049,Festo,2390144,DSBG-200-125-PPVA-N3,1
2050,Festo,2390144,DSBG-200-125-PPVA-N3,1
2051,Festo,2390149,DSBG-200-400-PPVA-N3,1
2052,Festo,2344936,DSBG-200-500-PPVA-N3T4,1
2053,Festo,8037154,DSBG-250- -,1
2054,Festo,2865078,DSBG-250-320-PPVA-N3,1
2055,Festo,2865078,DSBG-250-400-PPVA-N3,1
2056,Festo,2865078,DSBG-250-400-PPVA-N3,1
2057,Festo,1638850,DSBG-32-200-PPVA-N3,1
2058,Festo,1646714,DSBG-50-125-PPVA-N3,1
2059,Festo,1646707,DSBG-50-125-PPVA-N3-145V,1
2060,Festo,1646715,DSBG-50-160-PPVA-N3,1
2061,Festo,1646716,DSBG-50-200-PPVA-N3,1
2062,Festo,1646739,DSBG-63-170-PPVA-N3,1
2063,Festo,1646742,DSBG-63-50-PPVA-N3,1
2064,Festo,1646770,DSBG-80-1240-PPVA-N3,1
2065,Festo,1646777,DSBG-80-160-PPVA-N3,1
2066,Festo,1646773,DSBG-80-50-PPVA-N3,1
2067,Festo,1646774,DSBG-80-80-PPVA-N3,1
2068,Festo,2036032,DSBG-V-160-400-PPVA-N3,1
2069,Festo,2036032,DSBG-V-160-400-PPVA-N3,1
2070,Festo,2344936,DSBG-V-200-125-PPVA-N3,1
2071,Festo,2344936,DSBG-V-200-125-T-PPV-N3,1
2072,Festo,2344936,DSBG-V-200-1500-PPV-N3,1
2073,Festo,556664,DSL-25-40-270-CC-A-S20-KF-B,1
2074,Festo,556528,DSL-32-125-270-P-A-S2-B,1
2075,Festo,119754,DSM- 32- 270P,1
2076,Festo,119754,DSM- 32- 270P,1
2077,Festo,384307,DSM- 32-270-P,1
2078,Festo,547572,DSM-12-270-CC-A-B,1
2079,Festo,547571,DSM-12-270-P-FW-A-B,1
2080,Festo,547576,DSM-16-270-CC-A-B,1
2081,Festo,547576,DSM-16-270-CC-A-B,1
2082,Festo,547575,DSM-16-270-P-FW-A-B,1
2083,Festo,547575,DSM-16-270-P-FW-A-B,1
2084,Festo,547580,DSM-25-270-CC-A-B,1
2085,Festo,547581,DSM-25-270-CC-FW-A-B,1
2086,Festo,547598,DSM-25-270-FW-A-B,1
2087,Festo,547578,DSM-25-270-P-A-B,1
2088,Festo,547579,DSM-25-270-P-FW-A-B,1
2089,Festo,566208,DSM-25-270-P1-FW-A-B,1
2090,Festo,547584,DSM-32-270-CC-A-B,1
2091,Festo,547585,DSM-32-270-CC-FW-A-B,1
2092,Festo,1369125,DSM-32-270-CC-HD-A-B,1
2093,Festo,547582,DSM-32-270-P-A-B,1
2094,Festo,547582,DSM-32-270-P-A-B,1
2095,Festo,547582,DSM-32-270-P-A-B,1
2096,Festo,704076,DSM-32-B,1
2097,Festo,547588,DSM-40-270-CC-A-B,1
2098,Festo,547586,DSM-40-270-P-A-B,1
2099,Festo,547587,DSM-40-270-P-FW-A-B,1
2100,Festo,1145099,DSM-T-25-270-P-FW-A-B,1
2101,Festo,19183,DSNU-10-10-P-A,1
2102,Festo,1908251,DSNU-10-15-P-A,1
2103,Festo,19184,DSNU-10-25-P-A,1
2104,Festo,193987,DSNU-10-30-P-A-MQ,1
2105,Festo,14325,DSNU-10-35-P-A,1
2106,Festo,19185,DSNU-10-40-P-A,1
2107,Festo,19186,DSNU-10-50-P-A,1
2108,Festo,19187,DSNU-10-80-P-A,1
2109,Festo,14325,DSNU-10-90-P-A,1
2110,Festo,14325,DSNU-10-90-P-A,1
2111,Festo,19189,DSNU-12-10-P-A,1
2112,Festo,193988,DSNU-12-10-PPV-A,1
2113,Festo,19194,DSNU-12-100-P-A,1
2114,Festo,14324,DSNU-12-136-P-A,1
2115,Festo,14324,DSNU-12-140-P-A,1
2116,Festo,193988,DSNU-12-140-PPV-A,1
2117,Festo,1908255,DSNU-12-15-P-A,1
2118,Festo,193988,DSNU-12-15-P-A-MQ-Q,1
2119,Festo,193988,DSNU-12-16-P-A-23K8,1
2120,Festo,14324,DSNU-12-18-P-A,1
2121,Festo,1908256,DSNU-12-20-P-A,1
2122,Festo,19190,DSNU-12-25-P-A,1
2123,Festo,19190,DSNU-12-25-P-A,1
2124,Festo,19190,DSNU-12-25-P-A,1
2125,Festo,193988,DSNU-12-25-P-A-MQ,1
2126,Festo,193988,DSNU-12-25-P-A-R3,1
2127,Festo,19191,DSNU-12-40-P-A,1
2128,Festo,19192,DSNU-12-50-P-A,1
2129,Festo,193988,DSNU-12-50-P-A-S2,1
2130,Festo,19198,DSNU-16-10-P-A,1
2131,Festo,1908266,DSNU-16-10-PPV-A,1
2132,Festo,1908266,DSNU-16-10-PPV-A,1
2133,Festo,19203,DSNU-16-100-P-A,1
2134,Festo,559267,DSNU-16-100-PPS-A,1
2135,Festo,19232,DSNU-16-100-PPV-A,1
2136,Festo,14320,DSNU-16-110-PPV-A,1
2137,Festo,14320,DSNU-16-120-PPV-A,1
2138,Festo,19204,DSNU-16-125-P-A,1
2139,Festo,19233,DSNU-16-125-PPV-A,1
2140,Festo,193989,DSNU-16-125-PPV-A-Q-75K8,1
2141,Festo,193989,DSNU-16-125-PPV-A-R3,1
2142,Festo,1908259,DSNU-16-15-P-A,1
2143,Festo,1908275,DSNU-16-15-PPS-A,1
2144,Festo,1908267,DSNU-16-15-PPV-A,1
2145,Festo,1908281,DSNU-16-150-PPS-A,1
2146,Festo,1908273,DSNU-16-150-PPV-A,1
2147,Festo,1908273,DSNU-16-150-PPV-A,1
2148,Festo,19234,DSNU-16-160-PPV-A,1
2149,Festo,193989,DSNU-16-180-PPS-A-MQ,1
2150,Festo,14320,DSNU-16-180-PPV-A,1
2151,Festo,1908260,DSNU-16-20-P-A,1
2152,Festo,1908268,DSNU-16-20-PPV-A,1
2153,Festo,19199,DSNU-16-25-P-A,1
2154,Festo,19199,DSNU-16-25-P-A,1
2155,Festo,33973,DSNU-16-25-PPV-A,1
2156,Festo,33973,DSNU-16-25-PPV-A,1
2157,Festo,1908261,DSNU-16-30-P-A,1
2158,Festo,1908277,DSNU-16-30-PPS-A,1
2159,Festo,1908269,DSNU-16-30-PPV-A,1
2160,Festo,1908262,DSNU-16-35-P-A,1
2161,Festo,1908270,DSNU-16-35-PPV-A,1
2162,Festo,19200,DSNU-16-40-P-A,1
2163,Festo,19200,DSNU-16-40-P-A,1
2164,Festo,19229,DSNU-16-40-PPV-A,1
2165,Festo,193989,DSNU-16-40-PPV-A-R3,1
2166,Festo,19201,DSNU-16-50-P-A,1
2167,Festo,19230,DSNU-16-50-PPV-A,1
2168,Festo,1908263,DSNU-16-60-P-A,1
2169,Festo,1908271,DSNU-16-60-PPV-A,1
2170,Festo,1908271,DSNU-16-60-PPV-A,1
2171,Festo,1908264,DSNU-16-70-P-A,1
2172,Festo,14320,DSNU-16-75-PPV-A,1
2173,Festo,14320,DSNU-16-75-PPV-A,1
2174,Festo,19202,DSNU-16-80-P-A,1
2175,Festo,19231,DSNU-16-80-PPV-A,1
2176,Festo,19231,DSNU-16-80-PPV-A,1
2177,Festo,193989,DSNU-16-80-PPV-A-Q,1
2178,Festo,19207,DSNU-20-10-P-A,1
2179,Festo,1908289,DSNU-20-10-PPV-A,1
2180,Festo,1908289,DSNU-20-10-PPV-A,1
2181,Festo,1908289,DSNU-20-10-PPV-A,1
2182,Festo,193990,DSNU-20-10-PPV-A-K3,1
2183,Festo,193990,DSNU-20-10-PPV-A-R3,1
2184,Festo,19239,DSNU-20-100-PPV-A,1
2185,Festo,193990,DSNU-20-100-PPV-A-S2-25K2,1
2186,Festo,14321,DSNU-20-110-PPV-A,1
2187,Festo,14321,DSNU-20-12-PPV-A,1
2188,Festo,193990,DSNU-20-120-PPV-A-MQ-Q,1
2189,Festo,19240,DSNU-20-125-PPV-A,1
2190,Festo,193990,DSNU-20-125-PPV-A-S2-25K2,1
2191,Festo,14321,DSNU-20-140-PPV-A,1
2192,Festo,1908282,DSNU-20-15-P-A,1
2193,Festo,1908282,DSNU-20-15-P-A,1
2194,Festo,193990,DSNU-20-15-P-A-S2-25K2,1
2195,Festo,1908290,DSNU-20-15-PPV-A,1
2196,Festo,14321,DSNU-20-175-PPV-A,1
2197,Festo,14328,DSNU-20-180-P-A,1
2198,Festo,14321,DSNU-20-180-PPV-A,1
2199,Festo,1908283,DSNU-20-20-P-A,1
2200,Festo,193990,DSNU-20-20-P-A-S2-25K2,1
2201,Festo,1908291,DSNU-20-20-PPV-A,1
2202,Festo,19215,DSNU-20-200-P-A,1
2203,Festo,19242,DSNU-20-200-PPV-A,1
2204,Festo,19242,DSNU-20-200-PPV-A,1
2205,Festo,19208,DSNU-20-25-P-A,1
2206,Festo,529419,DSNU-20-25-P-A,1
2207,Festo,193990,DSNU-20-25-P-A-MQ,1
2208,Festo,193990,DSNU-20-25-P-A-S2-25K2,1
2209,Festo,559271,DSNU-20-25-PPS-A,1
2210,Festo,193990,DSNU-20-25-PPS-A-R3,1
2211,Festo,33974,DSNU-20-25-PPV-A,1
2212,Festo,19216,DSNU-20-250-P-A,1
2213,Festo,19243,DSNU-20-250-PPV-A,1
2214,Festo,193990,DSNU-20-30-P-A-S2-25K2,1
2215,Festo,19217,DSNU-20-300-P-A,1
2216,Festo,19244,DSNU-20-300-PPV-A,1
2217,Festo,193990,DSNU-20-310-PPV-A-30K8,1
2218,Festo,163451,DSNU-20-35-PPV-A,1
2219,Festo,19209,DSNU-20-40-P-A,1
2220,Festo,193990,DSNU-20-40-P-A-S2-25K2,1
2221,Festo,19236,DSNU-20-40-PPV-A,1
2222,Festo,193990,DSNU-20-40-PPV-A-Q-15K8,1
2223,Festo,14321,DSNU-20-400-PPV-A,1
2224,Festo,19210,DSNU-20-50-P-A,1
2225,Festo,193990,DSNU-20-50-P-A-S2-25K2,1
2226,Festo,19237,DSNU-20-50-PPV-A,1
2227,Festo,19237,DSNU-20-50-PPV-A,1
2228,Festo,193990,DSNU-20-500-PPV-A-KP,1
2229,Festo,193990,DSNU-20-500-PPV-A-KP,1
2230,Festo,193990,DSNU-20-500-PPV-A-KP,1
2231,Festo,1908294,DSNU-20-60-PPV-A,1
2232,Festo,193990,DSNU-20-65-PPV-A,1
2233,Festo,1908287,DSNU-20-70-P-A,1
2234,Festo,193990,DSNU-20-70-P-A-S2-25K2,1
2235,Festo,1908295,DSNU-20-70-PPV-A,1
2236,Festo,14328,DSNU-20-75-P-A,1
2237,Festo,14328,DSNU-20-75-P-A,1
2238,Festo,19211,DSNU-20-80-P-A,1
2239,Festo,19211,DSNU-20-80-P-A,1
2240,Festo,193990,DSNU-20-80-P-A-S2-25K2,1
2241,Festo,559274,DSNU-20-80-PPS-A,1
2242,Festo,19238,DSNU-20-80-PPV-A,1
2243,Festo,19238,DSNU-20-80-PPV-A,1
2244,Festo,14321,DSNU-20-95-PPV-A,1
2245,Festo,19218,DSNU-25-10-P-A,1
2246,Festo,193991,DSNU-25-10-P-A-MQ,1
2247,Festo,1908312,DSNU-25-10-PPV-A,1
2248,Festo,19223,DSNU-25-100-P-A,1
2249,Festo,19248,DSNU-25-100-PPV-A,1
2250,Festo,19248,DSNU-25-100-PPV-A,1
2251,Festo,193991,DSNU-25-100-PPV-A-KP,1
2252,Festo,193991,DSNU-25-100-PPV-A-Q,1
2253,Festo,193991,DSNU-25-100-PPV-A-R3,1
2254,Festo,14322,DSNU-25-120-PPV-A,1
2255,Festo,19224,DSNU-25-125-P-A,1
2256,Festo,19249,DSNU-25-125-PPV-A,1
2257,Festo,19249,DSNU-25-125-PPV-A,1
2258,Festo,19249,DSNU-25-125-PPV-A,1
2259,Festo,193991,DSNU-25-125-PPV-A-S2,1
2260,Festo,193991,DSNU-25-130-P-A-MQ-R3,1
2261,Festo,14322,DSNU-25-140-PPV-A,1
2262,Festo,193991,DSNU-25-15-P-A-MA,1
2263,Festo,193991,DSNU-25-15-P-A-MA,1
2264,Festo,193991,DSNU-25-15-P-A-MA-R3,1
2265,Festo,1908313,DSNU-25-15-PPV-A,1
2266,Festo,193991,DSNU-25-15-PPV-A-Q,1
2267,Festo,193991,DSNU-25-15-PPV-A-Q,1
2268,Festo,193991,DSNU-25-150-P-A,1
2269,Festo,1908319,DSNU-25-150-PPV-A,1
2270,Festo,19225,DSNU-25-160-P-A,1
2271,Festo,19250,DSNU-25-160-PPV-A,1
2272,Festo,193991,DSNU-25-170-PPS-A,1
2273,Festo,14322,DSNU-25-175-PPV-A,1
2274,Festo,1908306,DSNU-25-20-P-A,1
2275,Festo,193991,DSNU-25-20-P-A-MQ,1
2276,Festo,19226,DSNU-25-200-P-A,1
2277,Festo,193991,DSNU-25-200-P-A-R3,1
2278,Festo,19250,DSNU-25-200-PPV-A,1
2279,Festo,19251,DSNU-25-200-PPV-A,1
2280,Festo,193991,DSNU-25-200-PPV-A-MQ,1
2281,Festo,193991,DSNU-25-200-PPV-A-Q,1
2282,Festo,193991,DSNU-25-200-PPV-A-R3,1
2283,Festo,14322,DSNU-25-220-PPV-A,1
2284,Festo,14322,DSNU-25-230-PPV-A,1
2285,Festo,19219,DSNU-25-25-P-A,1
2286,Festo,193991,DSNU-25-25-P-A-MQ-R3,1
2287,Festo,33975,DSNU-25-25-PPV-A,1
2288,Festo,19227,DSNU-25-250-P-A,1
2289,Festo,193991,DSNU-25-250-P-A-75K8,1
2290,Festo,559290,DSNU-25-250-PPS-A,1
2291,Festo,19252,DSNU-25-250-PPV-A,1
2292,Festo,14327,DSNU-25-275-P-A,1
2293,Festo,14322,DSNU-25-280-PPV-A,1
2294,Festo,1908323,DSNU-25-30-PPS-A,1
2295,Festo,1908315,DSNU-25-30-PPV-A,1
2296,Festo,19228,DSNU-25-300-P-A,1
2297,Festo,19253,DSNU-25-300-PPV-A,1
2298,Festo,34721,DSNU-25-320-PPV-A,1
2299,Festo,19220,DSNU-25-40-P-A,1
2300,Festo,19220,DSNU-25-40-P-A,1
2301,Festo,559283,DSNU-25-40-PPS-A,1
2302,Festo,193991,DSNU-25-40-PPS-A-R3,1
2303,Festo,19245,DSNU-25-40-PPV-A,1
2304,Festo,35193,DSNU-25-400-PPV-A,1
2305,Festo,14322,DSNU-25-450-PPV-A,1
2306,Festo,19221,DSNU-25-50-P-A,1
2307,Festo,559284,DSNU-25-50-PPS-A,1
2308,Festo,559284,DSNU-25-50-PPS-A,1
2309,Festo,193991,DSNU-25-50-PPS-A-R3,1
2310,Festo,19246,DSNU-25-50-PPV-A,1
2311,Festo,19246,DSNU-25-50-PPV-A,1
2312,Festo,193991,DSNU-25-50-PPV-A-R3,1
2313,Festo,193991,DSNU-25-500-PPV-A-KP,1
2314,Festo,1908309,DSNU-25-60-P-A,1
2315,Festo,1908317,DSNU-25-60-PPV-A,1
2316,Festo,1908318,DSNU-25-70-PPV-A,1
2317,Festo,14327,DSNU-25-75-P-A,1
2318,Festo,14322,DSNU-25-75-PPV-A,1
2319,Festo,19222,DSNU-25-80-P-A,1
2320,Festo,559285,DSNU-25-80-PPS-A,1
2321,Festo,19247,DSNU-25-80-PPV-A,1
2322,Festo,19247,DSNU-25-80-PPV-A,1
2323,Festo,19247,DSNU-25-80-PPV-A,1
2324,Festo,193991,DSNU-25-80-PPV-A-Q,1
2325,Festo,193991,DSNU-25-80-PPV-A-R3,1
2326,Festo,14322,DSNU-25-93-PPV-A,1
2327,Festo,5249365,DSNU-32-10-P-A,1
2328,Festo,193992,DSNU-32-10-PPV-A,1
2329,Festo,196024,DSNU-32-100-PPV-A,1
2330,Festo,193992,"DSNU-32-100-PPV-A-2K6-""M10""K5",1
2331,Festo,195985,DSNU-32-125-P-A,1
2332,Festo,193992,DSNU-32-125-PPS-A-S2-R3,1
2333,Festo,196025,DSNU-32-125-PPV-A,1
2334,Festo,193992,DSNU-32-140-PPV-A,1
2335,Festo,193992,DSNU-32-150-PPV-A,1
2336,Festo,196026,DSNU-32-160-PPV-A,1
2337,Festo,196026,DSNU-32-160-PPV-A,1
2338,Festo,196026,DSNU-32-160-PPV-A,1
2339,Festo,196026,DSNU-32-160-PPV-A,1
2340,Festo,193992,DSNU-32-20-PPV-A,1
2341,Festo,195987,DSNU-32-200-P-A,1
2342,Festo,196027,DSNU-32-200-PPV-A,1
2343,Festo,195980,DSNU-32-25-P-A,1
2344,Festo,196020,DSNU-32-25-PPV-A,1
2345,Festo,196028,DSNU-32-250-PPV-A,1
2346,Festo,193992,DSNU-32-270-PPV-A,1
2347,Festo,196029,DSNU-32-320-PPV-A,1
2348,Festo,559296,DSNU-32-40-PPS-A,1
2349,Festo,196021,DSNU-32-40-PPV-A,1
2350,Festo,193992,DSNU-32-430-PPV-A,1
2351,Festo,195982,DSNU-32-50-P-A,1
2352,Festo,195982,DSNU-32-50-P-A,1
2353,Festo,559297,DSNU-32-50-PPS-A,1
2354,Festo,196022,DSNU-32-50-PPV-A,1
2355,Festo,193992,"DSNU-32-50-PPV-A-2K6-""M10""K5",1
2356,Festo,193992,DSNU-32-50-PPV-A-R3,1
2357,Festo,193992,DSNU-32-75-PPV-A,1
2358,Festo,559298,DSNU-32-80-PPS-A,1
2359,Festo,196023,DSNU-32-80-PPV-A,1
2360,Festo,195994,DSNU-40-100-P-A,1
2361,Festo,196034,DSNU-40-100-PPV-A,1
2362,Festo,193993,DSNU-40-100-PPV-A-R3,1
2363,Festo,5262530,DSNU-40-15-P-A,1
2364,Festo,193993,DSNU-40-15-P-A-MQ,1
2365,Festo,193993,DSNU-40-20-PPV-A,1
2366,Festo,196037,DSNU-40-200-PPV-A,1
2367,Festo,193993,DSNU-40-25-P-A-R3,1
2368,Festo,193993,DSNU-40-350-PPV-A,1
2369,Festo,193993,DSNU-40-400-P-A,1
2370,Festo,193993,DSNU-40-400-PPV-A,1
2371,Festo,193993,DSNU-40-50-P-A-MQ,1
2372,Festo,193994,DSNU-50-10-PPV-A,1
2373,Festo,196005,DSNU-50-125-P-A,1
2374,Festo,559320,DSNU-50-125-PPS-A,1
2375,Festo,196045,DSNU-50-125-PPV-A,1
2376,Festo,193994,DSNU-50-160-PPV-A-MH,1
2377,Festo,193994,DSNU-50-160-PPV-A-R3,1
2378,Festo,196040,DSNU-50-25-PPV-A,1
2379,Festo,196009,DSNU-50-320-P-A,1
2380,Festo,193994,DSNU-50-40-P-A-MQ-K3,1
2381,Festo,193994,DSNU-50-60-PPV-A,1
2382,Festo,196055,DSNU-63-125-PPV-A,1
2383,Festo,193995,DSNU-63-125-PPV-A-S6,1
2384,Festo,193995,DSNU-63-125-PPV-A-S6-R3,1
2385,Festo,196056,DSNU-63-160-PPV-A,1
2386,Festo,193995,DSNU-63-70-P-A-MA,1
2387,Festo,196053,DSNU-63-80-PPV-A,1
2388,Festo,19177,DSNU-8-10-P-A,1
2389,Festo,19178,DSNU-8-25-P-A,1
2390,Festo,193986,DSNU-8-25-P-A-S2,1
2391,Festo,19181,DSNU-8-80-P-A,1
2392,Festo,5216099,DSNU-S-16-125-P-A-MQ,1
2393,Festo,5216099,DSNU-S-16-125-P-A-MQ,1
2394,Festo,332262,DSR- 25- 180P,1
2395,Festo,11909,DSR-12-180-P,1
2396,Festo,11910,DSR-16-180-P,1
2397,Festo,11911,DSR-25-180-P,1
2398,Festo,11911,DSR-25-180-P,1
2399,Festo,11911,DSR-25-180-P,1
2400,Festo,11912,DSR-32-180-P,1
2401,Festo,13467,DSR-40-180-P,1
2402,Festo,383850,DSR/L-32-180-P,1
2403,Festo,383851,DSR/L-40-180-P,1
2404,Festo,30655,DSRL-16-180-P-FW,1
2405,Festo,30656,DSRL-25-180-P-FW,1
2406,Festo,30657,DSRL-32-180-P-FW,1
2407,Festo,548373,DYEF-M8-Y1F,1
2408,Festo,1155690,DYHR-16-20-Y5,1
2409,Festo,548012,DYSC-7-5-Y1F,1
2410,Festo,548013,DYSC-8-8-Y1F,1
2411,Festo,1138642,DYSR-12-12-Y5,1
2412,Festo,1138644,DYSR-16-20-Y5,1
2413,Festo,1138646,DYSR-20-25-Y5,1
2414,Festo,1138647,DYSR-20-25-Y5-T,1
2415,Festo,8069002,DYSS-8-8-Y1F,1
2416,Festo,8111384,DYSS-G8-4-4-Y1F-G2,1
2417,Festo,161227,DZF-12-50-A-P-A,1
2418,Festo,161237,DZF-18-10-A-P-A,1
2419,Festo,161246,DZF-25-15-A-P-A,1
2420,Festo,164024,DZF-25-15-P-A,1
2421,Festo,161252,DZF-25-40-A-P-A,1
2422,Festo,161246,DZF-25-5-A-P-A,1
2423,Festo,161259,DZF-32-135-A-P-A,1
2424,Festo,161262,DZF-32-25-A-P-A-S6,1
2425,Festo,161266,DZF-32-50-A-P-A,1
2426,Festo,161259,DZF-32-60-A-P-A,1
2427,Festo,161267,DZF-32-80-A-P-A,1
2428,Festo,164052,DZF-40-15-P-A-S6,1
2429,Festo,164052,DZF-40-15-P-A-S6,1
2430,Festo,164066,DZF-50-15-P-A-S6,1
2431,Festo,164068,DZF-50-25-P-A,1
2432,Festo,164070,DZF-50-50-P-A,1
2433,Festo,161313,DZF-63-100-A-P-A,1
2434,Festo,161304,DZF-63-60-A-P-A,1
2435,Festo,161312,DZF-63-80-A-P-A,1
2436,Festo,121127,DZH- 25- PPVA,1
2437,Festo,108709,DZH- 63-PPV-A,1
2438,Festo,151156,DZH-16-60-PPV-A-S6,1
2439,Festo,151140,DZH-20-160-PPV-A,1
2440,Festo,151141,DZH-20-200-PPV-A,1
2441,Festo,151127,DZH-25-160-PPV-A,1
2442,Festo,151128,DZH-25-200-PPV-A,1
2443,Festo,151121,DZH-25-25-PPV-A,1
2444,Festo,151129,DZH-25-250-PPV-A,1
2445,Festo,151122,DZH-25-40-PPV-A,1
2446,Festo,150293,DZH-25-90-PPV-A,1
2447,Festo,150293,DZH-25-90-PPV-A,1
2448,Festo,150293,DZH-25-90-PPV-A,1
2449,Festo,14050,DZH-32-300-PPV-A,1
2450,Festo,14040,DZH-32-320-PPV-A,1
2451,Festo,14043,DZH-32-50-PPV-A,1
2452,Festo,14044,DZH-32-80-PPV-A,1
2453,Festo,14056,DZH-40-100-PPV-A,1
2454,Festo,14059,DZH-40-200-PPV-A,1
2455,Festo,14051,DZH-40-340-PPV-A,1
2456,Festo,151774,DZH-50-25-PPV-A-S2,1
2457,Festo,14081,DZH-63-200-PPV-A,1
2458,Festo,2783047,EAGF-V2-KF-40-320,1
2459,Festo,543421,EAMC-30-32-6.35-8,1
2460,Festo,1188350,EAMD-42-40-20-16X25,1
2461,Festo,1456618,EAMM-A-N48-60H,1
2462,Festo,4824833,EAMM-A-T46-60P,1
2463,Festo,36486,EB-145-60,1
2464,Festo,36487,EB-165-65,1
2465,Festo,36493,EB-250-185,1
2466,Festo,571751,EB-60-33-SA,1
2467,Festo,15892,EG-6-10-PK-3,1
2468,Festo,15893,EG-6-15-PK-3,1
2469,Festo,556815,EGC-120-1300-TB-KF-0H-GK,1
2470,Festo,743151,EGC-120-1300-YT-TB-KF-0H-GK,1
2471,Festo,556815,EGC-120-2804-TB-KF-0H-GK-C,1
2472,Festo,556815,EGC-120-50-TB-KF-50H-GK,1
2473,Festo,3013367,EGC-120-800-TB-KF-0H-GK,1
2474,Festo,723111,EGC-120-TB: STD,1
2475,Festo,556817,EGC-185-3654-TB-KF-0H-GV-C,1
2476,Festo,556813,EGC-70-450-TB-KF-25H-GQ,1
2477,Festo,722900,EGC-70-KF-GP/GQ,1
2478,Festo,556814,EGC-80-1400-TB-KF-0H-GK,1
2479,Festo,556814,EGC-80-1400-TB-KF-0H-GK,1
2480,Festo,556814,EGC-80-350-TB-KF-0H-GK,1
2481,Festo,743150,EGC-80-350-YT-TB-KF-0H-GK,1
2482,Festo,556814,EGC-80-400-TB-KF-50H-GK-C,1
2483,Festo,556814,EGC-80-613-TB-KF-0H-GV,1
2484,Festo,8048366,EGSC-BS-KF-60-200-12P,1
2485,Festo,559335,EGSL-BS-45-100-10P,1
2486,Festo,15037,EGZ-10-10,1
2487,Festo,15038,EGZ-10-15,1
2488,Festo,15040,EGZ-16-10,1
2489,Festo,15041,EGZ-16-15,1
2490,Festo,8082391,ELCC-TB-KF-60-1000-0H-P0-CR,1
2491,Festo,3217494,ELGA-TB-70,1
2492,Festo,570504,ELGA-TB-G-120-2770-0H,1
2493,Festo,1202754,ELGA-TB-G-80,1
2494,Festo,1211188,ELGA-TB-G-80,1
2495,Festo,570503,ELGA-TB-G-80-1650-0H,1
2496,Festo,570503,ELGA-TB-G-80-1850-0H,1
2497,Festo,570503,ELGA-TB-G-80-1920-0H,1
2498,Festo,570503,ELGA-TB-G-80-2550-0H,1
2499,Festo,570503,ELGA-TB-G-80-2770-0H,1
2500,Festo,8041864,ELGA-TB-KF-120-400-0H,1
2501,Festo,3547206,ELGA-TB-KF-70,1
2502,Festo,8041862,ELGA-TB-KF-80-1000-0H,1
2503,Festo,8024915,ELGA-TB-KF-80-1400-0H,1
2504,Festo,8024915,ELGA-TB-KF-80-1400-0H,1
2505,Festo,1371247,ELGA-TB-RF-120-1500-0H,1
2506,Festo,1371247,ELGA-TB-RF-120-1655-0H,1
2507,Festo,1371247,ELGA-TB-RF-120-1800-0H,1
2508,Festo,1371247,ELGA-TB-RF-120-1850-0H,1
2509,Festo,1371247,ELGA-TB-RF-120-1915-0H,1
2510,Festo,1371247,ELGA-TB-RF-120-2180-0H,1
2511,Festo,1371247,ELGA-TB-RF-120-2500-0H,1
2512,Festo,1371247,ELGA-TB-RF-120-2765-0H,1
2513,Festo,1371247,ELGA-TB-RF-120-3025-0H,1
2514,Festo,1371247,ELGA-TB-RF-120-3300-0H,1
2515,Festo,1371245,ELGA-TB-RF-70-650-0H-L-P0,1
2516,Festo,1374397,ELGA-TB-RF-70-L,1
2517,Festo,1371246,ELGA-TB-RF-80-1000-80H-L,1
2518,Festo,1371246,ELGA-TB-RF-80-2650-0H,1
2519,Festo,1371246,ELGA-TB-RF-80-2770-0H,1
2520,Festo,1371246,ELGA-TB-RF-80-4900-0H-S-P0,1
2521,Festo,1371246,ELGA-TB-RF-80-950-0H-S-P0,1
2522,Festo,754563,ELGA-YA-TB-G-80-2550-0H,1
2523,Festo,758730,ELGA-YA-TB-RF-80-2650-0H,1
2524,Festo,8040750,ELGA-YT-TB-KF-120-1600-0H,1
2525,Festo,8040750,ELGA-YT-TB-KF-120-1600-0H,1
2526,Festo,758723,ELGA-YT-TB-RF-70-650-0H,1
2527,Festo,8061499,ELGC-BS-KF-80-200-16P,1
2528,Festo,8061502,ELGC-BS-KF-80-500-16P,1
2529,Festo,8062772,ELGC-TB-KF-45-800,1
2530,Festo,8062791,ELGC-TB-KF-80-1000,1
2531,Festo,8083791,ELGR-TB-55-1000-0H,1
2532,Festo,560507,ELGR-TB-55-600-0H+2SA2NC2NM2MA,1
2533,Festo,560507,ELGR-TB-55-750-0H+2SA2NC2NM2MA,1
2534,Festo,750135,ELGR-YT-TB-55-600-0H,1
2535,Festo,750135,ELGR-YT-TB-55-750-0H,1
2536,Festo,8124463,ELGT-BS-120-1000-10P,1
2537,Festo,8124409,ELGT-BS-90-500-10P,1
2538,Festo,552196,EMGA-120-P-G3-SAS-100,1
2539,Festo,549430,EMGA-60-P-G3-SST-57,1
2540,Festo,2297687,EMGA-60-P-G5-EAS-60,1
2541,Festo,552194,EMGA-80-P-G3-SAS-100,1
2542,Festo,8097182,EMMB-AS-60-04-K-S30SB,1
2543,Festo,2093168,EMME-AS-80-M-LS-AS,1
2544,Festo,1574609,EMMS-AS-140-S-HS-RRB,1
2545,Festo,1370479,EMMS-ST-57-M-SE-G2,1
2546,Festo,550122,EMMT-AS-100-S-HS-RS,1
2547,Festo,5255528,EMMT-AS-100-S-HS-RSB,1
2548,Festo,8148270,EMMT-AS-150-M-HS-R2S,1
2549,Festo,5242212,EMMT-AS-60-L-LS-RS,1
2550,Festo,5242205,EMMT-AS-60-M-LS-RM,1
2551,Festo,5242206,EMMT-AS-60-M-LS-RSB,1
2552,Festo,5255433,EMMT-AS-80-M-LS-RS,1
2553,Festo,5428908,EPCC-BS-60-200-12P-A,1
2554,Festo,8118266,EPCS-BS-60-75-5P-A-ST-M-H1-PLK-AA,1
2555,Festo,2954695,ERMO-12-ST-E-L,1
2556,Festo,2215384,ESBF-BS-32-200-5P,1
2557,Festo,8022598,ESBF-BS-50-200-20P,1
2558,Festo,574096,ESBF-BS-63-100-10P,1
2559,Festo,574093,ESBF-BS-63-100-5P,1
2560,Festo,574111,ESBF-BS-80-100-32P,1
2561,Festo,574104,ESBF-BS-80-100-5P,1
2562,Festo,574091,ESBF-BS-80-300-5P-S1-R3-20E,1
2563,Festo,189174,ESG-30-BS-HA-QS,1
2564,Festo,189174,ESG-30-BS-HC-QS,1
2565,Festo,189176,ESG-50,1
2566,Festo,189219,ESH-HC-4-QS,1
2567,Festo,189219,ESH-HC-4-QS,1
2568,Festo,189229,ESH-HCL-4-QS,1
2569,Festo,151521,ESK-1/4-1/4,1
2570,Festo,19260,ESNU-12-10-P-A,1
2571,Festo,193999,ESNU-16-10-P-A-MA,1
2572,Festo,19264,ESNU-16-25-P-A,1
2573,Festo,19265,ESNU-16-50-P-A,1
2574,Festo,19267,ESNU-20-25-P-A,1
2575,Festo,19269,ESNU-25-10-P-A,1
2576,Festo,19269,ESNU-25-10-P-A,1
2577,Festo,19271,ESNU-25-50-P-A,1
2578,Festo,196378,ESNU-32-50-P-A,1
2579,Festo,194003,ESNU-40-25-P-A-8K8,1
2580,Festo,196384,ESNU-50-50-P-A,1
2581,Festo,194004,ESNU-50-50-P-A-MA,1
2582,Festo,525988,ESS-100-GT-G1/4,1
2583,Festo,189378,ESS-20-BN,1
2584,Festo,189400,ESS-20-CN,1
2585,Festo,189384,ESS-30-BS,1
2586,Festo,189301,ESS-30-SS,1
2587,Festo,189273,ESS-4-SNA,1
2588,Festo,189386,ESS-40-BN,1
2589,Festo,189388,ESS-40-BS,1
2590,Festo,525992,ESS-40-BT-G1/4,1
2591,Festo,189348,ESS-40-ES,1
2592,Festo,189306,ESS-40-SS,1
2593,Festo,189390,ESS-50-BN,1
2594,Festo,189392,ESS-50-BS,1
2595,Festo,525996,ESS-50-BT-G1/4,1
2596,Festo,189391,ESS-50-BU,1
2597,Festo,189352,ESS-50-ES,1
2598,Festo,525979,ESS-50-GT-G1/4,1
2599,Festo,191054,ESV-20-BN,1
2600,Festo,526000,ESV-30-GT,1
2601,Festo,190987,ESV-30-SF,1
2602,Festo,190988,ESV-30-SNA,1
2603,Festo,190986,ESV-30-SS,1
2604,Festo,190985,ESV-30-SU,1
2605,Festo,191075,ESV-40-CN,1
2606,Festo,526003,ESV-60-GT,1
2607,Festo,190999,ESV-60-SN,1
2608,Festo,151993,EV-10/30-3,1
2609,Festo,151994,EV-10/30-DP,1
2610,Festo,150681,EV-12-3,1
2611,Festo,13289,EV-15/40-4,1
2612,Festo,13290,EV-15/63-4,1
2613,Festo,13784,EV-15/63-DP,1
2614,Festo,150683,EV-20-4,1
2615,Festo,13292,EV-20/120-5,1
2616,Festo,13293,EV-20/180-5,1
2617,Festo,13291,EV-20/75-5,1
2618,Festo,150684,EV-25-4,1
2619,Festo,150685,EV-32-5,1
2620,Festo,184857,EV-40-5,1
2621,Festo,184860,EV-40-DP,1
2622,Festo,8992,F-5-1/4-B,1
2623,Festo,533118,FBA-2-M12-5POL-RK,1
2624,Festo,532216,FBS-SUB-9-GS-DP-B,1
2625,Festo,18324,FBSD-GD-9-5POL,1
2626,Festo,19168,FEN-12/16-180-GF,1
2627,Festo,33481,FEN-12/16-40-KF,1
2628,Festo,33481,FEN-12/16-80-KF,1
2629,Festo,33482,FEN-20-200-KF,1
2630,Festo,33482,FEN-20-25-KF,1
2631,Festo,8204036,FEN-25-100-KF,1
2632,Festo,19170,FEN-25-125-GF,1
2633,Festo,33483,FEN-25-150-KF,1
2634,Festo,19170,FEN-25-200-GF,1
2635,Festo,8204039,FEN-25-200-KF,1
2636,Festo,33483,FEN-25-250-KF,1
2637,Festo,19170,FEN-25-80-GF,1
2638,Festo,34486,FENG-100-200-GF,1
2639,Festo,150290,FENG-32-400-KF,1
2640,Festo,34493,FENG-32-50-KF,1
2641,Festo,34482,FENG-40-100-GF,1
2642,Festo,34482,FENG-40-130-GF,1
2643,Festo,34502,FENG-40-200-KF,1
2644,Festo,34503,FENG-40-250-KF,1
2645,Festo,34505,FENG-40-500-KF,1
2646,Festo,34488,FENG-40-60-KF,1
2647,Festo,34507,FENG-50-100-KF,1
2648,Festo,34483,FENG-50-140-GF,1
2649,Festo,34512,FENG-50-500-KF,1
2650,Festo,34489,FENG-50-80-KF,1
2651,Festo,34517,FENG-63-250-KF,1
2652,Festo,34484,FENG-63-320-GF,1
2653,Festo,34522,FENG-80-100-KF,1
2654,Festo,34522,FENG-80-100-KF,1
2655,Festo,34485,FENG-80-125-GF,1
2656,Festo,34485,FENG-80-200-GF,1
2657,Festo,34525,FENG-80-250-KF,1
2658,Festo,34491,FENG-80-70-KF,1
2659,Festo,2063,FK-M10,1
2660,Festo,6140,"FK-M10X1,25",1
2661,Festo,6141,"FK-M12X1,25",1
2662,Festo,6142,"FK-M16X1,5",1
2663,Festo,6142,"FK-M16X1,5",1
2664,Festo,6143,"FK-M20X1,5",1
2665,Festo,30984,FK-M5,1
2666,Festo,2062,FK-M8,1
2667,Festo,200215,FKB-12X24,1
2668,Festo,200285,FKB-16X32,1
2669,Festo,8037008,FMA-50-10-1/4-EN New style PAGN-P-50-1M-G14,1
2670,Festo,159598,"FMA-50-2,5-1/4-EN",1
2671,Festo,8037000,FMA-63-10-1/4-EN New style PAGN-P-63-1M-G14,1
2672,Festo,162843,FMAP-63-4-1/4-EN,1
2673,Festo,537247,FNC-20,1
2674,Festo,8997,FP-5-1/4-B,1
2675,Festo,6411,FR-8-1/2,1
2676,Festo,2078,FR-8-1/4,1
2677,Festo,2077,FR-8-1/8,1
2678,Festo,159595,FRB-D-MIDI,1
2679,Festo,8002340,FRC-1/2-D-7-MIDI-MPA,1
2680,Festo,185847,FRC-1/2-D-MIDI-KF,1
2681,Festo,8002264,FRC-1/2-D-MIDI-MPA,1
2682,Festo,8002353,FRC-1/4-D-5M-MINI-MPA,1
2683,Festo,162755,FRC-1/4-D-7-MINI,1
2684,Festo,185818,FRC-1/4-D-MINI-KC-A,1
2685,Festo,8002267,FRC-1/4-D-MINI-MPA,1
2686,Festo,8002352,FRC-1/8-D-5M-MINI-MPA,1
2687,Festo,531133,FRC-1/8-D-7-5M-MICRO-H replace MSB4-1/8-FRC5:J1M1,1
2688,Festo,8002346,FRC-3/8-D-7-MINI-A-MPA,1
2689,Festo,185845,FRC-3/8-D-MIDI-KF,1
2690,Festo,8002262,FRC-3/8-D-MIDI-MPA,1
2691,Festo,8002332,FRC-3/8-D-MINI-MPA,1
2692,Festo,8002332,FRC-3/8-D-MINI替代FRC-3/8-D-MINI-MPA,1
2693,Festo,186523,FRM-1/4-D-MIDI,1
2694,Festo,170686,FRM-D-MAXI,1
2695,Festo,170685,FRM-D-MIDI,1
2696,Festo,170684,FRM-D-MINI,1
2697,Festo,162794,FRM-H-3/4-D-MAXI,1
2698,Festo,159592,FRZ-D-MIDI,1
2699,Festo,13237,FSR-25,1
2700,Festo,3876,FVS-3-1/8,1
2701,Festo,13240,FWSR-25,1
2702,Festo,14656,FWSR-40,1
2703,Festo,116515,G1/8,1
2704,Festo,116517,G3/8,1
2705,Festo,539292,GF-1/2-1/4,1
2706,Festo,2094,GF-1/4,1
2707,Festo,2094,GF-1/4,1
2708,Festo,555960,GF-1/4-SA,1
2709,Festo,2095,GF-3/8,1
2710,Festo,3634,GGO-1/4-3/8,1
2711,Festo,3720,GR-1/2,1
2712,Festo,2101,GR-1/4,1
2713,Festo,151215,GR-1/8-B,1
2714,Festo,152612,GR-1/8X2-B,1
2715,Festo,6308,GR-3/8-B,1
2716,Festo,534685,GR-QB-1/2-U,1
2717,Festo,193967,GR-QS-4,1
2718,Festo,193969,GR-QS-6,1
2719,Festo,193969,GR-QS-6,1
2720,Festo,193970,GR-QS-8,1
2721,Festo,6509,GRA-1/4-B,1
2722,Festo,10353,GRE-1/2,1
2723,Festo,10352,GRE-1/4,1
2724,Festo,10351,GRE-1/8,1
2725,Festo,35310,GRE-3/8,1
2726,Festo,151179,GRLA-1/2-B,1
2727,Festo,193152,GRLA-1/2-QS-12-D,1
2728,Festo,534344,GRLA-1/2-QS-12-RS-D,1
2729,Festo,151172,GRLA-1/4-B,1
2730,Festo,151174,GRLA-1/4-PK-6-B,1
2731,Festo,193148,GRLA-1/4-QS-10-D,1
2732,Festo,534340,GRLA-1/4-QS-10-RS-D,1
2733,Festo,534340,GRLA-1/4-QS-10-RS-D,1
2734,Festo,193146,GRLA-1/4-QS-6-D,1
2735,Festo,534338,GRLA-1/4-QS-6-RS-D,1
2736,Festo,193147,GRLA-1/4-QS-8-D,1
2737,Festo,534339,GRLA-1/4-QS-8-RS-D,1
2738,Festo,151175,GRLA-1/4-RS-B,1
2739,Festo,151175,GRLA-1/4-RS-B,1
2740,Festo,151175,GRLA-1/4-RS-B,1
2741,Festo,151165,GRLA-1/8-B,1
2742,Festo,151167,GRLA-1/8-PK-4-B,1
2743,Festo,193143,GRLA-1/8-QS-4-D,1
2744,Festo,197580,GRLA-1/8-QS-4-RS-D,1
2745,Festo,193144,GRLA-1/8-QS-6-D,1
2746,Festo,193144,GRLA-1/8-QS-6-D,1
2747,Festo,193144,GRLA-1/8-QS-6-D,1
2748,Festo,197581,GRLA-1/8-QS-6-RS-D,1
2749,Festo,193145,GRLA-1/8-QS-8-D,1
2750,Festo,537076,GRLA-1/8-QS-8-MF-D,1
2751,Festo,534337,GRLA-1/8-QS-8-RS-D,1
2752,Festo,151169,GRLA-1/8-RS-B,1
2753,Festo,151178,GRLA-3/8-B,1
2754,Festo,193151,GRLA-3/8-QS-10-D,1
2755,Festo,534343,GRLA-3/8-QS-10-RS-D,1
2756,Festo,193149,GRLA-3/8-QS-6-D,1
2757,Festo,162969,GRLA-3/8-QS-6-RS-B Alternative GRLA-3/8-QS-6-RS-D,1
2758,Festo,193150,GRLA-3/8-QS-8-D,1
2759,Festo,534342,GRLA-3/8-QS-8-RS-D,1
2760,Festo,175038,GRLA-M3,1
2761,Festo,175041,GRLA-M3-QS-3,1
2762,Festo,151160,GRLA-M5-B,1
2763,Festo,151162,GRLA-M5-PK-4-B,1
2764,Festo,193138,GRLA-M5-QS-4-D,1
2765,Festo,175056,GRLA-M5-QS-4-LF-C,1
2766,Festo,197577,GRLA-M5-QS-4-RS-D,1
2767,Festo,193139,GRLA-M5-QS-6-D,1
2768,Festo,193139,GRLA-M5-QS-6-D,1
2769,Festo,197578,GRLA-M5-QS-6-RS-D,1
2770,Festo,151181,GRLO-M5-B,1
2771,Festo,175057,GRLO-M5-QS-4-LF-C,1
2772,Festo,151195,GRLZ-1/4-B,1
2773,Festo,151197,GRLZ-1/4-PK-6-B,1
2774,Festo,151198,GRLZ-1/4-RS-B,1
2775,Festo,151190,GRLZ-1/8-PK-4-B,1
2776,Festo,151191,GRLZ-1/8-PK-6-B,1
2777,Festo,151191,GRLZ-1/8-PK-6-B,1
2778,Festo,193157,GRLZ-1/8-QS-4-D,1
2779,Festo,193157,GRLZ-1/8-QS-4-D,1
2780,Festo,193158,GRLZ-1/8-QS-6-D,1
2781,Festo,193159,GRLZ-1/8-QS-8-D,1
2782,Festo,193155,GRLZ-M5-QS-6-D,1
2783,Festo,151186,GRLZ-M5-RS-B,1
2784,Festo,2109,GRO-1/4,1
2785,Festo,151216,GRO-1/8-B,1
2786,Festo,151214,GRO-M5-B,1
2787,Festo,193973,GRO-QS-6,1
2788,Festo,193973,GRO-QS-6,1
2789,Festo,12961,GRP-160-PK-4,1
2790,Festo,13230,GRPO-160-PK-4,1
2791,Festo,9517,GRU-1/4-B,1
2792,Festo,9516,GRU-1/8-B,1
2793,Festo,9520,GRU-3/4-B,1
2794,Festo,11689,H-1/4-B,1
2795,Festo,3324,H-1/8-A/I,1
2796,Festo,8995,H-5-1/4-B,1
2797,Festo,153465,H-QS-10,1
2798,Festo,153466,H-QS-12,1
2799,Festo,153463,H-QS-6,1
2800,Festo,153464,H-QS-8,1
2801,Festo,153456,HA-3/8-QS-10,1
2802,Festo,184586,HAB-1/4,1
2803,Festo,153453,HB-1/8-QS-8,1
2804,Festo,153457,HB-3/8-QS-10,1
2805,Festo,162813,HE-1-D-MAXI,1
2806,Festo,162810,HE-1/2-D-MIDI,1
2807,Festo,186513,HE-1/4-D-MIDI,1
2808,Festo,162807,HE-1/4-D-MINI,1
2809,Festo,153473,HE-2-3/8-QS-10,1
2810,Festo,153469,HE-2-QS-10,1
2811,Festo,153470,HE-2-QS-12,1
2812,Festo,153467,HE-2-QS-6,1
2813,Festo,153468,HE-2-QS-8,1
2814,Festo,153477,HE-3-QS-10,1
2815,Festo,153478,HE-3-QS-12,1
2816,Festo,153475,HE-3-QS-6,1
2817,Festo,153475,HE-3-QS-6,1
2818,Festo,153476,HE-3-QS-8,1
2819,Festo,162809,HE-3/8-D-MIDI,1
2820,Festo,162808,HE-3/8-D-MINI,1
2821,Festo,170683,HE-D-MAXI,1
2822,Festo,170682,HE-D-MIDI,1
2823,Festo,170681,HE-D-MINI,1
2824,Festo,172944,HEE-1/2-D-MIDI-24,1
2825,Festo,165071,HEE-1/4-D-MINI-24,1
2826,Festo,172950,HEE-3/4-D-MAXI-24,1
2827,Festo,165074,HEE-3/8-D-MINI-24,1
2828,Festo,172962,HEE-D-MAXI-24,1
2829,Festo,172962,HEE-D-MAXI-24,1
2830,Festo,172959,HEE-D-MIDI-24,1
2831,Festo,533537,HEE-D-MIDI-24 -SA,1
2832,Festo,172958,HEE-D-MINI-230,1
2833,Festo,172956,HEE-D-MINI-24,1
2834,Festo,172956,HEE-D-MINI-24,1
2835,Festo,165080,HEL-1/2-D-MIDI,1
2836,Festo,165076,HEL-1/8-D-MINI,1
2837,Festo,170691,HEL-D-MIDI,1
2838,Festo,170690,HEL-D-MINI,1
2839,Festo,159593,HFOE-D-MIDI/MAXI,1
2840,Festo,159638,HFOE-D-MINI,1
2841,Festo,530033,HGL-1/2-B,1
2842,Festo,34880,HGL-1/2-NPT,1
2843,Festo,530031,HGL-1/4-B,1
2844,Festo,530041,HGL-1/4-QS-8,1
2845,Festo,543253,HGL-1/8-1/8-B,1
2846,Festo,543253,HGL-1/8-1/8-B,1
2847,Festo,530030,HGL-1/8-B,1
2848,Festo,530040,HGL-1/8-QS-6,1
2849,Festo,530040,HGL-1/8-QS-6,1
2850,Festo,530032,HGL-3/8-B,1
2851,Festo,530043,HGL-3/8-QS-8,1
2852,Festo,530029,HGL-M5-B,1
2853,Festo,3361484,HGPL-25-40-A-B,1
2854,Festo,3361486,HGPL-25-80-A-B,1
2855,Festo,560216,HGPT-40-A-B,1
2856,Festo,560219,HGPT-40-A-B-F,1
2857,Festo,560222,HGPT-50-A-B,1
2858,Festo,537940,HMP-16-320-B-SL-2G4,1
2859,Festo,530026,HMR-D-MIDI,1
2860,Festo,537241,HNA-32,1
2861,Festo,174374,HNC-100,1
2862,Festo,150732,HP-32,1
2863,Festo,150732,HP-32,1
2864,Festo,533667,HPC-18,1
2865,Festo,529353,HPV-22-30-A,1
2866,Festo,159503,HR-1/4-P,1
2867,Festo,162804,HR-D-MIDI,1
2868,Festo,164936,HR-D-MINI,1
2869,Festo,164936,HR-D-MINI,1
2870,Festo,9784,HS-4/3-1/2-B--New style--VHER-H-B43C-B-G12,1
2871,Festo,30925,HSR-25-FW,1
2872,Festo,369589,ILR-03,1
2873,Festo,333063,ISO 1 C,1
2874,Festo,370799,ISO 4762-M4X65-8.8,1
2875,Festo,33970,ISV-1/4,1
2876,Festo,8823,JH-5-1/8,1
2877,Festo,683048,JH-5/2-D-3-C,1
2878,Festo,173082,JMEBH-5/2-1/8-B-230AC,1
2879,Festo,173433,JMEH-5/2-1/8-P-B,1
2880,Festo,10166,JMFH-5-1/2,1
2881,Festo,10410,JMFH-5-1/4,1
2882,Festo,19789,JMFH-5-1/4-B,1
2883,Festo,535913,JMFH-5-1/4-EX,1
2884,Festo,8820,JMFH-5-1/8,1
2885,Festo,30486,JMFH-5-1/8-B,1
2886,Festo,19702,JMFH-5-3/8-S-B,1
2887,Festo,150980,JMFH-5/2-D-1-C,1
2888,Festo,150980,JMFH-5/2-D-1-C,1
2889,Festo,152563,JMFH-5/2-D-1-S-C,1
2890,Festo,535966,JMFH-5/2-D-1-S-C-EX,1
2891,Festo,159717,JMN1DH-5/2-D-1-S-C,1
2892,Festo,160897,JMN1DH-5/2-D-3-S-C,1
2893,Festo,159690,JMN1H-5/2-D-1-C,1
2894,Festo,159690,JMN1H-5/2-D-1-C,1
2895,Festo,159689,JMN1H-5/2-D-1-S-C,1
2896,Festo,159702,JMN1H-5/2-D-2-C,1
2897,Festo,159702,JMN1H-5/2-D-2-C,1
2898,Festo,159701,JMN1H-5/2-D-2-S-C,1
2899,Festo,159714,JMN1H-5/2-D-3-C,1
2900,Festo,159713,JMN1H-5/2-D-3-S-C,1
2901,Festo,19136,JMVH-5-1/4-B,1
2902,Festo,30475,JMVH-5-1/8-B,1
2903,Festo,14948,JMVH-5-3/8-B,1
2904,Festo,13793,K/O-3-PK-3,1
2905,Festo,13793,K/O-3-PK-3,1
2906,Festo,18960,KASI-ADR,1
2907,Festo,4087,KD2-M5-A,1
2908,Festo,531626,KD3-1/4-A,1
2909,Festo,2142,KD3-1/8-A,1
2910,Festo,531659,KD3-1/8-A-R,1
2911,Festo,531627,KD3-1/8-I,1
2912,Festo,531629,KD3-CK-4,1
2913,Festo,531630,KD3-CK-6,1
2914,Festo,2145,KD4-1/2-A,1
2915,Festo,531638,KD4-1/2-I,1
2916,Festo,2143,KD4-1/4-A,1
2917,Festo,2143,KD4-1/4-A,1
2918,Festo,531694,KD4-1/4-A-R,1
2919,Festo,531636,KD4-1/4-I,1
2920,Festo,2144,KD4-3/8-A,1
2921,Festo,531637,KD4-3/8-I,1
2922,Festo,531641,KD4-N-9,1
2923,Festo,152510,KDVF6-12,1
2924,Festo,30931,"KMC-1-24DC-2,5-LED",1
2925,Festo,30933,KMC-1-24DC-5-LED,1
2926,Festo,30943,KME-1-24-2.5-LED,1
2927,Festo,151688,"KMEB-1-24-2,5-LED",1
2928,Festo,151688,KMEB-1-24-2.5-LED,1
2929,Festo,151688,KMEB-1-24-2.5-LED,1
2930,Festo,151689,KMEB-1-24-5-LED,1
2931,Festo,174844,"KMEB-2-24-2,5-LED",1
2932,Festo,177677,"KMEB-2-24-M12-0,5-LED",1
2933,Festo,18625,KMP3-25P-16-10,1
2934,Festo,193689,KMYZ-9-24-5-LED-PUR-B替代NEBV-Z4WA2L-R-E-5-N-LE2-S1,1
2935,Festo,178456,KP-12-600,1
2936,Festo,178457,KP-16-1000,1
2937,Festo,4090,KS2-CK-4,1
2938,Festo,531658,KS2-M5-A,1
2939,Festo,531666,KS3-1/4-A,1
2940,Festo,3492,KS3-1/8-A,1
2941,Festo,531668,KS3-1/8-I,1
2942,Festo,3326,KS3-CK-4,1
2943,Festo,3478,KS3-CK-6,1
2944,Festo,531676,KS4-1/2-A,1
2945,Festo,2154,KS4-1/4-A,1
2946,Festo,531677,KS4-1/4-A-R,1
2947,Festo,2155,KS4-3/8-A,1
2948,Festo,2151,KS4-CK-6,1
2949,Festo,531683,KS4-CK-9,1
2950,Festo,2153,KS4-N-9,1
2951,Festo,175833,KSM-6,1
2952,Festo,152507,KSV6-12,1
2953,Festo,540328,"KVI-CP-3-WS-WD-0,5",1
2954,Festo,540329,KVI-CP-3-WS-WD-2,1
2955,Festo,540329,KVI-CP-3-WS-WD-2,1
2956,Festo,540331,KVI-CP-3-WS-WD-8,1
2957,Festo,158907,KYP-18,1
2958,Festo,158910,KYP-40,1
2959,Festo,31766,LBG-100,1
2960,Festo,31761,LBG-32,1
2961,Festo,31762,LBG-40,1
2962,Festo,31763,LBG-50,1
2963,Festo,2078795,LBG-63-R3,1
2964,Festo,31765,LBG-80,1
2965,Festo,6058,LBN-12/16,1
2966,Festo,6059,LBN-20/25,1
2967,Festo,195860,LBN-32,1
2968,Festo,6057,LBN-8/10,1
2969,Festo,4472,LCK-1/4-PK-6,1
2970,Festo,4472,LCK-1/4-PK-6,1
2971,Festo,4469,LCK-1/8-PK-4,1
2972,Festo,4469,LCK-1/8-PK-4,1
2973,Festo,4470,LCK-1/8-PK-6,1
2974,Festo,6260,LCK-1/8-PK-6-KU,1
2975,Festo,4562,LCK-M5-PK-4,1
2976,Festo,12258,LCN-M5-PK-4,1
2977,Festo,543668,LDM1-1/2-D-MAXI-600,1
2978,Festo,217383,"LEFC2-20X14X2,55-NBR",1
2979,Festo,217383,"LEFC2-20X14X2,55-NBR",1
2980,Festo,159615,LF-1-D-MAXI,1
2981,Festo,159619,LF-1-D-MAXI-A,1
2982,Festo,186463,LF-1/2-D-MAXI,1
2983,Festo,159613,LF-1/4-D-MINI,1
2984,Festo,159613,LF-1/4-D-MINI,1
2985,Festo,159614,LF-3/4-D-MAXI,1
2986,Festo,159576,LF-3/8-D-MIDI,1
2987,Festo,162606,LF-3/8-D-MINI,1
2988,Festo,192562,LF-D-5M-MAXI-A,1
2989,Festo,192558,LF-D-5M-MIDI,1
2990,Festo,646231,LF/LFR-D-MAXI-A：ERS,1
2991,Festo,646231,LF/LFR-D-MAXI-A:SP,1
2992,Festo,646229,LF/LFR-D-MIDI-A:SP,1
2993,Festo,646228,LF/LFR-D-MIDI:ERS,1
2994,Festo,646226,LF/LFR-D-MINI:ERS,1
2995,Festo,646230,LF/LFR/FRC-D-MAXI:ERS,1
2996,Festo,532788,LFACP-MIDI,1
2997,Festo,532842,LFMA-D-MAXI-DA-A,1
2998,Festo,192564,LFMA-D-MIDI,1
2999,Festo,532841,LFMA-D-MIDI-DA-A,1
3000,Festo,192563,LFMA-D-MINI,1
3001,Festo,726176,LFMA/B-...-MIDI-A ET,1
3002,Festo,162676,LFMAP-D-MAXI,1
3003,Festo,162675,LFMAP-D-MIDI,1
3004,Festo,532836,LFMB-1-D-MAXI-DA-A,1
3005,Festo,532815,LFMB-D-MIDI-DA-A,1
3006,Festo,192572,LFMB-D-MINI-A,1
3007,Festo,162669,LFMBA-3/8-D-MIDI-A,1
3008,Festo,162679,LFMBP-D-MAXI,1
3009,Festo,162678,LFMBP-D-MIDI,1
3010,Festo,363664,LFP-D-MAXI-40M,1
3011,Festo,546486,LFP-D-MAXI-40M-U,1
3012,Festo,159641,LFP-D-MAXI-5M,1
3013,Festo,363667,LFP-D-MIDI-40M,1
3014,Festo,159594,LFP-D-MIDI-5M,1
3015,Festo,363665,LFP-D-MINI-40M,1
3016,Festo,363665,LFP-D-MINI-40M,1
3017,Festo,159640,LFP-D-MINI-5M,1
3018,Festo,10497,LFPU-1,1
3019,Festo,10496,LFPU-1/2,1
3020,Festo,664736,LFR 50/8-6-2Z,1
3021,Festo,162733,LFR-1-D-5M-MAXI-A-MPA,1
3022,Festo,192619,LFR-1-D-5M-O-MAXI,1
3023,Festo,8002315,LFR-1-D-7-MAXI-A-MPA,1
3024,Festo,8002315,LFR-1-D-7-MAXI-A-MPA,1
3025,Festo,8002315,LFR-1-D-7-MAXI-A-MPA,1
3026,Festo,8002285,LFR-1-D-MAXI-A-MPA,1
3027,Festo,159633,LFR-1-D-MAXI-MPA,1
3028,Festo,8002281,LFR-1-D-MAXI-MPA,1
3029,Festo,8002281,LFR-1-D-MAXI-MPA,1
3030,Festo,162730,LFR-1/2-D-5M-MIDI-A,1
3031,Festo,8002320,LFR-1/2-D-5M-MIDI-MPA,1
3032,Festo,192617,LFR-1/2-D-5M-O-MAXI,1
3033,Festo,186495,LFR-1/2-D-7-MAXI,1
3034,Festo,186496,LFR-1/2-D-7-MAXI-A,1
3035,Festo,8002312,LFR-1/2-D-7-MIDI-A-MPA,1
3036,Festo,162706,LFR-1/2-D-7-MIDI-MPA,1
3037,Festo,8002304,LFR-1/2-D-7-MIDI-MPA,1
3038,Festo,8002378,LFR-1/2-D-MAXI-A-MPA,1
3039,Festo,159585,LFR-1/2-D-MIDI-A,1
3040,Festo,159585,LFR-1/2-D-MIDI-A replace LFR-1/2-D-MIDI-A-MPA,1
3041,Festo,8002261,LFR-1/2-D-MIDI-A-MPA,1
3042,Festo,185739,LFR-1/2-D-MIDI-KC,1
3043,Festo,185739,LFR-1/2-D-MIDI-KC,1
3044,Festo,185740,LFR-1/2-D-MIDI-KC-A,1
3045,Festo,185775,LFR-1/2-D-MIDI-KF,1
3046,Festo,159584,LFR-1/2-D-MIDI-MPA,1
3047,Festo,8002260,LFR-1/2-D-MIDI-MPA,1
3048,Festo,8002260,LFR-1/2-D-MIDI-MPA,1
3049,Festo,8002260,LFR-1/2-D-MIDI替代LFR-1/2-D-MIDI-MPA,1
3050,Festo,162690,LFR-1/2-D-O-MIDI,1
3051,Festo,186486,LFR-1/4-D-5M-MIDI-A replace LFR-1/4-D-5M-MIDI-A-MPA,1
3052,Festo,8002325,LFR-1/4-D-5M-MINI-A-MPA,1
3053,Festo,8002317,LFR-1/4-D-5M-MINI-MPA,1
3054,Festo,8002375,LFR-1/4-D-7-MIDI-A-MPA,1
3055,Festo,8002309,LFR-1/4-D-7-MINI-A-MPA,1
3056,Festo,8002309,LFR-1/4-D-7-MINI-A-MPA,1
3057,Festo,8002301,LFR-1/4-D-7-MINI-MPA,1
3058,Festo,8002301,LFR-1/4-D-7-MINI-MPA,1
3059,Festo,8002374,LFR-1/4-D-MIDI-A-MPA,1
3060,Festo,186481,LFR-1/4-D-MIDI-MPA,1
3061,Festo,8002283,LFR-1/4-D-MINI-A-MPA,1
3062,Festo,185733,LFR-1/4-D-MINI-KC,1
3063,Festo,185769,LFR-1/4-D-MINI-KF,1
3064,Festo,8002279,LFR-1/4-D-MINI-MPA,1
3065,Festo,8002279,LFR-1/4-D-MINI-MPA,1
3066,Festo,186482,LFR-1/4-D-O-MIDI,1
3067,Festo,162687,LFR-1/4-D-O-MINI,1
3068,Festo,539685,LFR-1/4-DB-7-MINI,1
3069,Festo,192610,LFR-1/8-D-5M-O-MINI,1
3070,Festo,8002308,LFR-1/8-D-7-MINI-A New style LFR-1/8-D-7-MINI-A-MPA,1
3071,Festo,8002308,LFR-1/8-D-7-MINI-A-MPA,1
3072,Festo,8002300,LFR-1/8-D-7-MINI-MPA,1
3073,Festo,8002300,LFR-1/8-D-7-MINI-MPA,1
3074,Festo,8002282,LFR-1/8-D-MINI-A-MPA,1
3075,Festo,8002282,LFR-1/8-D-MINI-A-MPA,1
3076,Festo,8002278,LFR-1/8-D-MINI-MPA,1
3077,Festo,8002330,LFR-3/4-D-5M-MAXI-A-MPA,1
3078,Festo,192618,LFR-3/4-D-5M-O-MAXI,1
3079,Festo,8002306,LFR-3/4-D-7-MAXI-MPA,1
3080,Festo,192598,LFR-3/4-D-7-O-MAXI,1
3081,Festo,8002284,LFR-3/4-D-MAXI-A-MPA,1
3082,Festo,8002280,LFR-3/4-D-MAXI-MPA,1
3083,Festo,8002280,LFR-3/4-D-MAXI-MPA,1
3084,Festo,8002299,LFR-3/4-D-MIDI-A-MPA,1
3085,Festo,8002297,LFR-3/4-D-MIDI-MPA,1
3086,Festo,162729,LFR-3/8-D-5M-MIDI-A,1
3087,Festo,8002310,LFR-3/8-D-7-MINI-A-MPA,1
3088,Festo,8002302,LFR-3/8-D-7-MINI-MPA,1
3089,Festo,8002259,LFR-3/8-D-MIDI-A-MPA,1
3090,Festo,185737,LFR-3/8-D-MIDI-KC,1
3091,Festo,185738,LFR-3/8-D-MIDI-KC-A,1
3092,Festo,185773,LFR-3/8-D-MIDI-KF,1
3093,Festo,8002258,LFR-3/8-D-MIDI-MPA,1
3094,Festo,8002258,LFR-3/8-D-MIDI-MPA,1
3095,Festo,162684,LFR-3/8-D-MINI-A-MPA,1
3096,Festo,162689,LFR-3/8-D-O-MIDI,1
3097,Festo,162697,LFR-3/8-D-O-MIDI-A,1
3098,Festo,546461,LFR-D-5M-MIDI,1
3099,Festo,546462,LFR-D-5M-MIDI-A,1
3100,Festo,546463,LFR-D-7-MIDI,1
3101,Festo,546464,LFR-D-7-MIDI-A,1
3102,Festo,546425,LFR-D-MIDI,1
3103,Festo,546426,LFR-D-MIDI-A,1
3104,Festo,546432,LFR-D-MINI,1
3105,Festo,546433,LFR-D-MINI-A,1
3106,Festo,546433,LFR-D-MINI-A,1
3107,Festo,194760,LFRS-1/2-D-7-MIDI,1
3108,Festo,195024,LFRS-1/4-D-MINI-KB,1
3109,Festo,10495,LFU-1,1
3110,Festo,10494,LFU-1/2,1
3111,Festo,539133,LFU-3/8,1
3112,Festo,532777,LFX-D-MIDI,1
3113,Festo,4945,LJK-1/8,1
3114,Festo,5147,LN-32,1
3115,Festo,5148,LN-40,1
3116,Festo,5149,LN-50,1
3117,Festo,33895,LNG-100,1
3118,Festo,33890,LNG-32,1
3119,Festo,33891,LNG-40,1
3120,Festo,33892,LNG-50,1
3121,Festo,33893,LNG-63,1
3122,Festo,33894,LNG-80,1
3123,Festo,32962,LNZG-100/125,1
3124,Festo,32959,LNZG-32,1
3125,Festo,32960,LNZG-40/50,1
3126,Festo,32961,LNZG-63/80,1
3127,Festo,159623,LOE-1-D-MAXI,1
3128,Festo,159587,LOE-1/2-D-MIDI,1
3129,Festo,159621,LOE-1/4-D-MINI,1
3130,Festo,159621,LOE-1/4-D-MINI,1
3131,Festo,162681,LOE-3/4-D-MIDI,1
3132,Festo,159586,LOE-3/8-D-MIDI,1
3133,Festo,192576,LOE-D-MIDI,1
3134,Festo,192575,LOE-D-MINI,1
3135,Festo,2950,LOS-3-1/8,1
3136,Festo,184322,LPZ-LD,1
3137,Festo,565316,LPZ-RB-150-B,1
3138,Festo,565317,LPZ-RG-150-B,1
3139,Festo,31769,LQG-40,1
3140,Festo,106328,LR-...-D-MAXI:VOLLST.,1
3141,Festo,106328,LR-...-D-MAXI:VOLLST.,1
3142,Festo,162589,LR-1-D-7-MAXI,1
3143,Festo,159627,LR-1-D-MAXI-MPA,1
3144,Festo,8002277,LR-1-D-MAXI-MPA,1
3145,Festo,162586,LR-1/2-D-7-MIDI,1
3146,Festo,8002370,LR-1/2-D-MAXI replace LR-1/2-D-MAXI-MPA,1
3147,Festo,159581,LR-1/2-D-MIDI-MPA,1
3148,Festo,8002369,LR-1/4-D-7-MIDI-MPA,1
3149,Festo,8002289,LR-1/4-D-7-MINI-MPA,1
3150,Festo,192307,LR-1/4-D-7-O-I-MINI,1
3151,Festo,162599,LR-1/4-D-7-O-MINI,1
3152,Festo,192300,LR-1/4-D-I-MINI,1
3153,Festo,8002390,LR-1/4-D-I-MINI-MPA,1
3154,Festo,8002368,LR-1/4-D-MIDI-MPA,1
3155,Festo,8002368,LR-1/4-D-MIDI-MPA,1
3156,Festo,159625,LR-1/4-D-MINI-MPA,1
3157,Festo,192306,LR-1/4-D-O-I-MINI,1
3158,Festo,186452,LR-1/4-D-O-MIDI,1
3159,Festo,162591,LR-1/4-D-O-MINI,1
3160,Festo,537643,LR-1/4-DB-7-O-MINI,1
3161,Festo,8002389,LR-1/8-D-7-I-MINI-MPA,1
3162,Festo,526263,LR-1/8-D-7-MICRO,1
3163,Festo,8002288,LR-1/8-D-7-MINI-MPA,1
3164,Festo,8002288,LR-1/8-D-7-MINI-MPA,1
3165,Festo,8002288,LR-1/8-D-7-MINI-MPA,1
3166,Festo,8002288,LR-1/8-D-7-MINI-MPA,1
3167,Festo,8002388,LR-1/8-D-I-MINI-MPA,1
3168,Festo,159624,LR-1/8-D-MINI,1
3169,Festo,159624,LR-1/8-D-MINI,1
3170,Festo,8002274,LR-1/8-D-MINI-MPA,1
3171,Festo,8002274,LR-1/8-D-MINI-MPA,1
3172,Festo,162590,LR-1/8-D-O-MINI,1
3173,Festo,162604,LR-3/4-D-7-O-MAXI,1
3174,Festo,159626,LR-3/4-D-MAXI-MPA,1
3175,Festo,162596,LR-3/4-D-O-MAXI,1
3176,Festo,8002291,LR-3/8-D-7-MIDI-MPA,1
3177,Festo,8002290,LR-3/8-D-7-MINI-MPA,1
3178,Festo,8002256,LR-3/8-D-MIDI-MPA,1
3179,Festo,8002286,LR-3/8-D-MINI-MPA,1
3180,Festo,162592,LR-3/8-D-O-MINI,1
3181,Festo,546458,LR-D-7-MIDI,1
3182,Festo,546458,LR-D-7-MIDI,1
3183,Festo,546424,LR-D-MIDI,1
3184,Festo,546430,LR-D-MINI,1
3185,Festo,546430,LR-D-MINI,1
3186,Festo,35429,LR-ZP-A/B-D-3,1
3187,Festo,385776,LR/LFR-...-D-MINI,1
3188,Festo,528954,LRB-1/4-D-O-K2-MINI,1
3189,Festo,529003,LRB-3/8-D-O-K5-MINI,1
3190,Festo,197538,LRB-D-7-O-MIDI,1
3191,Festo,197534,LRB-D-7-O-MINI,1
3192,Festo,197535,LRB-D-O-MINI,1
3193,Festo,525036,LRBAS-1/2-D-MIDI,1
3194,Festo,383997,"LRP-1/4-...0,7-10",1
3195,Festo,159500,"LRP-1/4-0,7",1
3196,Festo,159502,LRP-1/4-10,1
3197,Festo,162834,"LRP-1/4-2,5",1
3198,Festo,159501,LRP-1/4-4,1
3199,Festo,194693,LRPS-1/4-10,1
3200,Festo,194646,LRS-1/2-D-7-MIDI,1
3201,Festo,194610,LRS-1/4-D-MINI,1
3202,Festo,193782,LRVS-D-MIDI,1
3203,Festo,193781,LRVS-D-MINI,1
3204,Festo,5561,LSN-32,1
3205,Festo,31746,LSNG-125,1
3206,Festo,31740,LSNG-32,1
3207,Festo,31741,LSNG-40,1
3208,Festo,31742,LSNG-50,1
3209,Festo,31744,LSNG-80,1
3210,Festo,184318,LSP-1/4-C,1
3211,Festo,184318,LSP-1/4-C,1
3212,Festo,35528,LSP-1/4-D,1
3213,Festo,684474,LUB-KC1 SILIKONFREI 20ML,1
3214,Festo,351754,M30X1.5 CR,1
3215,Festo,183897,MA-23-10-R1/8,1
3216,Festo,8001504,MA-23-16-R1/8 replace PAGN-40-1.6M-G18-CPA,1
3217,Festo,183896,MA-23-6-R1/8,1
3218,Festo,526324,"MA-27-1,0-M5-MPA",1
3219,Festo,526324,"MA-27-10-M5替代MA-27-1,0-M5-MPA",1
3220,Festo,526778,"MA-40-1,0-R1/8-MPA-E-RG",1
3221,Festo,526778,"MA-40-1,0-R1/8-MPA-E-RG",1
3222,Festo,526779,"MA-40-1,6-R1/8-MPA-E-RG",1
3223,Festo,8001505,MA-40-10-G1/4-EN replace PAGN-50-1M-G14-CPA,1
3224,Festo,8001505,MA-40-10-R1/4-EN替代PAGN-50-1M-G14-CPA,1
3225,Festo,8001504,MA-40-16-1/8 replace PAGN-40-1.6M-G18,1
3226,Festo,345395,MA-40-16-1/8替代PAGN-40-1.6M-G18,1
3227,Festo,8001504,MA-40-16-1/8替代PAGN-40-1.6M-G18,1
3228,Festo,8001506,MA-40-16-G1/4-EN replace PAGN-50-1.6M-G14-CPA,1
3229,Festo,546963,"MA-40-2,5-R1/8-E-RG",1
3230,Festo,526780,"MA-50-0,25-R1/4-MPA-E-RG",1
3231,Festo,526781,"MA-50-1,0-R1/4-MPA-E-RG",1
3232,Festo,526782,"MA-50-1,6-R1/4-MPA-E-RG",1
3233,Festo,526781,MA-50-10-R1/4-E-RG,1
3234,Festo,701609,MAE-MS4/6-16-BAR-RG,1
3235,Festo,161126,MAP-40-1-1/8-EN,1
3236,Festo,161128,MAP-40-16-1/8-EN New style PAGN-40-1.6M-R18-1.6,1
3237,Festo,162842,MAP-40-4-1/8-EN New style PAGN-40-0.4M-R18-1.6,1
3238,Festo,161127,MAP-40-6-1/8-EN,1
3239,Festo,161127,MAP-40-6-1/8-EN New style PAGN-40-0.6M-R18-1.6,1
3240,Festo,161127,MAP-40-6-1/8-EN New style PAGN-40-0.6M-R18-1.6,1
3241,Festo,2187,MC-2-1/8,1
3242,Festo,19145,MC-LD-12-24DC,1
3243,Festo,9981,MCH-3-1/2,1
3244,Festo,2199,MCH-3-1/8,1
3245,Festo,12611,MCL,1
3246,Festo,12457,MDH-5/2-3/4-D-4-24DC,1
3247,Festo,43311,MDH-5/2-D-2-C,1
3248,Festo,19141,ME-LD-12-24DC,1
3249,Festo,151717,MEB-LD-12-24DC,1
3250,Festo,173124,MEH-3/2-1/8-B,1
3251,Festo,173127,MEH-5/2-1/8-B,1
3252,Festo,173129,MEH-5/2-1/8-P-B,1
3253,Festo,173145,MEH-5/3E-1/8-B,1
3254,Festo,173147,MEH-5/3E-1/8-P-B,1
3255,Festo,19143,MF-LD-12-24DC,1
3256,Festo,19144,MF-LD-230AC,1
3257,Festo,9857,MFH-3-1/2,1
3258,Festo,7960,MFH-3-1/2-S,1
3259,Festo,9964,MFH-3-1/4,1
3260,Festo,9964,MFH-3-1/4,1
3261,Festo,7959,MFH-3-1/4-S,1
3262,Festo,10873,MFH-3-1/4-S-NPT,1
3263,Festo,335658,MFH-3-1/8,1
3264,Festo,7802,MFH-3-1/8,1
3265,Festo,7802,MFH-3-1/8,1
3266,Festo,7802,MFH-3-1/8,1
3267,Festo,535897,MFH-3-1/8-EX,1
3268,Festo,10834,MFH-3-1/8-NPT,1
3269,Festo,7958,MFH-3-1/8-S,1
3270,Festo,11121,MFH-3-1/8-SEU,1
3271,Festo,11967,MFH-3-3/4,1
3272,Festo,11968,MFH-3-3/4-S,1
3273,Festo,6420,MFH-5-1/2,1
3274,Festo,535908,MFH-5-1/2-EX,1
3275,Festo,35547,MFH-5-1/2-S,1
3276,Festo,6211,MFH-5-1/4,1
3277,Festo,15901,MFH-5-1/4-B,1
3278,Festo,535919,MFH-5-1/4-B-EX,1
3279,Festo,535907,MFH-5-1/4-EX,1
3280,Festo,31010,MFH-5-1/4-L-B,1
3281,Festo,33185,MFH-5-1/4-L-S-B,1
3282,Festo,9976,MFH-5-1/4-NPT,1
3283,Festo,10349,MFH-5-1/4-S,1
3284,Festo,15902,MFH-5-1/4-S-B,1
3285,Festo,12618,MFH-5-1/4-S-NPT,1
3286,Festo,9982,MFH-5-1/8,1
3287,Festo,9982,MFH-5-1/8,1
3288,Festo,19758,MFH-5-1/8-B,1
3289,Festo,535918,MFH-5-1/8-B-EX,1
3290,Festo,535906,MFH-5-1/8-EX,1
3291,Festo,30991,MFH-5-1/8-L-B,1
3292,Festo,10348,MFH-5-1/8-S,1
3293,Festo,12617,MFH-5-1/8-S-NPT,1
3294,Festo,19706,MFH-5-3/8-S-B,1
3295,Festo,150981,MFH-5/2-D-1-C,1
3296,Festo,151016,MFH-5/2-D-1-FR-C,1
3297,Festo,152562,MFH-5/2-D-1-S-C,1
3298,Festo,535957,MFH-5/2-D-1-S-C-EX,1
3299,Festo,151851,MFH-5/2-D-2-C,1
3300,Festo,30485,MFH-5/3B-1/8-B,1
3301,Festo,151875,MFH-5/3B-D-3-C,1
3302,Festo,30483,MFH-5/3E-1/8-B,1
3303,Festo,30994,MFH-5/3E-1/8-S-B,1
3304,Festo,150983,MFH-5/3E-D-1-C,1
3305,Festo,19787,MFH-5/3G-1/4-B,1
3306,Festo,30484,MFH-5/3G-1/8-B,1
3307,Festo,19707,MFH-5/3G-3/8-B,1
3308,Festo,150982,MFH-5/3G-D-1-C,1
3309,Festo,535970,MFH-5/3G-D-2-C-EX,1
3310,Festo,151873,MFH-5/3G-D-3-C,1
3311,Festo,104209,MFH/VL-5-1/8,1
3312,Festo,196118,MHA2-M1H-3/2G-2,1
3313,Festo,196120,MHA2-M1H-3/2G-2-K,1
3314,Festo,196138,MHA2-M1H-3/2O-2,1
3315,Festo,196141,MHA2-MS1H-3/2O-2-K,1
3316,Festo,525101,MHA2-MS1H-5/2-2,1
3317,Festo,525135,MHA3-MS1H-3/2G-3,1
3318,Festo,196130,MHE2-M1H-3/2G-M7,1
3319,Festo,196150,MHE2-M1H-3/2O-M7,1
3320,Festo,196131,MHE2-MS1H-3/2G-M7,1
3321,Festo,525113,MHE2-MS1H-5/2-M7,1
3322,Festo,525117,MHE2-MS1H-5/2-QS-4,1
3323,Festo,525146,MHE3-M1H-3/2G-1/8,1
3324,Festo,525148,MHE3-M1H-3/2G-1/8-K,1
3325,Festo,525150,MHE3-M1H-3/2G-QS-6,1
3326,Festo,525147,MHE3-MS1H-3/2G-1/8,1
3327,Festo,525153,MHE3-MS1H-3/2G-QS-6-K,1
3328,Festo,525169,MHE3-MS1H-3/2O-1/8-K,1
3329,Festo,525186,MHE4-M1H-3/2G-1/4,1
3330,Festo,525187,MHE4-MS1H-3/2G-1/4,1
3331,Festo,525189,MHE4-MS1H-3/2G-1/4-K,1
3332,Festo,525207,MHE4-MS1H-3/2O-1/4,1
3333,Festo,553117,MHJ9-HF,1
3334,Festo,525178,MHP4-M1H-3/2G-1/4,1
3335,Festo,192213,MLO-POT-100-LWG,1
3336,Festo,152632,MLO-POT-1000-TLF,1
3337,Festo,192214,MLO-POT-150-LWG,1
3338,Festo,152636,MLO-POT-2000-TLF,1
3339,Festo,152646,MLO-POT-300-LWG,1
3340,Festo,152628,MLO-POT-450-TLF,1
3341,Festo,152650,MLO-POT-600-LWG,1
3342,Festo,161732,MN1H-2-1-MS,1
3343,Festo,161728,MN1H-2-1/2-MS,1
3344,Festo,161725,MN1H-2-1/4-MS,1
3345,Festo,161731,MN1H-2-3/4-MS,1
3346,Festo,161727,MN1H-2-3/8-MS,1
3347,Festo,735584,MN1H-2/2,1
3348,Festo,159688,MN1H-5/2-D-1-C,1
3349,Festo,159687,MN1H-5/2-D-1-FR-C,1
3350,Festo,159687,MN1H-5/2-D-1-FR-C,1
3351,Festo,159716,MN1H-5/2-D-1-FR-S-C,1
3352,Festo,159700,MN1H-5/2-D-2-C,1
3353,Festo,159699,MN1H-5/2-D-2-FR-C,1
3354,Festo,159712,MN1H-5/2-D-3-C,1
3355,Festo,159711,MN1H-5/2-D-3-FR-C,1
3356,Festo,159685,MN1H-5/3B-D-1-C,1
3357,Festo,159697,MN1H-5/3B-D-2-C,1
3358,Festo,159683,MN1H-5/3E-D-1-C,1
3359,Festo,159695,MN1H-5/3E-D-2-C,1
3360,Festo,159707,MN1H-5/3E-D-3-C,1
3361,Festo,159681,MN1H-5/3G-D-1-C,1
3362,Festo,159693,MN1H-5/3G-D-2-C,1
3363,Festo,159705,MN1H-5/3G-D-3-C,1
3364,Festo,159704,MN1H-5/3G-D-3-S-C,1
3365,Festo,703942,MN1H-CNOMO30,1
3366,Festo,7884,MOFH-3-1/2,1
3367,Festo,7876,MOFH-3-1/4,1
3368,Festo,7877,MOFH-3-1/8,1
3369,Festo,1745987,MPA1,1
3370,Festo,161167,MPPE-3-1/4-6-010-B,1
3371,Festo,161170,MPPE-3-1/4-6-420-B,1
3372,Festo,161162,MPPE-3-1/8-10-010-B,1
3373,Festo,161161,MPPE-3-1/8-6-010-B,1
3374,Festo,754832,MPPE/MPPES-3-1/2,1
3375,Festo,754831,MPPE/MPPES-3-1/4,1
3376,Festo,187331,MPPES-3-1/2-6-420,1
3377,Festo,187334,MPPES-3-1/4-10-420,1
3378,Festo,187350,MPPES-3-1/8-2-010,1
3379,Festo,187352,MPPES-3-1/8-6-010,1
3380,Festo,187353,MPPES-3-1/8-6-420,1
3381,Festo,151694,MPYE-5-1/4-010-B,1
3382,Festo,151693,MPYE-5-1/8-HF-010-B,1
3383,Festo,151692,MPYE-5-1/8-LF-010-B,1
3384,Festo,151692,MPYE-5-1/8-LF-010-B,1
3385,Festo,151692,MPYE-5-1/8-LF-010-B,1
3386,Festo,151695,MPYE-5-3/8-010-B,1
3387,Festo,535023,MS12-LF-AGI-E-U-M-WP,1
3388,Festo,537146,MS12-LFM-A,1
3389,Festo,537145,MS12-LFM-B,1
3390,Festo,537143,MS12-LFP-C,1
3391,Festo,537144,MS12-LFP-E,1
3392,Festo,535022,MS12-LFR-G-D6-E-U-V-A4-LD-Z,1
3393,Festo,537149,MS12-LFR-G-D7-EUV-LD-AS,1
3394,Festo,535021,MS12-LR-AGH-D7-LD-AS,1
3395,Festo,543489,MS4-6-AMV,1
3396,Festo,529531,MS4-DL-1/4,1
3397,Festo,542578,MS4-EE-1/4-10V24,1
3398,Festo,542598,MS4-EE-1/4-10V24-S,1
3399,Festo,542599,MS4-EE-1/4-10V24-S-Z,1
3400,Festo,542579,MS4-EE-1/4-10V24-Z,1
3401,Festo,527709,MS4-EE-1/4-10V24P-AD7,1
3402,Festo,527709,MS4-EE-1/4-10V24P-S,1
3403,Festo,8091771,MS4-EE-1/4-V24-B,1
3404,Festo,538723,MS4-EE-1/4-V24-S,1
3405,Festo,541258,MS4-EM1-1/4,1
3406,Festo,541259,MS4-EM1-1/4-S,1
3407,Festo,529555,MS4-FRM-1/4,1
3408,Festo,527703,MS4-FRM-1/4-AD1,1
3409,Festo,536966,MS4-FRM-1/4-I,1
3410,Festo,527703,MS4-FRM-1/4-M12,1
3411,Festo,529556,MS4-FRM-1/4-Y,1
3412,Festo,549336,MS4-FRM-FRZ,1
3413,Festo,543632,MS4-LDM1-1/4-P10,1
3414,Festo,529399,MS4-LF-1/4-ERM,1
3415,Festo,529401,MS4-LF-1/4-ERV,1
3416,Festo,535660,MS4-LF-1/4-EUM,1
3417,Festo,527697,MS4-LFM-1/4-A-R-H-DPI-WB,1
3418,Festo,529459,MS4-LFM-1/4-ARM,1
3419,Festo,536822,MS4-LFM-1/4-ARM-DA,1
3420,Festo,536818,MS4-LFM-1/4-BRM-DA,1
3421,Festo,534501,MS4-LFP-C,1
3422,Festo,534502,MS4-LFP-E,1
3423,Festo,526489,MS4-LFR-1/4-D5-E-R-M-AS,1
3424,Festo,529144,MS4-LFR-1/4-D6-CRM-AS,1
3425,Festo,529146,MS4-LFR-1/4-D6-CRV-AS,1
3426,Festo,526489,MS4-LFR-1/4-D6-E-R-V,1
3427,Festo,529148,MS4-LFR-1/4-D6-ERM-AS,1
3428,Festo,529150,MS4-LFR-1/4-D6-ERV-AS,1
3429,Festo,526489,MS4-LFR-1/4-D7-C-R-M-RG-AS,1
3430,Festo,529152,MS4-LFR-1/4-D7-CRM-AS,1
3431,Festo,529155,MS4-LFR-1/4-D7-CRV-AS-Z,1
3432,Festo,529156,MS4-LFR-1/4-D7-ERM-AS,1
3433,Festo,529158,MS4-LFR-1/4-D7-ERV-AS,1
3434,Festo,529158,MS4-LFR-1/4-D7-ERV-AS,1
3435,Festo,535724,MS4-LFR-1/4-D7-EUM-AS,1
3436,Festo,529160,MS4-LFR-1/8-D6-CRM-AS,1
3437,Festo,529164,MS4-LFR-1/8-D6-ERM-AS,1
3438,Festo,529172,MS4-LFR-1/8-D7-ERM-AS,1
3439,Festo,529467,MS4-LFX-1/4-R,1
3440,Festo,529411,MS4-LOE-1/4-R,1
3441,Festo,529413,MS4-LOE-1/8-R,1
3442,Festo,529415,MS4-LR-1/4-D5-AS,1
3443,Festo,527690,MS4-LR-1/4-D5-LD-AS-WBM,1
3444,Festo,527690,MS4-LR-1/4-D5-RG-Z,1
3445,Festo,527690,MS4-LR-1/4-D5-RG-Z,1
3446,Festo,589294,MS4-LR-1/4-D6-A8,1
3447,Festo,8099360,MS4-LR-1/4-D6-A8-B,1
3448,Festo,8099359,MS4-LR-1/4-D6-AG-MPA-B,1
3449,Festo,8099359,MS4-LR-1/4-D6-AG-MPA-B,1
3450,Festo,529417,MS4-LR-1/4-D6-AS,1
3451,Festo,527690,MS4-LR-1/4-D6-VS,1
3452,Festo,527690,MS4-LR-1/4-D6-VS-AS,1
3453,Festo,555873,MS4-LR-1/4-D6-VS-DM1,1
3454,Festo,555874,MS4-LR-1/4-D6-VS-DM2,1
3455,Festo,610772,MS4-LR-1/4-D7-A8,1
3456,Festo,529419,MS4-LR-1/4-D7-AS,1
3457,Festo,529419,MS4-LR-1/4-D7-AS,1
3458,Festo,527690,MS4-LR-1/4-D7-VS-AS,1
3459,Festo,529421,MS4-LR-1/8-D5-AS,1
3460,Festo,529423,MS4-LR-1/8-D6-AS,1
3461,Festo,529425,MS4-LR-1/8-D7-AS,1
3462,Festo,527690,MS4-LR-AGC-D7-WPM,1
3463,Festo,529473,MS4-LRB-1/4-D5-AS,1
3464,Festo,527692,MS4-LRB-1/4-D5-KD-Z,1
3465,Festo,527692,MS4-LRB-1/4-D6-A8-BC,1
3466,Festo,527692,MS4-LRB-1/4-D6-A8-BD,1
3467,Festo,529479,MS4-LRB-1/4-D6-AS,1
3468,Festo,529480,MS4-LRB-1/4-D6-AS-BD,1
3469,Festo,527692,MS4-LRB-1/4-D6-VS-DM,1
3470,Festo,529485,MS4-LRB-1/4-D7-AS,1
3471,Festo,8119201,MS4-MV1,1
3472,Festo,543490,MS4-RMV,1
3473,Festo,8005318,MS4-SDE5:AD7,1
3474,Festo,532185,MS4-WB,1
3475,Festo,532184,MS4-WP,1
3476,Festo,526063,MS4-WPB,1
3477,Festo,526064,MS4-WR,1
3478,Festo,8149680,MS4-WR-B,1
3479,Festo,532187,MS4-WRS,1
3480,Festo,162674,MS4/D-MINI-LFM-A,1
3481,Festo,162674,MS4/D-MINI-LFM-A,1
3482,Festo,162677,MS4/D-MINI-LFM-B,1
3483,Festo,532912,MS4/D-MINI-LFX,1
3484,Festo,526080,MS6-AGB,1
3485,Festo,526082,MS6-AGD,1
3486,Festo,529817,MS6-DL-1/2,1
3487,Festo,542582,MS6-EE-1/2-10V24,1
3488,Festo,527682,MS6-EE-1/2-10V24-AG,1
3489,Festo,542602,MS6-EE-1/2-10V24-S,1
3490,Festo,542603,MS6-EE-1/2-10V24-S-Z,1
3491,Festo,527682,MS6-EE-1/2-10V24P-S,1
3492,Festo,527682,MS6-EE-1/2-V24,1
3493,Festo,527682,MS6-EE-1/2-V24-S,1
3494,Festo,542586,MS6-EE-3/8-10V24,1
3495,Festo,542606,MS6-EE-3/8-10V24-S,1
3496,Festo,527682,MS6-EE-3/8-10V24-Z,1
3497,Festo,527682,MS6-EE-3/8-V24-Z,1
3498,Festo,541267,MS6-EM1-1/2,1
3499,Festo,541267,MS6-EM1-1/2,1
3500,Festo,541279,MS6-EM1-1/2-AG,1
3501,Festo,541279,MS6-EM1-1/2-AG,1
3502,Festo,541268,MS6-EM1-1/2-S,1
3503,Festo,541279,MS6-EM1-1/2-S-RG,1
3504,Festo,541270,MS6-EM1-1/2-Z,1
3505,Festo,541275,MS6-EM1-3/8,1
3506,Festo,541276,MS6-EM1-3/8-S,1
3507,Festo,529853,MS6-FRM-1/2,1
3508,Festo,606795,MS6-FRM-1/2-AD7,1
3509,Festo,527676,MS6-FRM-1/2-M12,1
3510,Festo,529854,MS6-FRM-1/2-Y,1
3511,Festo,549337,MS6-FRM-FRZ,1
3512,Festo,543650,MS6-LDM1-1/2-P40,1
3513,Festo,543650,MS6-LDM1-1/2-P40,1
3514,Festo,529609,MS6-LF-1/2-CRV,1
3515,Festo,529615,MS6-LF-1/2-E-R-M,1
3516,Festo,529617,MS6-LF-1/2-ERV,1
3517,Festo,673568,MS6-LF/LFR/LFB-R-M.ERS,1
3518,Festo,673570,MS6-LF/LFR/LFB-R-V:SP,1
3519,Festo,673570,MS6-LF/LFR/LFB-R-V.ERS,1
3520,Festo,530502,MS6-LFM-1/2-ARV,1
3521,Festo,536877,MS6-LFM-1/2-ARV-DA,1
3522,Festo,529659,MS6-LFM-1/2-BRM,1
3523,Festo,530506,MS6-LFM-1/2-BRV,1
3524,Festo,536841,MS6-LFM-1/2-BRV-DA,1
3525,Festo,552925,MS6-LFM-1/2-BUV-HF-DA,1
3526,Festo,552925,MS6-LFM-1/2-BUV-HF-DA,1
3527,Festo,532909,MS6-LFM-A,1
3528,Festo,547922,MS6-LFM-AI,1
3529,Festo,532910,MS6-LFM-B,1
3530,Festo,547923,MS6-LFM-BI,1
3531,Festo,534499,MS6-LFP-C,1
3532,Festo,534500,MS6-LFP-E,1
3533,Festo,529176,MS6-LFR-1/2-D6-CRM-AS,1
3534,Festo,529178,MS6-LFR-1/2-D6-CRV-AS,1
3535,Festo,589898,MS6-LFR-1/2-D6-E-R-M-RG-AS,1
3536,Festo,529180,MS6-LFR-1/2-D6-ERM-AS,1
3537,Festo,529182,MS6-LFR-1/2-D6-ERV-AS,1
3538,Festo,526490,MS6-LFR-1/2-D7-C-R-V-A4-AS-Z,1
3539,Festo,529184,MS6-LFR-1/2-D7-CRM-AS,1
3540,Festo,529186,MS6-LFR-1/2-D7-CRV-AS,1
3541,Festo,529188,MS6-LFR-1/2-D7-ERM-AS,1
3542,Festo,529190,MS6-LFR-1/2-D7-ERV-AS,1
3543,Festo,529192,MS6-LFR-1/2-D7-EUM-AS,1
3544,Festo,529194,MS6-LFR-1/2-D7-EUV-AS,1
3545,Festo,529194,MS6-LFR-1/2-D7-EUV-AS,1
3546,Festo,529202,MS6-LFR-1/4-D6-ERV-AS,1
3547,Festo,529206,MS6-LFR-1/4-D7-CRV-AS,1
3548,Festo,529208,MS6-LFR-1/4-D7-ERM-AS,1
3549,Festo,529220,MS6-LFR-3/8-D6-ERM-AS,1
3550,Festo,529226,MS6-LFR-3/8-D7-CRV-AS,1
3551,Festo,526490,MS6-LFR-3/8-D7-E-R-V-A4-Z,1
3552,Festo,529228,MS6-LFR-3/8-D7-ERM-AS,1
3553,Festo,529230,MS6-LFR-3/8-D7-ERV-AS,1
3554,Festo,527672,MS6-LFX,1
3555,Festo,532911,MS6-LFX,1
3556,Festo,529679,MS6-LFX-1/2-R,1
3557,Festo,527672,MS6-LFX-3/8-R-Z replace MS6-LFX-3/8-R,1
3558,Festo,547925,MS6-LFX-AKI,1
3559,Festo,529775,MS6-LOE-1/2-R,1
3560,Festo,529777,MS6-LOE-1/2-U,1
3561,Festo,529989,MS6-LR-1/2-D5-AS,1
3562,Festo,527663,MS6-LR-1/2-D5-VS-DM2,1
3563,Festo,527663,MS6-LR-1/2-D7-A4-AS,1
3564,Festo,529993,MS6-LR-1/2-D7-AS,1
3565,Festo,529994,MS6-LR-1/2-D7-AS-Z,1
3566,Festo,529995,MS6-LR-1/4-D5-AS,1
3567,Festo,527663,MS6-LR-1/4-D7-A4-E11-WR,1
3568,Festo,529999,MS6-LR-1/4-D7-AS,1
3569,Festo,527663,MS6-LR-1/4-D8,1
3570,Festo,530003,MS6-LR-3/8-D6-AS,1
3571,Festo,527665,MS6-LRB-1/2-D5-VS-DM2,1
3572,Festo,530328,MS6-LRB-1/2-D6-AS,1
3573,Festo,8203862,MS6-LRP-1/2-PI10-VS,1
3574,Festo,538008,MS6-LRP-1/4-D5-A8,1
3575,Festo,538028,MS6-LRP-1/4-D5-A8-E11-WR,1
3576,Festo,535007,MS6-LRPB-1/2-D4-A8-BE,1
3577,Festo,564870,MS6-LWS-1/2-U-V,1
3578,Festo,1546649,MS6-LWS-UV.ERS,1
3579,Festo,8119204,MS6-MV1,1
3580,Festo,8001469,MS6-SV-1/2-C-10V24-S,1
3581,Festo,548713,MS6-SV-1/2-C-10V24-S-RG-WP,1
3582,Festo,548713,MS6-SV-1/2-C-10V24P-S-AD1-Z,1
3583,Festo,8038489,MS6-SV-1/2-D-10V24-2M8,1
3584,Festo,8038490,MS6-SV-1/2-D-10V24-2M8-SO-AG,1
3585,Festo,562580,MS6-SV-1/2-E-10V24-AD1,1
3586,Festo,548713,MS6-SV-1/2-E-10V24-AD12,1
3587,Festo,548713,MS6-SV-1/2-E-10V24-AD12-Z,1
3588,Festo,548713,MS6-SV-1/2-E-10V24-SO-AD1,1
3589,Festo,548717,MS6-SV-1/2-E-10V24-SO-AG,1
3590,Festo,548713,MS6-SV-1/2-E-10V24-SO-MP1-Z,1
3591,Festo,548713,MS6-SV-AGB-D-10V24P-2OE-A4,1
3592,Festo,548713,MS6-SV-AGB-E-10V24-SO-MP1-WPB,1
3593,Festo,532195,MS6-WP,1
3594,Festo,526074,MS6-WPB,1
3595,Festo,526075,MS6-WR,1
3596,Festo,8149681,MS6-WR-B,1
3597,Festo,532188,MS6-WRS,1
3598,Festo,548713,MS6(N)-SV,1
3599,Festo,375250,MS6/MS6N-LF/LFM/LFR,1
3600,Festo,562177,MS9-EE-G-V24-S-VS-Z,1
3601,Festo,562178,MS9-EM-G-S-VS-Z,1
3602,Festo,562532,MS9-LF-G-C-U-V-Z,1
3603,Festo,564109,MS9-LF-G-CUV,1
3604,Festo,564107,MS9-LF-G-EUV,1
3605,Festo,553036,MS9-LFM-A,1
3606,Festo,552944,MS9-LFM-A-HF,1
3607,Festo,553037,MS9-LFM-B,1
3608,Festo,553037,MS9-LFM-B,1
3609,Festo,552945,MS9-LFM-B-HF,1
3610,Festo,552945,MS9-LFM-B-HF,1
3611,Festo,564049,MS9-LFM-G-AUV,1
3612,Festo,564050,MS9-LFM-G-AUV-DA,1
3613,Festo,564041,MS9-LFM-G-BUV,1
3614,Festo,564042,MS9-LFM-G-BUV-DA,1
3615,Festo,570309,MS9-LFP-C,1
3616,Festo,570309,MS9-LFP-C,1
3617,Festo,570310,MS9-LFP-E,1
3618,Festo,562531,MS9-LFR-3/4-D7-E-U-M-AG-BAR-AS,1
3619,Festo,564121,MS9-LFR-G-D7-CUV-AG-BAR-AS,1
3620,Festo,552946,MS9-LFX,1
3621,Festo,564144,MS9-LOE-G-U,1
3622,Festo,564136,MS9-LR-G-D6-AG-BAR-AS,1
3623,Festo,571468,MS9-LWS-G-U-V,1
3624,Festo,552950,MS9-MV,1
3625,Festo,562176,MS9-SV-G-C-V24-S-AD7,1
3626,Festo,552947,MS9-WP,1
3627,Festo,531109,MSB4-1/4-FRC1:J5M1,1
3628,Festo,531118,MSB4-1/4-FRC5:J1M1-Z,1
3629,Festo,531029,MSB4-1/4:C3:H1:F3:O5:O5:O5-WP,1
3630,Festo,8025354,MSB4-1/4:C3:J1-WP,1
3631,Festo,531029,MSB4-1/4:C3:J1:D1:A1-WP,1
3632,Festo,8025358,MSB4-1/4:C3:J1:D14-WP,1
3633,Festo,531029,MSB4-1/4:C3:J1:F1-WP,1
3634,Festo,531029,MSB4-1/4:C3:J1:F1-WP,1
3635,Festo,531029,MSB4-1/4:C3:O5-WP,1
3636,Festo,542296,MSB4-1/4:C3J1M1-WP,1
3637,Festo,542299,MSB4-1/4:C3J2D1A1F3-WP,1
3638,Festo,542304,MSB4-1/4:C3J3-WP,1
3639,Festo,531029,MSB4-1/4:C4:J10-WP,1
3640,Festo,531029,MSB4-1/4:D4:J6-WP,1
3641,Festo,531029,MSB4-1/4:J96B:C3-WP,1
3642,Festo,531029,MSB4-1/4:O5:O5-WP,1
3643,Festo,531133,MSB4-1/8-FRC5:J1M1,1
3644,Festo,531029,MSB4-AGC:C4:J8:F1:O2:D4:A1-WP-Z,1
3645,Festo,530234,MSB6-1/2-FRC11:J9M2,1
3646,Festo,530244,MSB6-1/2-FRC5:J1M1,1
3647,Festo,530252,MSB6-1/2-FRC9:J11M2,1
3648,Festo,531030,MSB6-1/2:B1:D4:F3-WP,1
3649,Festo,531030,MSB6-1/2:C3:F1:J12-WP,1
3650,Festo,531030,MSB6-1/2:C3:F3:J12:H6,1
3651,Festo,8025355,MSB6-1/2:C3:J1-WP,1
3652,Festo,531030,MSB6-1/2:C3:J100:F1:D4:A1:F3-WP,1
3653,Festo,531030,MSB6-1/2:C3:J5B:F12:M1:D1:A1-WP,1
3654,Festo,531030,MSB6-1/2:D8:A1:J2:F1:I6:G7-WP,1
3655,Festo,531030,MSB6-1/2:J6:H4:I2-WP,1
3656,Festo,530268,MSB6-1/4-FRC5:J1M1,1
3657,Festo,531030,MSB6-1/4:C3:J1-WP,1
3658,Festo,531030,MSB6-1/4:H3:I3:F1:N3-WP,1
3659,Festo,531030,MSB6-3/8:C4:J18-WPM,1
3660,Festo,531030,MSB6-AGD:C4:J4:F1:D4:A1:F3-WPB,1
3661,Festo,531030,MSB6-AGD:J5:D10-WP-EX2,1
3662,Festo,552938,MSB9-3/4:C2:J73-WP,1
3663,Festo,663955,MSEB-3-230V AC,1
3664,Festo,170370,MSFG- 24-SA,1
3665,Festo,4527,MSFG-24/42-50/60,1
3666,Festo,4527,MSFG-24/42-50/60,1
3667,Festo,34411,MSFG-24/42-50/60-OD,1
3668,Festo,34411,MSFG-24/42-50/60-OD,1
3669,Festo,6720,MSFW-110-50/60,1
3670,Festo,4540,MSFW-230-50/60,1
3671,Festo,34400,MSG-12DC-OD,1
3672,Festo,34401,MSG-24-OD,1
3673,Festo,3599,MSG-24DC,1
3674,Festo,123060,MSN1G-24DC-OD,1
3675,Festo,123062,MSN1W-230AC-OD,1
3676,Festo,34583,MSSD-C,1
3677,Festo,171157,MSSD-C-4P,1
3678,Festo,14098,MSSD-E,1
3679,Festo,151687,MSSD-EB,1
3680,Festo,151687,MSSD-EB,1
3681,Festo,539712,MSSD-EB-M12,1
3682,Festo,34431,MSSD-F,1
3683,Festo,539710,MSSD-F-M16,1
3684,Festo,550067,MSSD-N,1
3685,Festo,33295,MSSD-V,1
3686,Festo,531754,MUC-32,1
3687,Festo,19701,MVH-5-1/4-B,1
3688,Festo,19779,MVH-5-1/8-B,1
3689,Festo,14945,MVH-5-3/8-B,1
3690,Festo,30477,MVH-5/3-G-1/8-B,1
3691,Festo,19139,MVH-5/3E-1/4-B,1
3692,Festo,14943,MVH-5/3E-3/8-B,1
3693,Festo,14943,MVH-5/3E-3/8-B,1
3694,Festo,14943,MVH-5/3E-3/8-B,1
3695,Festo,19138,MVH-5/3G-1/4-B,1
3696,Festo,30477,MVH-5/3G-1/8-B,1
3697,Festo,670569,MX/VLX-1/4...1/2,1
3698,Festo,3610,N-1/2-P-9,1
3699,Festo,15635,N-1/2-P-9-MS,1
3700,Festo,3607,N-1/4-P-9,1
3701,Festo,15632,N-1/4-P-9-MS,1
3702,Festo,9301,N-22-SW,1
3703,Festo,15638,N-3/4-P-19-MS,1
3704,Festo,3609,N-3/8-P-9,1
3705,Festo,15634,N-3/8-P-9-MS,1
3706,Festo,9302,N-30-SW,1
3707,Festo,10336,NAS-1/2-3A-ISO,1
3708,Festo,9484,NAS-1/4-1A-ISO,1
3709,Festo,161111,NAW-1/8-02-VDMA-VL,1
3710,Festo,8078244,NEBA-M12G5-U-10-N-LE5,1
3711,Festo,8078221,NEBA-M12W5-U-4.5-N-M8G3,1
3712,Festo,8078223,NEBA-M8G3-U-2.5-N-LE3,1
3713,Festo,8078221,NEBA-M8G3-U-4.5-N-M8G3,1
3714,Festo,8078224,NEBA-M8G3-U-5-N-LE3,1
3715,Festo,8078228,NEBA-M8G4-U-5-N-LE4,1
3716,Festo,8078231,NEBA-M8W3-U-5-N-LE3,1
3717,Festo,5219199,NEBM-H6G4-E-7.5-Q13N-LE4,1
3718,Festo,5219207,NEBM-H7G2-E-7.5-Q14N-LE2,1
3719,Festo,550749,NEBM-M12G8-E-10-S1G9,1
3720,Festo,8004665,NEBM-M12G8-E-7.5-N-S1G15,1
3721,Festo,8004661,NEBM-M16G8-E-7.5-Q9-LE8,1
3722,Festo,5251376,NEBM-M23G15-EH-7.5-Q7N-R3LEG14,1
3723,Festo,550310,NEBM-M23G8-E-5-Q9N-LE8,1
3724,Festo,5219215,NEBM-REG6-E-7.5-Q14N-REG6,1
3725,Festo,1450740,NEBM-S1W9-E-10-Q5-LE6,1
3726,Festo,554038,NEBU-M12G5-K-10-LE5,1
3727,Festo,550326,NEBU-M12G5-K-2.5-LE4,1
3728,Festo,541328,NEBU-M12G5-K-5-LE4,1
3729,Festo,8048086,NEBU-M12W8-K-15-N-LE8,1
3730,Festo,542256,NEBU-M12W8-K-2-N-LE8,1
3731,Festo,541346,NEBU-M8G3-K-0.5-M8G3,1
3732,Festo,8003133,NEBU-M8G3-K-1.5-M8G3,1
3733,Festo,541332,NEBU-M8G3-K-10-LE3,1
3734,Festo,541333,NEBU-M8G3-K-2.5-LE3,1
3735,Festo,541334,NEBU-M8G3-K-5-LE3,1
3736,Festo,541342,NEBU-M8G4-K-2.5-LE4,1
3737,Festo,541343,NEBU-M8G4-K-5-LE4,1
3738,Festo,8001660,NEBU-M8R3-K-2.5-LE3,1
3739,Festo,541341,NEBU-M8W3-K-5-LE3,1
3740,Festo,541344,NEBU-M8W4-K-2.5-LE4,1
3741,Festo,566658,NEBV-H1G2-P-0.5-N-LE2,1
3742,Festo,566661,NEBV-H1G2-P-5-N-LE2,1
3743,Festo,566661,NEBV-H1G2-P-5-N-LE2,1
3744,Festo,553575,NEBV-M12G8-K-2-M12G4,1
3745,Festo,575419,NEBV-S1G25-K-10-N-LE25-S6,1
3746,Festo,575418,NEBV-S1G25-K-5-N-LE25-S6,1
3747,Festo,575425,NEBV-S1WA25-K-10-N-LE25-S9,1
3748,Festo,575424,NEBV-S1WA25-K-5-N-LE25-S9,1
3749,Festo,8047676,NEBV-Z3WA2L-R-E-2.5-N-LE2-S1,1
3750,Festo,8047676,NEBV-Z3WA2L-R-E-2.5-N-LE2-S1,1
3751,Festo,8047670,NEBV-Z4WA2L-P-E-10-N-LE2-S1,1
3752,Festo,8047671,NEBV-Z4WA2L-P-E-2.5-N-LE2-S1,1
3753,Festo,8047672,NEBV-Z4WA2L-P-E-5-N-LE2-S1,1
3754,Festo,8047683,NEBV-Z4WA2L-R-E-0.5-N-M8G3-S1,1
3755,Festo,8047679,NEBV-Z4WA2L-R-E-2.5-N-LE2-S1,1
3756,Festo,8047680,NEBV-Z4WA2L-R-E-5-N-LE2-S1,1
3757,Festo,8047680,NEBV-Z4WA2L-R-E-5-N-LE2-S1,1
3758,Festo,8162298,NECB-S-M8G3-C2,1
3759,Festo,575307,NECC-L2G24-C1,1
3760,Festo,543109,NECU-M-S-D12G4-C2-ET,1
3761,Festo,8032867,NEDY-L2R1-V1-M12G5-U-N-M12W4-0.3R,1
3762,Festo,8035485,NEDY-L2R1-V1-M8G3-U-0.3L-M8G4-2.5R,1
3763,Festo,8005301,NEDY-L2R1-V1-M8G3-U-M12G4-2.5R,1
3764,Festo,5054513,NEKM-C6-C16-D,1
3765,Festo,161112,NEV-02-VDMA,1
3766,Festo,8030277,NPFC-D-2G12-M,1
3767,Festo,8030272,NPFC-D-2G14-M,1
3768,Festo,8030289,NPFC-D-2R1-M,1
3769,Festo,8030273,NPFC-D-G14-G38-M,1
3770,Festo,8030270,NPFC-D-G18-G14-M,1
3771,Festo,8030271,NPFC-D-G18-G38-M,1
3772,Festo,8030276,NPFC-D-G38-G12-M,1
3773,Festo,8142590,NPFC-DS-G12-G12-M,1
3774,Festo,8142586,NPFC-DS-G14-G38-M,1
3775,Festo,8142583,NPFC-DS-G18-G18-M,1
3776,Festo,8030299,NPFC-E1-2G14-FM,1
3777,Festo,8030299,NPFC-E1-2G14-FM,1
3778,Festo,8030298,NPFC-E1-2G18-FM,1
3779,Festo,8030298,NPFC-E1-2G18-FM,1
3780,Festo,8069218,NPFC-E1-2M5-FM,1
3781,Festo,8069218,NPFC-E1-2M5-FM,1
3782,Festo,8030217,NPFC-L-R14-G14-MF,1
3783,Festo,8030217,NPFC-L-R14-G14-MF,1
3784,Festo,8030216,NPFC-L-R18-G18-MF,1
3785,Festo,8030311,NPFC-R-G12-G14-MF,1
3786,Festo,8030311,NPFC-R-G12-G14-MF,1
3787,Festo,8069224,NPFC-R-G12-G38-F,1
3788,Festo,8030312,NPFC-R-G12-G38-MF,1
3789,Festo,8069220,NPFC-R-G14-G18-F,1
3790,Festo,8030315,NPFC-R-G14-G18-FM,1
3791,Festo,8030308,NPFC-R-G14-G18-MF,1
3792,Festo,8030297,NPFC-R-G34-G12-F,1
3793,Festo,8030313,NPFC-R-G34-G12-MF（10 minimum orders）,1
3794,Festo,8069221,NPFC-R-G38-G14-F,1
3795,Festo,8030317,NPFC-R-G38-G14-FM,1
3796,Festo,8030310,NPFC-R-G38-G14-MF,1
3797,Festo,8030309,NPFC-R-G38-G18-MF,1
3798,Festo,8030309,NPFC-R-G38-G18-MF,1
3799,Festo,8142598,NPFC-RS-G12-G38-MF,1
3800,Festo,8142599,NPFC-RS-G34-G12-MF（10 minimum orders）,1
3801,Festo,8142596,NPFC-RS-G38-G14-MF,1
3802,Festo,8030294,NPFC-S-2G12-F,1
3803,Festo,8030292,NPFC-S-2G14-F,1
3804,Festo,8030291,NPFC-S-2G18-F,1
3805,Festo,8030293,NPFC-S-2G38-F,1
3806,Festo,8030260,NPFC-T-2R14-G14-MMF,1
3807,Festo,8030260,NPFC-T-2R14-G14-MMF,1
3808,Festo,8059277,NPHS-D6-M-G12,1
3809,Festo,8059275,NPHS-D6-M-G14,1
3810,Festo,8059276,NPHS-D6-M-G38,1
3811,Festo,8059274,NPHS-D6-P-BC9,1
3812,Festo,8059267,NPHS-D6-P-G14,1
3813,Festo,8059271,NPHS-D6-P-G14F,1
3814,Festo,8059266,NPHS-D6-P-G18,1
3815,Festo,8059260,NPHS-S6-M-G12,1
3816,Festo,8059258,NPHS-S6-M-G14,1
3817,Festo,8059262,NPHS-S6-M-G14F,1
3818,Festo,8059257,NPHS-S6-M-G18,1
3819,Festo,578409,NPQH-BK-G12-P10,1
3820,Festo,578407,NPQH-BK-G14-P10,1
3821,Festo,578406,NPQH-BK-G18-P10,1
3822,Festo,578344,NPQH-D-G1/4-Q12-P10,1
3823,Festo,578349,NPQH-D-G12-Q10-P10,1
3824,Festo,578350,NPQH-D-G12-Q12-P10,1
3825,Festo,578343,NPQH-D-G14-Q10-P10,1
3826,Festo,578341,NPQH-D-G14-Q6-P10,1
3827,Festo,578342,NPQH-D-G14-Q8-P10,1
3828,Festo,578342,NPQH-D-G14-Q8-P10,1
3829,Festo,578357,NPQH-D-G14F-Q8-P10,1
3830,Festo,578338,NPQH-D-G18-Q4-P10,1
3831,Festo,578339,NPQH-D-G18-Q6-P10,1
3832,Festo,578340,NPQH-D-G18-Q8-P10,1
3833,Festo,578352,NPQH-D-G18F-Q4-P10,1
3834,Festo,578353,NPQH-D-G18F-Q6-P10,1
3835,Festo,578354,NPQH-D-G18F-Q8-P10,1
3836,Festo,578346,NPQH-D-G38-Q10-P10,1
3837,Festo,578347,NPQH-D-G38-Q12-P10,1
3838,Festo,578345,NPQH-D-G38-Q8-P10,1
3839,Festo,578334,NPQH-D-M5-Q4-P10,1
3840,Festo,578335,NPQH-D-M5-Q6-P10,1
3841,Festo,578335,NPQH-D-M5-Q6-P10,1
3842,Festo,578337,NPQH-D-M7-Q6-P10,1
3843,Festo,578326,NPQH-D-Q10-E-P10,1
3844,Festo,578327,NPQH-D-Q12-E-P10,1
3845,Festo,578327,NPQH-D-Q12-E-P10,1
3846,Festo,578331,NPQH-D-Q12-Q8-P10,1
3847,Festo,578333,NPQH-D-Q14-Q12-P10,1
3848,Festo,578324,NPQH-D-Q6-E-P10,1
3849,Festo,578324,NPQH-D-Q6-E-P10,1
3850,Festo,578329,NPQH-D-Q6-Q4-P10,1
3851,Festo,578325,NPQH-D-Q8-E-P10,1
3852,Festo,578325,NPQH-D-Q8-E-P10,1
3853,Festo,578330,NPQH-D-Q8-Q6-P10,1
3854,Festo,578308,NPQH-D-S10-Q6-P10,1
3855,Festo,578309,NPQH-D-S10-Q8-P10,1
3856,Festo,578315,NPQH-D-S14-Q10-P10,1
3857,Festo,578375,NPQH-DK-G18-Q6-P10,1
3858,Festo,578300,NPQH-H-Q6-E-P10,1
3859,Festo,578291,NPQH-L-G12-Q10-P10,1
3860,Festo,578291,NPQH-L-G12-Q10-P10,1
3861,Festo,578292,NPQH-L-G12-Q12-P10,1
3862,Festo,578292,NPQH-L-G12-Q12-P10,1
3863,Festo,578293,NPQH-L-G12-Q14-P10,1
3864,Festo,578293,NPQH-L-G12-Q14-P10,1
3865,Festo,578285,NPQH-L-G14-Q10-P10,1
3866,Festo,578285,NPQH-L-G14-Q10-P10,1
3867,Festo,578286,NPQH-L-G14-Q12-P10,1
3868,Festo,578286,NPQH-L-G14-Q12-P10,1
3869,Festo,578283,NPQH-L-G14-Q6-P10,1
3870,Festo,578283,NPQH-L-G14-Q6-P10,1
3871,Festo,578284,NPQH-L-G14-Q8-P10,1
3872,Festo,578284,NPQH-L-G14-Q8-P10,1
3873,Festo,578280,NPQH-L-G18-Q4-P10,1
3874,Festo,578281,NPQH-L-G18-Q6-P10,1
3875,Festo,578282,NPQH-L-G18-Q8-P10,1
3876,Festo,578282,NPQH-L-G18-Q8-P10,1
3877,Festo,578282,NPQH-L-G18-Q8-P10,1
3878,Festo,578282,NPQH-L-G18-Q8-P10（10个起订）,1
3879,Festo,578288,NPQH-L-G38-Q10-P10,1
3880,Festo,578289,NPQH-L-G38-Q12-P10,1
3881,Festo,578289,NPQH-L-G38-Q12-P10,1
3882,Festo,578290,NPQH-L-G38-Q14-P10,1
3883,Festo,578287,NPQH-L-G38-Q8-P10,1
3884,Festo,578276,NPQH-L-M5-Q4-P10,1
3885,Festo,578277,NPQH-L-M5-Q6-P10,1
3886,Festo,578277,NPQH-L-M5-Q6-P10,1
3887,Festo,578279,NPQH-L-M7-Q6-P10,1
3888,Festo,578273,NPQH-L-Q10-E-P10,1
3889,Festo,578274,NPQH-L-Q12-E-P10,1
3890,Festo,578274,NPQH-L-Q12-E-P10,1
3891,Festo,578275,NPQH-L-Q14-E-P10,1
3892,Festo,578271,NPQH-L-Q6-E-P10,1
3893,Festo,578271,NPQH-L-Q6-E-P10,1
3894,Festo,578272,NPQH-L-Q8-E-P10,1
3895,Festo,578272,NPQH-L-Q8-E-P10,1
3896,Festo,578402,NPQH-T-G12-Q10-P10,1
3897,Festo,578403,NPQH-T-G12-Q12-P10,1
3898,Festo,578397,NPQH-T-G14-Q10-P10,1
3899,Festo,578395,NPQH-T-G14-Q6-P10,1
3900,Festo,578396,NPQH-T-G14-Q8-P10,1
3901,Festo,578392,NPQH-T-G18-Q4-P10,1
3902,Festo,578393,NPQH-T-G18-Q6-P10,1
3903,Festo,578394,NPQH-T-G18-Q8-P10,1
3904,Festo,578400,NPQH-T-G38-Q10-P10,1
3905,Festo,578401,NPQH-T-G38-Q12-P10,1
3906,Festo,578399,NPQH-T-G38-Q8-P10,1
3907,Festo,578390,NPQH-T-M5-Q4-P10,1
3908,Festo,153013,NPQH-T-Q10-E-P10,1
3909,Festo,578383,NPQH-T-Q10-E-P10,1
3910,Festo,578383,NPQH-T-Q10-E-P10,1
3911,Festo,578388,NPQH-T-Q10-Q8-P10,1
3912,Festo,578384,NPQH-T-Q12-E-P10,1
3913,Festo,578384,NPQH-T-Q12-E-P10,1
3914,Festo,578389,NPQH-T-Q12-Q10-P10,1
3915,Festo,578385,NPQH-T-Q14-E-P10,1
3916,Festo,578380,NPQH-T-Q4-E-P10,1
3917,Festo,578381,NPQH-T-Q6-E-P10,1
3918,Festo,578381,NPQH-T-Q6-E-P10,1
3919,Festo,578382,NPQH-T-Q8-E-P10,1
3920,Festo,578387,NPQH-T-Q8-Q6-P10,1
3921,Festo,578387,NPQH-T-Q8-Q6-P10,1
3922,Festo,578412,NPQH-Y-Q10-E-P10,1
3923,Festo,578410,NPQH-Y-Q6-E-P10,1
3924,Festo,578413,NPQH-Y-Q6-Q4-P10,1
3925,Festo,578411,NPQH-Y-Q8-E-P10,1
3926,Festo,578414,NPQH-Y-Q8-Q6-P10,1
3927,Festo,570451,NPQM-D-G12-Q14-P10,1
3928,Festo,558666,NPQM-D-G14-Q10-P10,1
3929,Festo,558664,NPQM-D-G14-Q6-P10,1
3930,Festo,558662,NPQM-D-G18-Q6-P10,1
3931,Festo,558763,NPQM-D-Q10-E-P10,1
3932,Festo,558764,NPQM-D-Q12-E-P10,1
3933,Festo,570452,NPQM-D-Q14-E-P10,1
3934,Festo,558761,NPQM-D-Q6-E-P10,1
3935,Festo,558660,NPQM-DK-M7-Q6-P10,1
3936,Festo,558711,NPQM-L-G14-Q6-P10,1
3937,Festo,558708,NPQM-L-G18-Q4-P10,1
3938,Festo,558709,NPQM-L-G18-Q6-P10,1
3939,Festo,558705,NPQM-L-M5-Q6-P10,1
3940,Festo,558777,NPQM-L-Q6-E-P10,1
3941,Festo,558737,NPQM-T-G18-Q6-P10,1
3942,Festo,558789,NPQM-T-Q10-E-P10,1
3943,Festo,133098,NPQP-D-Q10-Q8-FD-P10,1
3944,Festo,133047,NPQP-D-R14-Q10-FD-P10,1
3945,Festo,133103,NPQP-H-Q10-E-FD,1
3946,Festo,133108,NPQP-L-Q10-E-FD-P10,1
3947,Festo,133056,NPQP-L-R14-Q8-FD-P10,1
3948,Festo,133053,NPQP-L-R18-Q6-FD-P10（MOQ 10）,1
3949,Festo,133113,NPQP-T-Q10-E-FD-P10,1
3950,Festo,133113,NPQP-T-Q10-E-FD-P10,1
3951,Festo,133112,NPQP-T-Q8-E-FD-P10,1
3952,Festo,133120,NPQP-Y-Q6-E-FD-P10,1
3953,Festo,133121,NPQP-Y-Q8-E-FD-P10,1
3954,Festo,8085700,NPQR-D-Q10-E,1
3955,Festo,8085706,NPQR-D-Q10-Q8,1
3956,Festo,8085698,NPQR-D-Q6-E,1
3957,Festo,8085699,NPQR-D-Q8-E,1
3958,Festo,8085705,NPQR-D-Q8-Q6,1
3959,Festo,8085669,NPQR-DK-G12-Q12,1
3960,Festo,8085665,NPQR-DK-G14-Q8,1
3961,Festo,8085661,NPQR-DK-G18-Q4,1
3962,Festo,8085662,NPQR-DK-G18-Q6,1
3963,Festo,8085657,NPQR-DK-M5-Q4,1
3964,Festo,8085732,NPQR-H-Q10-E,1
3965,Festo,8085732,NPQR-H-Q10-E,1
3966,Festo,8085733,NPQR-H-Q12-E,1
3967,Festo,8085733,NPQR-H-Q12-E,1
3968,Festo,8085731,NPQR-H-Q8-E,1
3969,Festo,8085731,NPQR-H-Q8-E,1
3970,Festo,8085680,NPQR-L-G18-Q4,1
3971,Festo,8085681,NPQR-L-G18-Q6,1
3972,Festo,8085687,NPQR-L-G38-Q12,1
3973,Festo,8085710,NPQR-L-Q6-E,1
3974,Festo,8085692,NPQR-T-G18-Q6,1
3975,Festo,8085719,NPQR-T-Q10-E,1
3976,Festo,8085720,NPQR-T-Q12-E,1
3977,Festo,8085717,NPQR-T-Q6-E,1
3978,Festo,8085718,NPQR-T-Q8-E,1
3979,Festo,150914,NST-5-M5,1
3980,Festo,150914,NST-5-M5,1
3981,Festo,535987,NVF3-MOH-5/2-K-1/4-EX,1
3982,Festo,2226,O-1/2,1
3983,Festo,2223,O-1/8,1
3984,Festo,2225,O-3/8,1
3985,Festo,3565,O-M5,1
3986,Festo,152811,OFSW-32,1
3987,Festo,4131,OH-22-RT,1
3988,Festo,531774,OK-1/2,1
3989,Festo,34637,OL-1/2,1
3990,Festo,33840,OL-1/8,1
3991,Festo,6682,OS-1/4-B,1
3992,Festo,6682,OS-1/4-B,1
3993,Festo,6681,OS-1/8-B,1
3994,Festo,6684,OS-PK-3,1
3995,Festo,4232,OS-PK-3-6/3,1
3996,Festo,741024,OVEM-07/10 ET,1
3997,Festo,8037010,PAGN-40-0.4M-R18-1.6,1
3998,Festo,8037010,PAGN-40-0.4M-R18-1.6,1
3999,Festo,8037011,PAGN-40-0.6M-R18-1.6,1
4000,Festo,8001504,PAGN-40-1.6M-G18,1
4001,Festo,8037012,PAGN-40-1.6M-R18-1.6,1
4002,Festo,548009,PAGN-40-10-P10,1
4003,Festo,8001503,PAGN-40-1M-G18,1
4004,Festo,8001503,PAGN-40-1M-G18,1
4005,Festo,359874,PAGN-40-1M-G18-CPA,1
4006,Festo,8001503,PAGN-40-1M-G18-CPA,1
4007,Festo,8001503,PAGN-40-1M-G18-CPA,1
4008,Festo,8037109,PAGN-40-1M-G18PA,1
4009,Festo,2849916,PAGN-40-1M-R18-1.6,1
4010,Festo,8001506,PAGN-50-1.6M-G14,1
4011,Festo,356759,PAGN-50-1.6M-G14-CPA,1
4012,Festo,8001506,PAGN-50-1.6M-G14-CPA,1
4013,Festo,8001505,PAGN-50-1M-G14,1
4014,Festo,8001505,PAGN-50-1M-G14-CPA,1
4015,Festo,8001505,PAGN-50-1M-G14-CPA,1
4016,Festo,8001505,PAGN-50-1M-G14-CPA,1
4017,Festo,8037006,PAGN-P-40-1M-G14,1
4018,Festo,8037006,PAGN-P-40-1M-G14,1
4019,Festo,8037006,PAGN-P-40-1M-G14,1
4020,Festo,8037009,PAGN-P-50-1.6M-G14,1
4021,Festo,8037008,PAGN-P-50-1M-G14,1
4022,Festo,161130,PAGN-P-63-0.6M-G14-1,1
4023,Festo,553909,"PAN-10X1,5-BL",1
4024,Festo,546287,"PAN-10X1,5-NT",1
4025,Festo,152701,"PAN-10X1,5-SI",1
4026,Festo,553910,"PAN-12X1,75-BL",1
4027,Festo,152702,"PAN-12X1,75-SI",1
4028,Festo,553906,"PAN-4X0,75-BL",1
4029,Festo,152697,"PAN-4X0,75-SI",1
4030,Festo,553907,PAN-6X1-BL,1
4031,Festo,553931,PAN-6X1-GE（Multiples of 50 meters）,1
4032,Festo,546285,PAN-6X1-NT,1
4033,Festo,553925,PAN-6X1-RT,1
4034,Festo,152699,PAN-6X1-SI,1
4035,Festo,553908,"PAN-8X1,25-BL",1
4036,Festo,553908,"PAN-8X1,25-BL",1
4037,Festo,546286,"PAN-8X1,25-NT",1
4038,Festo,152700,"PAN-8X1,25-SI",1
4039,Festo,570360,"PAN-MF-10X1,25-SW",1
4040,Festo,570361,"PAN-MF-12X1,5-SW",1
4041,Festo,570362,PAN-MF-14X2-SW,1
4042,Festo,570359,PAN-MF-8X1-SW,1
4043,Festo,541677,"PAN-R-10X1,9-SI",1
4044,Festo,541678,"PAN-R-12X2,2-SI",1
4045,Festo,8036208,"PAN-R-28X2,5-SW",1
4046,Festo,541675,"PAN-R-6X1,1-SI",1
4047,Festo,541676,"PAN-R-8X1,5-SI",1
4048,Festo,132905,PAN-V0-6X1-BL,1
4049,Festo,160550,PAN-V0-6X1-SW,1
4050,Festo,132906,PAN-V0-8X1-BL,1
4051,Festo,160551,PAN-V0-8X1-SW,1
4052,Festo,160551,PAN-V0-8X1-SW,1
4053,Festo,546522,PBL-1/4-D-MINI-L-NPT（Stop production at any time）,1
4054,Festo,546497,PBL-1/4-D-MINI-L（Stop production at any time）,1
4055,Festo,546523,PBL-1/4-D-MINI-R-NPT（Stop production at any time）,1
4056,Festo,546498,PBL-1/4-D-MINI-R（Stop production at any time）,1
4057,Festo,546495,PBL-1/8-D-MINI-L（Stop production at any time）,1
4058,Festo,546496,PBL-1/8-D-MINI-R（Stop production at any time）,1
4059,Festo,542787,PBL-1/8-DB-MINI,1
4060,Festo,546524,PBL-3/8-D-MINI-L-NPT（Stop production at any time）,1
4061,Festo,546499,PBL-3/8-D-MINI-L（Stop production at any time）,1
4062,Festo,546525,PBL-3/8-D-MINI-R-NPT（Stop production at any time）,1
4063,Festo,546500,PBL-3/8-D-MINI-R（Stop production at any time）,1
4064,Festo,4787813,PCRP-64-G12-7-E-R1-M-T18,1
4065,Festo,4787813,PCRP-64-G12-7-E-R1-M-T18,1
4066,Festo,4787810,PCRP-64-N12-12-E-R1-M-T18,1
4067,Festo,552175,PDAD-100-G1/2,1
4068,Festo,338404,PEFC1-16-TPE-U,1
4069,Festo,551459,"PEN-10X1,5-BL",1
4070,Festo,551460,"PEN-12X1,75-BL",1
4071,Festo,570516,PEN-14X2-SW,1
4072,Festo,551457,PEN-6X1-BL,1
4073,Festo,551457,PEN-6X1-BL,1
4074,Festo,551475,PEN-6X1-RT,1
4075,Festo,551458,"PEN-8X1,25-BL",1
4076,Festo,551476,"PEN-8X1,25-RT",1
4077,Festo,8625,PEN-M5,1
4078,Festo,159259,PEV-1/4-A-SW27,1
4079,Festo,161209,PEV-1/4-A-WD,1
4080,Festo,10773,PEV-1/4-B,1
4081,Festo,154613,PEV-1/4-B -SA,1
4082,Festo,192488,PEV-1/4-B-M12,1
4083,Festo,192488,PEV-1/4-B-M12,1
4084,Festo,175250,PEV-1/4-B-OD,1
4085,Festo,175250,PEV-1/4-B-OD,1
4086,Festo,161760,PEV-1/4-SC-OD,1
4087,Festo,164274,PEV-1/4-WD-LED-24,1
4088,Festo,152616,PEV-W-S-LED-GH,1
4089,Festo,197064,"PFAN-10X1,5-NT",1
4090,Festo,197065,"PFAN-12X1,75-NT",1
4091,Festo,197061,"PFAN-4X0,75-NT",1
4092,Festo,197061,"PFAN-4X0,75-NT",1
4093,Festo,197062,PFAN-6X1-NT,1
4094,Festo,197063,"PFAN-8X1,25-NT",1
4095,Festo,8119355,PGGT-19-LL-3MR-5M-PU2,1
4096,Festo,8119356,PGGT-30-LL-5MR-5M-PU2,1
4097,Festo,1686636,"Please confirm whether it is this model VZBA-1/2""-GG-63-T-22-F0304-V4V4T",1
4098,Festo,558208,"PLN-10X1,5-BL",1
4099,Festo,193406,"PLN-10X1,5-NT",1
4100,Festo,558214,"PLN-10X1,5-SI",1
4101,Festo,195283,"PLN-10X1,5-SW",1
4102,Festo,558209,"PLN-12X1,75-BL",1
4103,Festo,195280,"PLN-4X0,75-SW",1
4104,Festo,558206,PLN-6X1-BL,1
4105,Festo,193404,PLN-6X1-NT,1
4106,Festo,558212,PLN-6X1-SI,1
4107,Festo,195281,PLN-6X1-SW,1
4108,Festo,558207,"PLN-8X1,25-BL",1
4109,Festo,195282,"PLN-8X1,25-SW",1
4110,Festo,13363,PPL-1/4,1
4111,Festo,13364,PPL-1/8,1
4112,Festo,19796,"PPS-6-7,5-1/4-BL",1
4113,Festo,550599,PQ-RK-28-B,1
4114,Festo,9298,PR-30-RT,1
4115,Festo,12974,PR-6-BL,1
4116,Festo,330944,PRS-1/4-..-B,1
4117,Festo,336090,PRS-1/8-..-B B,1
4118,Festo,254760,PRS-3/8- 2 B,1
4119,Festo,197162,PS1-SAC31-30POL+LED,1
4120,Festo,8061174,"PTFEN-10X1,5-NT",1
4121,Festo,8061175,PTFEN-12X2-NT,1
4122,Festo,8061176,PTFEN-14X2-NT,1
4123,Festo,8061177,"PTFEN-16X2,5-NT-25",1
4124,Festo,8061172,PTFEN-6X1-NT-100,1
4125,Festo,8061178,PTFEN-6X1-NT-500,1
4126,Festo,8061173,PTFEN-8X1-NT,1
4127,Festo,12133,PU-13-SW,1
4128,Festo,12134,PU-9-SW,1
4129,Festo,197596,"PUN-10X1,5-S-1-BL",1
4130,Festo,197597,"PUN-10X1,5-S-2-BL",1
4131,Festo,197627,"PUN-10X1,5-S-2-DUO-BS",1
4132,Festo,197598,"PUN-10X1,5-S-6-BL",1
4133,Festo,533463,"PUN-10X1,5-SG-2,4-BL-1/4",1
4134,Festo,533463,"PUN-10X1,5-SG-2,4-BL-1/4",1
4135,Festo,533464,"PUN-10X1,5-SG-4,8-BL-1/4",1
4136,Festo,533465,"PUN-10X1,5-SG-6-BL-1/4",1
4137,Festo,533465,"PUN-10X1,5-SG-6-BL-1/4",1
4138,Festo,197393,"PUN-10X1,5-SW New style PUN-H-10X1,5-SW",1
4139,Festo,159670,PUN-12X2-BL替代PUN-H-12X2-BL,1
4140,Festo,533466,"PUN-12X2-SG-4,8-BL-3/8",1
4141,Festo,533466,"PUN-12X2-SG-4,8-BL-3/8",1
4142,Festo,159672,"PUN-16X2,5-BL New style PUN-H-16X2,5-BL（50米起订）",1
4143,Festo,159674,"PUN-4X0,75-DUO-BS",1
4144,Festo,159675,PUN-6X1-DUO-BS,1
4145,Festo,152823,PUN-6X1-DUO-SI,1
4146,Festo,178418,PUN-6X1-GE替代PUN-H-6X1-GE,1
4147,Festo,197590,PUN-6X1-S-1-BL,1
4148,Festo,197605,PUN-6X1-S-1-SW,1
4149,Festo,197591,PUN-6X1-S-2-BL,1
4150,Festo,197606,PUN-6X1-S-2-SW,1
4151,Festo,197592,PUN-6X1-S-6-BL,1
4152,Festo,197622,PUN-6X1-S-6-DUO-BS,1
4153,Festo,197607,PUN-6X1-S-6-SW,1
4154,Festo,152824,"PUN-8X1,25-DUO-SI",1
4155,Festo,197593,"PUN-8X1,25-S-1-BL",1
4156,Festo,197594,"PUN-8X1,25-S-2-BL",1
4157,Festo,197595,"PUN-8X1,25-S-6-BL",1
4158,Festo,188882,PUN-CM-4-SW,1
4159,Festo,188882,PUN-CM-4-SW,1
4160,Festo,130816,PUN-CM-8-SW,1
4161,Festo,197386,"PUN-H-10X1,5-BL",1
4162,Festo,558295,"PUN-H-10X1,5-GN",1
4163,Festo,197379,"PUN-H-10X1,5-NT",1
4164,Festo,197393,"PUN-H-10x1,5-SW",1
4165,Festo,197393,"PUN-H-10X1,5-SW",1
4166,Festo,8048701,"PUN-H-10X1,5-TBL",1
4167,Festo,197387,PUN-H-12X2-BL,1
4168,Festo,197387,PUN-H-12X2-BL,1
4169,Festo,197387,PUN-H-12X2-BL,1
4170,Festo,558296,PUN-H-12X2-GN,1
4171,Festo,197380,PUN-H-12X2-NT,1
4172,Festo,8048711,PUN-H-12X2-TBL,1
4173,Festo,570386,PUN-H-14X2-BL,1
4174,Festo,197388,"PUN-H-16X2,5-BL",1
4175,Festo,197388,"PUN-H-16X2,5-BL",1
4176,Festo,558297,"PUN-H-16X2,5-GN",1
4177,Festo,558276,"PUN-H-16X2,5-SI-100",1
4178,Festo,197395,"PUN-H-16X2,5-SW",1
4179,Festo,197382,"PUN-H-3X0,5-BL",1
4180,Festo,197375,"PUN-H-3X0,5-NT",1
4181,Festo,197383,"PUN-H-4X0,75-BL",1
4182,Festo,197396,"PUN-H-4X0,75-DUO",1
4183,Festo,558299,"PUN-H-4X0,75-GE",1
4184,Festo,558292,"PUN-H-4X0,75-GN",1
4185,Festo,197376,"PUN-H-4X0,75-NT",1
4186,Festo,558285,"PUN-H-4X0,75-RT",1
4187,Festo,197390,"PUN-H-4X0,75-SW",1
4188,Festo,197390,"PUN-H-4X0,75-SW",1
4189,Festo,197384,PUN-H-6X1-BL,1
4190,Festo,197384,PUN-H-6X1-BL,1
4191,Festo,178418,PUN-H-6X1-GE,1
4192,Festo,558293,PUN-H-6X1-GN,1
4193,Festo,197377,PUN-H-6X1-NT,1
4194,Festo,558286,PUN-H-6X1-RT,1
4195,Festo,558279,PUN-H-6X1-SI,1
4196,Festo,197391,PUN-H-6x1-SW,1
4197,Festo,8048681,PUN-H-6X1-TBL,1
4198,Festo,197385,"PUN-H-8X1,25-BL",1
4199,Festo,197385,"PUN-H-8X1,25-BL",1
4200,Festo,197385,"PUN-H-8X1,25-BL",1
4201,Festo,197398,"PUN-H-8X1,25-DUO",1
4202,Festo,558301,"PUN-H-8X1,25-GE",1
4203,Festo,558294,"PUN-H-8X1,25-GN",1
4204,Festo,197378,"PUN-H-8X1,25-NT",1
4205,Festo,558287,"PUN-H-8X1,25-RT",1
4206,Festo,558280,"PUN-H-8X1,25-SI",1
4207,Festo,558280,"PUN-H-8X1,25-SI",1
4208,Festo,197392,"PUN-H-8X1,25-SW",1
4209,Festo,8048691,"PUN-H-8X1,25-TBL",1
4210,Festo,525444,"PUN-V0-10X1,5-BL",1
4211,Festo,525442,PUN-V0-6X1-BL,1
4212,Festo,525443,"PUN-V0-8X1,25-BL",1
4213,Festo,15608,PZV-E-C,1
4214,Festo,8605,PZV-S-E,1
4215,Festo,8605,PZV-S-E,1
4216,Festo,9543,QH-1/2,1
4217,Festo,9541,QH-1/4,1
4218,Festo,9541,QH-1/4,1
4219,Festo,153483,QH-QS-4,1
4220,Festo,153486,QH-QS-4-1/8,1
4221,Festo,153484,QH-QS-6,1
4222,Festo,153487,QH-QS-6-1/8,1
4223,Festo,2257,QM-1/2-1/2,1
4224,Festo,2255,QM-1/4-1/4,1
4225,Festo,2254,QM-1/8-1/8,1
4226,Festo,190646,QS-1/2-10,1
4227,Festo,133189,QS-1/2-10-50,1
4228,Festo,153010,QS-1/2-12,1
4229,Festo,130684,QS-1/2-12-20,1
4230,Festo,153011,QS-1/2-16,1
4231,Festo,153007,QS-1/4-10,1
4232,Festo,153018,QS-1/4-10-I,1
4233,Festo,164980,QS-1/4-12,1
4234,Festo,130680,QS-1/4-12-20,1
4235,Festo,190644,QS-1/4-4,1
4236,Festo,153003,QS-1/4-6,1
4237,Festo,153005,QS-1/4-8,1
4238,Festo,130678,QS-1/4-8-50,1
4239,Festo,153016,QS-1/4-8-I,1
4240,Festo,190643,QS-1/8-10,1
4241,Festo,190647,QS-1/8-10-I,1
4242,Festo,153001,QS-1/8-4,1
4243,Festo,153002,QS-1/8-6,1
4244,Festo,130675,QS-1/8-6-100,1
4245,Festo,153013,QS-1/8-6-I,1
4246,Festo,153004,QS-1/8-8,1
4247,Festo,153004,QS-1/8-8,1
4248,Festo,153004,QS-1/8-8,1
4249,Festo,130676,QS-1/8-8-50,1
4250,Festo,153015,QS-1/8-8-I,1
4251,Festo,153034,QS-10,1
4252,Festo,153034,QS-10,1
4253,Festo,130689,QS-10-50,1
4254,Festo,130607,QS-10-6,1
4255,Festo,153039,QS-10-8,1
4256,Festo,153039,QS-10-8,1
4257,Festo,153039,QS-10-8,1
4258,Festo,130693,QS-10-8-50,1
4259,Festo,130623,QS-10H-6,1
4260,Festo,153043,QS-10H-8,1
4261,Festo,153043,QS-10H-8,1
4262,Festo,153035,QS-12,1
4263,Festo,153040,QS-12-10,1
4264,Festo,130694,QS-12-10-20,1
4265,Festo,130690,QS-12-20,1
4266,Festo,130608,QS-12-8,1
4267,Festo,153044,QS-12H-10,1
4268,Festo,130624,QS-12H-8,1
4269,Festo,153036,QS-16,1
4270,Festo,153008,QS-3/8-10,1
4271,Festo,153009,QS-3/8-12,1
4272,Festo,153020,QS-3/8-12-I,1
4273,Festo,164957,QS-3/8-16,1
4274,Festo,190645,QS-3/8-6,1
4275,Festo,153006,QS-3/8-8,1
4276,Festo,153031,QS-4,1
4277,Festo,190591,QS-5/8T-1/2-U,1
4278,Festo,153032,QS-6,1
4279,Festo,153032,QS-6,1
4280,Festo,153032,QS-6,1
4281,Festo,153032,QS-6,1
4282,Festo,130687,QS-6-100,1
4283,Festo,153037,QS-6-4,1
4284,Festo,153041,QS-6H-4,1
4285,Festo,153033,QS-8,1
4286,Festo,153033,QS-8,1
4287,Festo,130688,QS-8-50,1
4288,Festo,153038,QS-8-6,1
4289,Festo,153038,QS-8-6,1
4290,Festo,130692,QS-8-6-50,1
4291,Festo,153042,QS-8H-6,1
4292,Festo,186104,QS-G1/2-12,1
4293,Festo,186105,QS-G1/2-16,1
4294,Festo,186101,QS-G1/4-10,1
4295,Festo,186112,QS-G1/4-10-I,1
4296,Festo,186350,QS-G1/4-12,1
4297,Festo,186350,QS-G1/4-12,1
4298,Festo,186097,QS-G1/4-6,1
4299,Festo,186108,QS-G1/4-6-I,1
4300,Festo,186099,QS-G1/4-8,1
4301,Festo,186110,QS-G1/4-8-I,1
4302,Festo,132999,QS-G1/8-10-I,1
4303,Festo,186095,QS-G1/8-4,1
4304,Festo,186106,QS-G1/8-4-I,1
4305,Festo,186096,QS-G1/8-6,1
4306,Festo,186096,QS-G1/8-6,1
4307,Festo,186107,QS-G1/8-6-I,1
4308,Festo,186098,QS-G1/8-8,1
4309,Festo,186109,QS-G1/8-8-I,1
4310,Festo,186102,QS-G3/8-10,1
4311,Festo,186113,QS-G3/8-10-I,1
4312,Festo,186103,QS-G3/8-12,1
4313,Festo,186347,QS-G3/8-16,1
4314,Festo,186100,QS-G3/8-8,1
4315,Festo,186111,QS-G3/8-8-I,1
4316,Festo,160502,QS-V0-1/4-6,1
4317,Festo,160546,QS-V0-6,1
4318,Festo,160547,QS-V0-8,1
4319,Festo,186323,QS-V0-G1/2-10,1
4320,Festo,153265,QSC-10,1
4321,Festo,153270,QSC-10H,1
4322,Festo,153266,QSC-12,1
4323,Festo,153271,QSC-12H,1
4324,Festo,153267,QSC-4H,1
4325,Festo,153263,QSC-6,1
4326,Festo,153268,QSC-6H,1
4327,Festo,153264,QSC-8,1
4328,Festo,153269,QSC-8H,1
4329,Festo,190653,QSF-1/2-12-B,1
4330,Festo,190654,QSF-1/2-16-B,1
4331,Festo,153028,QSF-1/4-10-B,1
4332,Festo,190651,QSF-1/4-12-B,1
4333,Festo,190650,QSF-1/4-4-B,1
4334,Festo,153024,QSF-1/4-6-B,1
4335,Festo,153026,QSF-1/4-8-B,1
4336,Festo,153022,QSF-1/8-4-B,1
4337,Festo,153023,QSF-1/8-6-B,1
4338,Festo,153023,QSF-1/8-6-B,1
4339,Festo,153025,QSF-1/8-8-B,1
4340,Festo,153029,QSF-3/8-10-B,1
4341,Festo,153030,QSF-3/8-12-B,1
4342,Festo,190652,QSF-3/8-6-B,1
4343,Festo,153027,QSF-3/8-8-B,1
4344,Festo,153259,QSH-10-8,1
4345,Festo,130627,QSH-12-8,1
4346,Festo,153261,QSH-16-12,1
4347,Festo,153257,QSH-6-4,1
4348,Festo,130625,QSH-8-4,1
4349,Festo,153258,QSH-8-6,1
4350,Festo,153428,QSK-1/2-12,1
4351,Festo,153425,QSK-1/4-10,1
4352,Festo,153421,QSK-1/4-6,1
4353,Festo,153423,QSK-1/4-8,1
4354,Festo,153423,QSK-1/4-8,1
4355,Festo,153422,QSK-1/8-8,1
4356,Festo,153442,QSK-10,1
4357,Festo,153443,QSK-12,1
4358,Festo,153426,QSK-3/8-10,1
4359,Festo,153427,QSK-3/8-12,1
4360,Festo,153441,QSK-8,1
4361,Festo,186300,QSK-G1/4-10,1
4362,Festo,186298,QSK-G1/4-8,1
4363,Festo,186297,QSK-G1/8-8,1
4364,Festo,186297,QSK-G1/8-8,1
4365,Festo,190661,QSL-1/2-10,1
4366,Festo,153054,QSL-1/2-12,1
4367,Festo,153055,QSL-1/2-16,1
4368,Festo,153051,QSL-1/4-10,1
4369,Festo,164981,QSL-1/4-12,1
4370,Festo,190659,QSL-1/4-4,1
4371,Festo,153047,QSL-1/4-6,1
4372,Festo,153049,QSL-1/4-8,1
4373,Festo,190658,QSL-1/8-10,1
4374,Festo,153045,QSL-1/8-4,1
4375,Festo,153046,QSL-1/8-6,1
4376,Festo,130729,QSL-1/8-6-100,1
4377,Festo,153048,QSL-1/8-8,1
4378,Festo,153073,QSL-10,1
4379,Festo,130743,QSL-10-50,1
4380,Festo,153059,QSL-10H,1
4381,Festo,153063,QSL-10H-8,1
4382,Festo,153074,QSL-12,1
4383,Festo,130744,QSL-12-20,1
4384,Festo,153064,QSL-12H-10,1
4385,Festo,153069,QSL-12HL,1
4386,Festo,153075,QSL-16,1
4387,Festo,153052,QSL-3/8-10,1
4388,Festo,153052,QSL-3/8-10-20,1
4389,Festo,153053,QSL-3/8-12,1
4390,Festo,164958,QSL-3/8-16,1
4391,Festo,190660,QSL-3/8-6,1
4392,Festo,153050,QSL-3/8-8,1
4393,Festo,153071,QSL-6,1
4394,Festo,153071,QSL-6,1
4395,Festo,153057,QSL-6H,1
4396,Festo,153057,QSL-6H,1
4397,Festo,153061,QSL-6H-4,1
4398,Festo,153066,QSL-6HL,1
4399,Festo,153072,QSL-8,1
4400,Festo,153072,QSL-8,1
4401,Festo,130742,QSL-8-50,1
4402,Festo,153058,QSL-8H,1
4403,Festo,153058,QSL-8H,1
4404,Festo,153062,QSL-8H-6,1
4405,Festo,153067,QSL-8HL,1
4406,Festo,186125,QSL-G1/2-12,1
4407,Festo,132058,QSL-G1/2-12-20,1
4408,Festo,186126,QSL-G1/2-16,1
4409,Festo,186122,QSL-G1/4-10,1
4410,Festo,186351,QSL-G1/4-12,1
4411,Festo,186118,QSL-G1/4-6,1
4412,Festo,186120,QSL-G1/4-8,1
4413,Festo,186116,QSL-G1/8-4,1
4414,Festo,186117,QSL-G1/8-6,1
4415,Festo,186119,QSL-G1/8-8,1
4416,Festo,186123,QSL-G3/8-10,1
4417,Festo,186124,QSL-G3/8-12,1
4418,Festo,186121,QSL-G3/8-8,1
4419,Festo,153279,QSLF-1/4-10-B,1
4420,Festo,153275,QSLF-1/4-6-B,1
4421,Festo,153277,QSLF-1/4-8-B,1
4422,Festo,153274,QSLF-1/8-6-B,1
4423,Festo,153280,QSLF-3/8-10-B,1
4424,Festo,153280,QSLF-3/8-10-B,1
4425,Festo,153278,QSLF-3/8-8-B,1
4426,Festo,153082,QSLL-1/4-10,1
4427,Festo,190663,QSLL-3/8-6,1
4428,Festo,153081,QSLL-3/8-8,1
4429,Festo,186131,QSLL-G1/4-8,1
4430,Festo,186128,QSLL-G1/8-6,1
4431,Festo,186128,QSLL-G1/8-6,1
4432,Festo,186130,QSLL-G1/8-8,1
4433,Festo,186130,QSLL-G1/8-8,1
4434,Festo,153087,QSLV-1/8-6,1
4435,Festo,186147,QSLV-G1/2-16,1
4436,Festo,190666,QSLV-M5-6,1
4437,Festo,153215,QSLV2-1/4-8,1
4438,Festo,153212,QSLV2-1/8-6,1
4439,Festo,153214,QSLV2-1/8-8,1
4440,Festo,186227,QSLV2-G1/4-8,1
4441,Festo,186223,QSLV2-G1/8-4,1
4442,Festo,153223,QSLV3-1/4-6,1
4443,Festo,186242,QSLV3-G1/2-12,1
4444,Festo,186236,QSLV3-G1/8-8,1
4445,Festo,186238,QSLV3-G3/8-8,1
4446,Festo,186252,QSLV4-G1/2-12,1
4447,Festo,186244,QSLV4-G1/8-6,1
4448,Festo,153243,QSLV6-1/4-6,1
4449,Festo,153246,QSLV6-3/8-8,1
4450,Festo,153305,QSM-1/8-4,1
4451,Festo,153307,QSM-1/8-6,1
4452,Festo,153323,QSM-3,1
4453,Festo,153324,QSM-4,1
4454,Festo,153325,QSM-6,1
4455,Festo,153327,QSM-6-4,1
4456,Festo,186264,QSM-G1/8-4,1
4457,Festo,186265,QSM-G1/8-6,1
4458,Festo,186267,QSM-G1/8-6-I,1
4459,Festo,153312,QSM-M3-3-I,1
4460,Festo,153303,QSM-M3-4,1
4461,Festo,153314,QSM-M3-4-I,1
4462,Festo,153304,QSM-M5-4,1
4463,Festo,153315,QSM-M5-4-I,1
4464,Festo,133004,QSM-M5-4-I-R,1
4465,Festo,153306,QSM-M5-6,1
4466,Festo,153317,QSM-M5-6-I,1
4467,Festo,133005,QSM-M5-6-I-R,1
4468,Festo,153319,QSM-M7-4-I,1
4469,Festo,153321,QSM-M7-6-I,1
4470,Festo,132919,QSM-M7-6-I-R-100,1
4471,Festo,153311,QSMF-M5-4,1
4472,Festo,153421,QSMK-1/4-6,1
4473,Festo,153419,QSMK-1/8-4,1
4474,Festo,153420,QSMK-1/8-6,1
4475,Festo,153439,QSMK-4,1
4476,Festo,153440,QSMK-6,1
4477,Festo,186296,QSMK-G1/4-6,1
4478,Festo,153292,QSMK-M5-6,1
4479,Festo,153430,QSMKL-1/8-6,1
4480,Festo,153294,QSMKL-M5-4,1
4481,Festo,153334,QSML-1/8-4,1
4482,Festo,153336,QSML-1/8-6,1
4483,Festo,153345,QSML-6,1
4484,Festo,153348,QSML-6H,1
4485,Festo,153348,QSML-6H,1
4486,Festo,186269,QSML-G1/8-6,1
4487,Festo,153332,QSML-M3-4,1
4488,Festo,153331,QSML-M5-3,1
4489,Festo,153333,QSML-M5-4,1
4490,Festo,153335,QSML-M5-6,1
4491,Festo,186352,QSML-M7-4,1
4492,Festo,186353,QSML-M7-6,1
4493,Festo,186271,QSMLL-G1/8-6,1
4494,Festo,153339,QSMLL-M5-4,1
4495,Festo,153341,QSMLL-M5-6,1
4496,Festo,186355,QSMLL-M7-6,1
4497,Festo,130831,QSMLV-M5-4-I,1
4498,Festo,153320,QSMP-M6X0.75-4,1
4499,Festo,154434,QSMP-M8X1.25-6,1
4500,Festo,153357,QSMT-1/8-6,1
4501,Festo,153366,QSMT-4,1
4502,Festo,153367,QSMT-6,1
4503,Festo,186273,QSMT-G1/8-6,1
4504,Festo,153354,QSMT-M5-4,1
4505,Festo,153356,QSMT-M5-6,1
4506,Festo,153364,QSMTL-1/8-6,1
4507,Festo,153364,QSMTL-1/8-6,1
4508,Festo,186275,QSMTL-G1/8-6,1
4509,Festo,153363,QSMTL-M5-6,1
4510,Festo,153371,QSMY-4,1
4511,Festo,153372,QSMY-6,1
4512,Festo,153374,QSMY-6-4,1
4513,Festo,158419,QSO,1
4514,Festo,132930,QSPKG14-6,1
4515,Festo,132931,QSPKG14-8,1
4516,Festo,132639,QSPLK18-10,1
4517,Festo,130845,QSPLK18-8,1
4518,Festo,132938,QSPLKG14-6,1
4519,Festo,132939,QSPLKG14-8,1
4520,Festo,132640,QSPLLK18-10,1
4521,Festo,130848,QSPLLK18-8,1
4522,Festo,153209,QSQ-6-4,1
4523,Festo,153210,QSQ-8-6,1
4524,Festo,153403,QSR-1/4-6,1
4525,Festo,153405,QSR-1/4-8,1
4526,Festo,153401,QSR-1/8-4,1
4527,Festo,153402,QSR-1/8-6,1
4528,Festo,153404,QSR-1/8-8,1
4529,Festo,153407,QSR-3/8-10,1
4530,Festo,153406,QSR-3/8-8,1
4531,Festo,186277,QSR-G1/8-6,1
4532,Festo,186279,QSR-G1/8-8,1
4533,Festo,153527,QSR-M5-6,1
4534,Festo,153418,QSRL-1/2-12,1
4535,Festo,153412,QSRL-1/4-6,1
4536,Festo,153414,QSRL-1/4-8,1
4537,Festo,153410,QSRL-1/8-4,1
4538,Festo,153411,QSRL-1/8-6,1
4539,Festo,153413,QSRL-1/8-8,1
4540,Festo,153416,QSRL-3/8-10,1
4541,Festo,186287,QSRL-G1/4-6,1
4542,Festo,186289,QSRL-G1/4-8,1
4543,Festo,186285,QSRL-G1/8-4,1
4544,Festo,186286,QSRL-G1/8-6,1
4545,Festo,186288,QSRL-G1/8-8,1
4546,Festo,186288,QSRL-G1/8-8,1
4547,Festo,186291,QSRL-G3/8-10,1
4548,Festo,186290,QSRL-G3/8-8,1
4549,Festo,153529,QSRL-M5-4,1
4550,Festo,153160,QSS-10,1
4551,Festo,153161,QSS-12,1
4552,Festo,153158,QSS-6,1
4553,Festo,153159,QSS-8,1
4554,Festo,190655,QSSF-1/4-4-B,1
4555,Festo,153164,QSSF-1/4-6-B,1
4556,Festo,153166,QSSF-1/4-8-B,1
4557,Festo,153162,QSSF-1/8-4-B,1
4558,Festo,153163,QSSF-1/8-6-B,1
4559,Festo,153169,QSSF-3/8-10-B,1
4560,Festo,153170,QSSF-3/8-12-B,1
4561,Festo,190656,QSSF-3/8-6-B,1
4562,Festo,153167,QSSF-3/8-8-B,1
4563,Festo,130638,QSSK-6,1
4564,Festo,153115,QST-1/2-12,1
4565,Festo,153116,QST-1/2-16,1
4566,Festo,153112,QST-1/4-10,1
4567,Festo,190669,QST-1/4-12,1
4568,Festo,190668,QST-1/4-4,1
4569,Festo,153108,QST-1/4-6,1
4570,Festo,153110,QST-1/4-8,1
4571,Festo,153107,QST-1/8-6,1
4572,Festo,153107,QST-1/8-6,1
4573,Festo,153109,QST-1/8-8,1
4574,Festo,153131,QST-10,1
4575,Festo,130805,QST-10-50,1
4576,Festo,130614,QST-10-6,1
4577,Festo,153136,QST-10-8,1
4578,Festo,153132,QST-12,1
4579,Festo,153137,QST-12-10,1
4580,Festo,153137,QST-12-10,1
4581,Festo,130806,QST-12-20,1
4582,Festo,130615,QST-12-8,1
4583,Festo,153133,QST-16,1
4584,Festo,130616,QST-16-12,1
4585,Festo,153113,QST-3/8-10,1
4586,Festo,153114,QST-3/8-12,1
4587,Festo,153111,QST-3/8-8,1
4588,Festo,153128,QST-4,1
4589,Festo,153129,QST-6,1
4590,Festo,153134,QST-6-4,1
4591,Festo,153130,QST-8,1
4592,Festo,130804,QST-8-50,1
4593,Festo,153135,QST-8-6,1
4594,Festo,186166,QST-G1/2-12,1
4595,Festo,186159,QST-G1/4-6,1
4596,Festo,186161,QST-G1/4-8,1
4597,Festo,186164,QST-G3/8-10,1
4598,Festo,186165,QST-G3/8-12,1
4599,Festo,186162,QST-G3/8-8,1
4600,Festo,153205,QST3-10-8,1
4601,Festo,153204,QST3-8-6,1
4602,Festo,186201,QSTF-G1/4-6,1
4603,Festo,153119,QSTL-1/4-6,1
4604,Festo,153118,QSTL-1/8-6,1
4605,Festo,186168,QSTL-G1/8-4,1
4606,Festo,186171,QSTL-G1/8-8,1
4607,Festo,130605,QSW-1/2-16,1
4608,Festo,130621,QSW-12HL,1
4609,Festo,153285,QSX-8,1
4610,Festo,153140,QSY-1/4-6,1
4611,Festo,153151,QSY-10,1
4612,Festo,153155,QSY-10-8,1
4613,Festo,153152,QSY-12,1
4614,Festo,153156,QSY-12-10,1
4615,Festo,130612,QSY-12-8,1
4616,Festo,153148,QSY-4,1
4617,Festo,153149,QSY-6,1
4618,Festo,153153,QSY-6-4,1
4619,Festo,153150,QSY-8,1
4620,Festo,130610,QSY-8-4,1
4621,Festo,153154,QSY-8-6,1
4622,Festo,186180,QSY-G1/8-6,1
4623,Festo,186187,QSY-G3/8-12,1
4624,Festo,153174,QSYL-1/4-6,1
4625,Festo,186195,QSYL-G1/4-10,1
4626,Festo,186190,QSYL-G1/8-6,1
4627,Festo,186212,QSYLV-G1/2-12,1
4628,Festo,8985,R-3-1/4-B,1
4629,Festo,3629,R-3-M5,1
4630,Festo,8996,R-5-1/4-B,1
4631,Festo,2270,ROS-3-1/8,1
4632,Festo,100370,RS -3-1/8 VOLLST,1
4633,Festo,2272,RS-3-1/8,1
4634,Festo,2272,RS-3-1/8,1
4635,Festo,4031,RW-3-M5,1
4636,Festo,4937,RW/O-3-1/8,1
4637,Festo,8035561,SAMH-PN-F,1
4638,Festo,8035561,SAMH-PN-F,1
4639,Festo,8084159,SARA-R-Q50-S,1
4640,Festo,8000327,SASC-P4-A-M8-S,1
4641,Festo,8000327,SASC-P4-A-M8-S,1
4642,Festo,4046082,SASF-S2-B-F-A34,1
4643,Festo,539925,SBN-40,1
4644,Festo,247465,SD 25X35X4,1
4645,Festo,194332,SD-4-WD-7,1
4646,Festo,1531269,SDAT-MHS-M160-1L-SA-E-0.3-M8,1
4647,Festo,8115394,SDAT-MHS-M50-1L-SV-E-0.3-M8,1
4648,Festo,8115394,SDAT-MHS-M50-1L-SV-E-0.3-M8,1
4649,Festo,1531266,SDAT-MHS-M80-1L-SA-E-0.3-M8,1
4650,Festo,579071,SDBT-MS-20NL-ZN-E-5-LE-EX6,1
4651,Festo,8059120,SDBT-MSX-1L-PU-E-0.3-N-M8,1
4652,Festo,540197,SDE3-V1D-H-HQ4-2P-M8,1
4653,Festo,540199,SDE3-V1Z-B-HQ4-2P-M8,1
4654,Festo,542900,SDE5-D10-FP-Q4E-P-M8,1
4655,Festo,542899,SDE5-D10-FP-Q6-P-K,1
4656,Festo,542897,SDE5-D10-FP-Q6E-P-M8,1
4657,Festo,567465,SDE5-D10-NF-Q6E-V-M8,1
4658,Festo,527464,SDE5-D10-O-Q6-P-M8,1
4659,Festo,542890,SDE5-D10-O-Q6E-P-K,1
4660,Festo,527467,SDE5-D10-O-Q6E-P-M8,1
4661,Festo,542892,SDE5-D10-O2-Q6-P-M8,1
4662,Festo,529027,SDE5-V1-NF-Q4E-V-M8,1
4663,Festo,9688,SE-1/2-B,1
4664,Festo,9686,SE-1/4-B,1
4665,Festo,537669,SE-1/8-SA,1
4666,Festo,9687,SE-3/8-B,1
4667,Festo,192009,SEA-3GS-M8-S,1
4668,Festo,175487,SEA-M12-5GS-PG7,1
4669,Festo,6822,SEU-1/2,1
4670,Festo,6753,SEU-1/4,1
4671,Festo,4616,SEU-1/8,1
4672,Festo,4616,SEU-1/8,1
4673,Festo,6755,SEU-3/8,1
4674,Festo,565393,SFAB-200U-HQ8-2SA-M12,1
4675,Festo,565394,SFAB-200U-HQ8-2SV-M12,1
4676,Festo,565395,SFAB-200U-WQ8-2SA-M12,1
4677,Festo,8058474,SFAH-100U-Q8S-PNLK-PNVBA-L1,1
4678,Festo,8058474,SFAH-100U-Q8S-PNLK-PNVBA-L1,1
4679,Festo,8058470,SFAH-10U-Q6S-PNLK-PNVBA-M8,1
4680,Festo,8058470,SFAH-10U-Q6S-PNLK-PNVBA-M8,1
4681,Festo,564930,SFAM-62-1000L-M-2SA-M12,1
4682,Festo,564938,SFAM-62-5000L-M-2SA-M12,1
4683,Festo,2674,SG-M10,1
4684,Festo,6144,"SG-M10X1,25",1
4685,Festo,6145,"SG-M12 X 1,25",1
4686,Festo,6145,"SG-M12X1,25",1
4687,Festo,2676,SG-M16,1
4688,Festo,6146,"SG-M16X1,5",1
4689,Festo,6147,"SG-M20X1,5",1
4690,Festo,14987,SG-M27X2-B,1
4691,Festo,3110,SG-M6,1
4692,Festo,3111,SG-M8,1
4693,Festo,6523,SGA-M12,1
4694,Festo,10769,"SGA-M20X1,5",1
4695,Festo,9256,SGS-M10,1
4696,Festo,9261,"SGS-M10X1,25",1
4697,Festo,9261,"SGS-M10X1,25",1
4698,Festo,9261,"SGS-M10X1,25",1
4699,Festo,9262,"SGS-M12X1,25",1
4700,Festo,9262,"SGS-M12X1,25",1
4701,Festo,9263,"SGS-M16X1,5",1
4702,Festo,9263,"SGS-M16X1,5",1
4703,Festo,9264,"SGS-M20X1,5",1
4704,Festo,10774,SGS-M27X2,1
4705,Festo,10775,SGS-M36X2,1
4706,Festo,9253,SGS-M4,1
4707,Festo,9254,SGS-M6,1
4708,Festo,9254,SGS-M6,1
4709,Festo,9255,SGS-M8,1
4710,Festo,9255,SGS-M8,1
4711,Festo,150400,SIEN-M12B-NS-K-L,1
4712,Festo,150400,SIEN-M12B-NS-K-L,1
4713,Festo,150401,SIEN-M12B-NS-S-L,1
4714,Festo,150402,SIEN-M12B-PS-K-L,1
4715,Festo,538323,SIEN-M12B-PS-K-L-PA,1
4716,Festo,150410,SIEN-M12NB-PS-K-L,1
4717,Festo,150411,SIEN-M12NB-PS-S-L,1
4718,Festo,150418,SIEN-M18B-PS-K-L,1
4719,Festo,150419,SIEN-M18B-PS-S-L,1
4720,Festo,150371,SIEN-M5B-PS-S-L,1
4721,Festo,150386,SIEN-M8B-PS-K-L,1
4722,Festo,150387,SIEN-M8B-PS-S-L,1
4723,Festo,150398,SIEN-M8NB-PO-K-L,1
4724,Festo,150394,SIEN-M8NB-PS-K-L,1
4725,Festo,150395,SIEN-M8NB-PS-S-L,1
4726,Festo,551396,"SIES-8M-NS-24V-K-7,5-OE",1
4727,Festo,551391,"SIES-8M-PO-24V-K-7,5-OE",1
4728,Festo,570008,SIM-M12-8GD-10-PU,1
4729,Festo,5105632,SIM-M12-8GD-20-PU,1
4730,Festo,525618,SIM-M12-8GD-5-PU,1
4731,Festo,192964,SIM-M8-3GD-10-PU,1
4732,Festo,159420,"SIM-M8-3GD-2,5-PU",1
4733,Festo,159421,SIM-M8-3GD-5-PU,1
4734,Festo,159422,"SIM-M8-3WD-2,5-PU",1
4735,Festo,159423,SIM-M8-3WD-5-PU,1
4736,Festo,159423,SIM-M8-3WD-5-PU,1
4737,Festo,158961,SIM-M8-4GD-5-PU,1
4738,Festo,395051,SINT-B50 10X17X26,1
4739,Festo,550661,SL-DSM-B,1
4740,Festo,32784,SLM-25-100-KF-A-G-S-CV-CH-PV-PH,1
4741,Festo,32784,SLM-25-250-KF-A-G-S-CV-CH-PV-PH,1
4742,Festo,170486,SLS- 6-10-P-A,1
4743,Festo,170492,SLS-10-10-P-A,1
4744,Festo,170499,SLS-16-15-P-A,1
4745,Festo,170500,SLS-16-20-P-A,1
4746,Festo,170497,SLS-16-5-P-A,1
4747,Festo,36162,SMB-2-B,1
4748,Festo,1806790,SMB-8-C,1
4749,Festo,178230,SMB-8E,1
4750,Festo,19275,SMBR-16,1
4751,Festo,19276,SMBR-20,1
4752,Festo,19277,SMBR-25,1
4753,Festo,175093,SMBR-8-12,1
4754,Festo,175094,SMBR-8-16,1
4755,Festo,175095,SMBR-8-20,1
4756,Festo,175096,SMBR-8-25,1
4757,Festo,175097,SMBR-8-32,1
4758,Festo,175099,SMBR-8-50,1
4759,Festo,175091,SMBR-8-8,1
4760,Festo,538937,SMBR-8-8/100-S6,1
4761,Festo,36173,SMBU-1-B,1
4762,Festo,30459,SMEO-1-LED-24-B,1
4763,Festo,151672,SMEO-1-LED-24-K5-B,1
4764,Festo,150847,SMEO-1-S-24-B,1
4765,Festo,150848,SMEO-1-S-LED-24-B,1
4766,Festo,175401,SMEO-4U-K5-LED-24,1
4767,Festo,151526,SMEO-4U-S-LED-24 B,1
4768,Festo,178563,SMPO-8E,1
4769,Festo,8065030,"SMT-10G-NS-24V-E-2,5Q-OE",1
4770,Festo,551379,"SMT-10M-NS-24V-E-0,3-L-M8D",1
4771,Festo,551375,"SMT-10M-PS-24V-E-0,3-L-M8D",1
4772,Festo,551373,"SMT-10M-PS-24V-E-2,5-L-OE",1
4773,Festo,551374,"SMT-10M-PS-24V-E-2,5-Q-OE",1
4774,Festo,551382,"SMT-10M-ZS-24V-E-2,5-L-OE",1
4775,Festo,551383,"SMT-10M-ZS-24V-E-2,5-Q-OE",1
4776,Festo,562019,SMT-8-SL-PS-LED-24-B,1
4777,Festo,547860,"SMT-8G-PS-24V-E-0,3Q-M8D",1
4778,Festo,547859,"SMT-8G-PS-24V-E-2,5Q-OE",1
4779,Festo,574339,"SMT-8M-A-NS-24V-E-0,3-M8D",1
4780,Festo,574333,SMT-8M-A-NS-24V-E-0.3-M12,1
4781,Festo,574333,SMT-8M-A-NS-24V-E-0.5-M8D,1
4782,Festo,574333,SMT-8M-A-NS-24V-E-0.5-M8D（10 minimum orders）,1
4783,Festo,574333,SMT-8M-A-NS-24V-E-0.6-M8D,1
4784,Festo,574338,"SMT-8M-A-NS-24V-E-2,5-OE",1
4785,Festo,574333,SMT-8M-A-NS-24V-E-5-OE,1
4786,Festo,574333,SMT-8M-A-NS-24V-E-5-OE,1
4787,Festo,574333,SMT-8M-A-NS-24V-E-7.5-OE,1
4788,Festo,574340,"SMT-8M-A-PO-24V-E-7,5-OE",1
4789,Festo,574337,"SMT-8M-A-PS-24V-E-0,3-M12",1
4790,Festo,574334,"SMT-8M-A-PS-24V-E-0,3-M8D",1
4791,Festo,574334,"SMT-8M-A-PS-24V-E-0,3-M8D",1
4792,Festo,574334,"SMT-8M-A-PS-24V-E-0,3-M8D",1
4793,Festo,574334,"SMT-8M-A-PS-24V-E-0,3-M8D",1
4794,Festo,574335,"SMT-8M-A-PS-24V-E-2,5-OE",1
4795,Festo,574335,"SMT-8M-A-PS-24V-E-2,5-OE",1
4796,Festo,574335,"SMT-8M-A-PS-24V-E-2,5-OE",1
4797,Festo,574336,"SMT-8M-A-PS-24V-E-5,0-OE",1
4798,Festo,574333,SMT-8M-A-ZS-24V-E-0.3-M8D,1
4799,Festo,574333,SMT-8M-A-ZS-24V-E-0.3-M8D（Order at double speed for 10 pieces）,1
4800,Festo,574333,SMT-8M-A-ZS-24V-E-2.5-OE,1
4801,Festo,574334,"SMT-8M-PS-24V-E-0,3-M8D The New SMT-8M-A-PS-24V-E-0,3-M8D",1
4802,Festo,571341,"SMT-C1-PS-24V-K-0,3-M12",1
4803,Festo,571342,"SMT-C1-PS-24V-K-0,3-M8D",1
4804,Festo,571340,"SMT-C1-PS-24V-K-10,0-OE",1
4805,Festo,571339,"SMT-C1-PS-24V-K-5,0-OE",1
4806,Festo,571339,"SMT-C1-PS-24V-K-5,0-OE",1
4807,Festo,151685,SMTO-1-PS-S-LED-24-C,1
4808,Festo,152742,SMTO-4U-PS-S-LED-24,1
4809,Festo,171178,SMTO-8E-PS-S-LED-24,1
4810,Festo,191986,SMTSO-8E-PS-M12-LED-24,1
4811,Festo,174389,SNC-125,1
4812,Festo,174384,SNC-40,1
4813,Festo,174385,SNC-50,1
4814,Festo,174386,SNC-63,1
4815,Festo,174395,SNCB-100,1
4816,Festo,174390,SNCB-32,1
4817,Festo,174390,SNCB-32,1
4818,Festo,176944,SNCB-32-R3,1
4819,Festo,174391,SNCB-40,1
4820,Festo,174391,SNCB-40,1
4821,Festo,176945,SNCB-40-R3,1
4822,Festo,174392,SNCB-50,1
4823,Festo,174392,SNCB-50,1
4824,Festo,176946,SNCB-50-R3,1
4825,Festo,174393,SNCB-63,1
4826,Festo,174394,SNCB-80,1
4827,Festo,174409,SNCL-100,1
4828,Festo,537793,SNCL-25,1
4829,Festo,174404,SNCL-32,1
4830,Festo,174405,SNCL-40,1
4831,Festo,174406,SNCL-50,1
4832,Festo,174406,SNCL-50,1
4833,Festo,174408,SNCL-80,1
4834,Festo,174402,SNCS-100,1
4835,Festo,174403,SNCS-125,1
4836,Festo,2895926,SNCS-125-R3,1
4837,Festo,174397,SNCS-32,1
4838,Festo,174398,SNCS-40,1
4839,Festo,174399,SNCS-50,1
4840,Festo,174400,SNCS-63,1
4841,Festo,174401,SNCS-80,1
4842,Festo,552795,SOE4-FO-L-HF2-1P-K,1
4843,Festo,547911,SOEG-RT-M18-NA-S-2L,1
4844,Festo,547912,SOEG-RT-M18-PA-K-2L,1
4845,Festo,547913,SOEG-RT-M18-PA-S-2L,1
4846,Festo,552812,SOOC-TB-M4-2-R25,1
4847,Festo,8075663,SOOE-DS-R-PNLK-T,1
4848,Festo,8075667,SOOE-RG-R-PNLK-T,1
4849,Festo,553555,SOOF-M-FL-SM-C50-P,1
4850,Festo,553561,SOOF-P-FL-ST-C30-P,1
4851,Festo,8001441,SPAE-V1R-S6-PNLK-2.5K,1
4852,Festo,8114765,SPAN-B-B11R-G18M-PN-L1+2.5S,1
4853,Festo,8114751,SPAN-B-B2R-G18M-PN-L1,1
4854,Festo,8035545,SPAN-B2R-G18M-PN-PN-L1,1
4855,Festo,8035545,SPAN-B2R-G18M-PN-PN-L1,1
4856,Festo,8035545,SPAN-B2R-G18M-PN-PN-L1,1
4857,Festo,8035534,SPAN-B2R-G18M-PNLK-PNVBA-L1,1
4858,Festo,8035534,SPAN-B2R-G18M-PNLK-PNVBA-L1,1
4859,Festo,8035548,SPAN-B2R-R18M-PN-PN-L1,1
4860,Festo,8035547,SPAN-P10R-R18M-PN-PN-L1,1
4861,Festo,610878,SPAU-B11R-W-Q6D-L-PNLK-PNVBA-M8U,1
4862,Festo,8001200,SPAU-B2R-A-M5F-L-PNLK-PNVBA-M8D,1
4863,Festo,8001200,SPAU-B2R-W-G18FD-L-PNLK-PNVBA-M12U+5A,1
4864,Festo,8001220,SPAU-P10R-H-G18FD-L-PNLK-PNVBA-M12U,1
4865,Festo,8035302,SPAU-P10R-MS4-F-L-PNLK-PNVBA-M8D,1
4866,Festo,8074906,SPAU-P10R-MS6-F-L-PNLK-PNVBA-M12D,1
4867,Festo,8001203,SPAU-P10R-T-R18M-L-PNLK-PNVBA-M8D,1
4868,Festo,8001233,SPAU-P6R-W-G18FD-L-PNLK-PNVBA-M8U,1
4869,Festo,8001223,SPAU-V1R-H-G18FD-L-PNLK-PNVBA-M8U,1
4870,Festo,8001214,SPAU-V1R-H-Q4D-L-PNLK-PNVBA-M12D,1
4871,Festo,8001235,SPAU-V1R-W-G18FD-L-PNLK-PNVBA-M8U,1
4872,Festo,537320,SPC-AIF-INC,1
4873,Festo,170224,SPC200-COM-PDP,1
4874,Festo,170176,SPC200-MMI-DIAG,1
4875,Festo,170175,SPC200-PWR-AIF,1
4876,Festo,571470,SPTE-V1R-S6-B-2.5K,1
4877,Festo,571475,SPTE-V1R-S6-V-2.5K,1
4878,Festo,8000101,SPTW-B11R-G14-A-M12,1
4879,Festo,8000104,SPTW-P10R-G14-A-M12,1
4880,Festo,8000114,SPTW-P16R-G14-VD-M12,1
4881,Festo,568239,SRAP-M-CA1-GR270-1-A-TP20,1
4882,Festo,3482808,SRBC-CA3-YR90-N-1-P-C2P20,1
4883,Festo,3471009,SRBE-CA3-YR90-MW-22A-1W-C2M20-EX,1
4884,Festo,3471015,SRBE-CA3-YR90-N-1-P-C2M20-EX,1
4885,Festo,2393547,SRBS-Q12-16-E270-EP-1-S-M8,1
4886,Festo,2393550,SRBS-Q12-40-E270-EP-1-S-M8,1
4887,Festo,2393550,SRBS-Q12-40-E270-EP-1-S-M8,1
4888,Festo,157319,SUA-12/16,1
4889,Festo,157320,SUA-20,1
4890,Festo,157323,SUA-40,1
4891,Festo,157324,SUA-50,1
4892,Festo,157325,SUA-63,1
4893,Festo,157326,SUA-80,1
4894,Festo,6817,SV-3-M5,1
4895,Festo,6817,SV-3-M5,1
4896,Festo,11914,SV-5-M5-B,1
4897,Festo,11914,SV-5-M5-B,1
4898,Festo,12146,SVK-3-PK-3,1
4899,Festo,10190,SVS-3-1/8,1
4900,Festo,10192,SVS-4-1/8,1
4901,Festo,150015,T-PK-6,1
4902,Festo,2312,U-1,1
4903,Festo,151990,U-1-B,1
4904,Festo,2310,U-1/2,1
4905,Festo,6844,U-1/2-B,1
4906,Festo,2316,U-1/4,1
4907,Festo,6842,U-1/4-B,1
4908,Festo,2307,U-1/8,1
4909,Festo,6841,U-1/8-B,1
4910,Festo,2311,U-3/4,1
4911,Festo,6845,U-3/4-B,1
4912,Festo,2309,U-3/8,1
4913,Festo,2309,U-3/8,1
4914,Festo,6843,U-3/8-B,1
4915,Festo,4646,U-PK-3,1
4916,Festo,165004,UC-1/4,1
4917,Festo,161419,UC-1/8,1
4918,Festo,1707427,UC-3/8,1
4919,Festo,161418,UC-M7,1
4920,Festo,526475,UC-QS-10H,1
4921,Festo,165007,UC-QS-6H,1
4922,Festo,175611,UC-QS-8H,1
4923,Festo,197584,UO-1/4,1
4924,Festo,538433,UOM-3/8,1
4925,Festo,552252,UOS-1,1
4926,Festo,104502,V -5-1/4-B,1
4927,Festo,104502,V -5-1/4-B,1
4928,Festo,6809,V-5-1/4-B,1
4929,Festo,6809,V-5-1/4-B,1
4930,Festo,6809,V-5-1/4-B,1
4931,Festo,4938,V/O-3-1/8,1
4932,Festo,10747,V/O-3-PK-3,1
4933,Festo,REXROTH,V581-12 5811230000,1
4934,Festo,550663,VABA-S6-1-X2,1
4935,Festo,576410,VABB-B10-20-E,1
4936,Festo,569989,VABB-L1-14,1
4937,Festo,569989,VABB-L1-14,1
4938,Festo,573488,VABB-L1-14-T,1
4939,Festo,539212,VABB-S4-1-WT,1
4940,Festo,539212,VABB-S4-1-WT,1
4941,Festo,574483,VABD-14-B,1
4942,Festo,566676,VABD-L1-14B-S-G18,1
4943,Festo,8043720,VABD-L1-14XK-S-G18-S,1
4944,Festo,8043720,VABD-L1-14XK-S-G18-S,1
4945,Festo,574479,VABD-L1-18X-S-G14,1
4946,Festo,8172850,VABD-L1-18X-S-G14,1
4947,Festo,8172850,VABD-L1-18X-S-G14-F1A,1
4948,Festo,539234,VABE-S6-1R-G12,1
4949,Festo,539234,VABE-S6-1R-G12,1
4950,Festo,8026435,VABF-B10-30-P1A4-G38-P3,1
4951,Festo,546818,VABF-S1-1-R1C2-C-10,1
4952,Festo,546089,VABF-S2-1-R4C2-C-6,1
4953,Festo,539230,VABF-S6-1-P1A6-G12,1
4954,Festo,557377,VABF-S6-1-P5A4-G12-4-1-P,1
4955,Festo,676822,VABF-S6-10-P1A6-G12,1
4956,Festo,576347,VABM-B10-20E-G38-10,1
4957,Festo,576339,VABM-B10-20E-G38-2,1
4958,Festo,576448,VABM-B10-20E-G38-9-P3,1
4959,Festo,576489,VABM-B10-20EEE-G38-2,1
4960,Festo,576418,VABM-B10-20S-G14-3,1
4961,Festo,576429,VABM-B10-20S-N14-2,1
4962,Festo,576430,VABM-B10-20S-N14-3,1
4963,Festo,8026261,VABM-B10-25S-G38-2,1
4964,Festo,8026263,VABM-B10-25S-G38-4,1
4965,Festo,8026341,VABM-B10-30-G34-5-P53,1
4966,Festo,8026398,VABM-B10-30E-G34-5-P3,1
4967,Festo,573496,VABM-L1-14G-G14-12-GR,1
4968,Festo,573933,VABM-L1-14G-G14-16-M-GR,1
4969,Festo,573491,VABM-L1-14G-G14-6-GR,1
4970,Festo,566618,VABM-L1-14S-G14-2,1
4971,Festo,566624,VABM-L1-14S-G14-8,1
4972,Festo,566624,VABM-L1-14S-G14-8,1
4973,Festo,566642,VABM-L1-14W-G14-2,1
4974,Festo,566644,VABM-L1-14W-G14-4,1
4975,Festo,539220,VABV-S4-1S-G14-2T2,1
4976,Festo,539220,VABV-S4-1S-G14-2T2,1
4977,Festo,539224,VABV-S4-2S-G18-2T2,1
4978,Festo,8030802,VACF-B-B2-1,1
4979,Festo,8030808,VACF-B-B2-3W,1
4980,Festo,8030811,VACF-B-C1-1,1
4981,Festo,8059805,VACF-B-K1-1-5-EX4-M,1
4982,Festo,8059809,VACF-B-K1-3A-1-EX4-M,1
4983,Festo,8029143,VACN-N-K1-1-EX4-M,1
4984,Festo,8025330,VACS-C-C1-1,1
4985,Festo,8025335,VACS-C-C1-1A,1
4986,Festo,8025338,VACS-C-C1-3W,1
4987,Festo,9394,VAD-1/4,1
4988,Festo,9394,VAD-1/4,1
4989,Festo,14015,VAD-1/8,1
4990,Festo,19294,VAD-3/8,1
4991,Festo,35555,VAD-ME-1/4,1
4992,Festo,690462,"VAD-ME-1/4,VADM(I)-140",1
4993,Festo,35556,VAD-ME-3/8,1
4994,Festo,35532,VAD-ME-I-1/4,1
4995,Festo,162505,VADM-300,1
4996,Festo,690464,VADM/VADMI-300,1
4997,Festo,162509,VADMI-140,1
4998,Festo,162530,VADMI-140-P,1
4999,Festo,162510,VADMI-200,1
5000,Festo,171061,VADMI-200-LS-P,1
5001,Festo,162532,VADMI-200-P,1
5002,Festo,162511,VADMI-300,1
5003,Festo,573939,VAEM-L1-S-16-PT,1
5004,Festo,573940,VAEM-L1-S-24-PT,1
5005,Festo,573384,VAEM-L1-S-8-PT,1
5006,Festo,573445,VAEM-L1-S-M1-25,1
5007,Festo,547261,VAF-DB-1/4,1
5008,Festo,553144,VAF-DB-HR-1/8-1/4,1
5009,Festo,553142,VAF-DB-P-1/8-1/4,1
5010,Festo,553143,VAF-DB-P-3/8-1/2,1
5011,Festo,15889,VAF-PK-4,1
5012,Festo,160239,VAF-PK-6,1
5013,Festo,6890,VAK-1/4,1
5014,Festo,151211,VAL-1/4-20,1
5015,Festo,547842,VAM-40-V1/0-R1/8-E-RG The New 537810 VAM-40-V1/0-R1/8-EN,1
5016,Festo,537810,VAM-40-V1/0-R1/8-EN,1
5017,Festo,547843,VAM-63-V1/0-R1/4-E-RG,1
5018,Festo,537811,VAM-63-V1/0-R1/4-EN,1
5019,Festo,4105147,VAMC-B-S6-CTR,1
5020,Festo,541010,VAMC-S6-CH,1
5021,Festo,2293485,VAME-B10-25-A,1
5022,Festo,8026337,VAME-B10-30-A,1
5023,Festo,542703,VAOH-11-H9,1
5024,Festo,534306,VAPB-1-F-40-F0304,1
5025,Festo,534305,VAPB-3/4-F-40-F03,1
5026,Festo,36142,VAS-15-1/8-NBR,1
5027,Festo,1376604,VAS-15-1/8-SI-B,1
5028,Festo,34587,VAS-30-1/8-NBR,1
5029,Festo,1377752,VAS-30-1/8-SI-B,1
5030,Festo,1396092,VAS-40-1/4-PUR-B,1
5031,Festo,1379348,VAS-55-1/4-SI-B,1
5032,Festo,1396066,VASB-100-1/4-PUR-B,1
5033,Festo,1382277,VASB-100-1/4-SI-B,1
5034,Festo,152609,VASB-125-3/8-NBR,1
5035,Festo,1387375,VASB-125-3/8-SI-B,1
5036,Festo,35411,VASB-15-1/8-NBR,1
5037,Festo,35412,VASB-30-1/8-NBR,1
5038,Festo,1395690,VASB-30-1/8-PUR-B,1
5039,Festo,1377637,VASB-30-1/8-SI-B,1
5040,Festo,35413,VASB-40-1/4-NBR,1
5041,Festo,1395691,VASB-40-1/4-PUR-B,1
5042,Festo,1372910,VASB-40-1/4-SI-B,1
5043,Festo,35414,VASB-55-1/4-NBR,1
5044,Festo,1396063,VASB-55-1/4-PUR-B,1
5045,Festo,1373812,VASB-55-1/4-SI-B,1
5046,Festo,1373812,VASB-55-1/4-SI-B,1
5047,Festo,1373812,VASB-55-1/4-SI-B,1
5048,Festo,1373812,VASB-55-1/4-SI-B,1
5049,Festo,35415,VASB-75-1/4-NBR,1
5050,Festo,3418619,VAVC-Q2-M22C-15-E,1
5051,Festo,3019144,VAVC-Q2-M22U-15-S1,1
5052,Festo,566716,VAVE-L1-1H2-LR,1
5053,Festo,573947,VAVE-L1-1K8-LR,1
5054,Festo,573942,VAVE-L1-1VK7-LP,1
5055,Festo,573921,VAVE-L1-1VR1-LP,1
5056,Festo,573919,VAVE-L1-1VR8-LP,1
5057,Festo,1927027,VBNF-LBA-G14-Q8,1
5058,Festo,8001460,VBNF-LBA-G18-Q6,1
5059,Festo,1482679,VBOH-32-G38,1
5060,Festo,1482679,VBOH-32-G38,1
5061,Festo,548003,VBQF-D-G14-E,1
5062,Festo,547532,VBQF-U-G18-Q6,1
5063,Festo,9270,VD-3-PK-3,1
5064,Festo,8046300,VEAB-L-26-D9-Q4-A4-1R1,1
5065,Festo,8047503,VEVM-S1-27-B-C-F-1T1L,1
5066,Festo,133143,VFFK-C-K-R14-P,1
5067,Festo,8068728,VFOE-LE-T-G14-Q6,1
5068,Festo,8068729,VFOE-LE-T-G14-Q8,1
5069,Festo,8068729,VFOE-LE-T-G14-Q8,1
5070,Festo,8068726,VFOE-LE-T-G18-Q6,1
5071,Festo,8068727,VFOE-LE-T-G18-Q8,1
5072,Festo,8068731,VFOE-LE-T-G38-Q8,1
5073,Festo,8068724,VFOE-LE-T-M5-Q6,1
5074,Festo,8068724,VFOE-LE-T-M5-Q6,1
5075,Festo,1927030,VFOF-LE-BAH-G14-Q8,1
5076,Festo,8001459,VFOF-LE-BAH-G18-Q6,1
5077,Festo,4106817,VHEF-ES-B52-G14,1
5078,Festo,4106816,VHEF-ES-B52-G18,1
5079,Festo,8080964,VHEF-ET-B32-G18,1
5080,Festo,8080947,VHEF-H-B53E-G14,1
5081,Festo,4165864,VHEF-HS-B52-G14,1
5082,Festo,4165853,VHEF-HST-M32-M-G18,1
5083,Festo,5299711,VHEF-PTC-M32-M-G14,1
5084,Festo,23053161,VHEM-LF-B52-G14-CS,1
5085,Festo,23053161,VHEM-LF-B52-G14-CS,1
5086,Festo,558422,VHEM-PA-B52-G14 New style VHEF-P-B52-G14,1
5087,Festo,3515202,VHER-H-B43C-B-G14,1
5088,Festo,3488205,VHER-H-B43C-B-G18,1
5089,Festo,3192065,VHER-H-B43C-G12,1
5090,Festo,3514710,VHER-H-B43C-G14,1
5091,Festo,3488204,VHER-H-B43C-G18,1
5092,Festo,3192068,VHER-H-B43E-B-G12,1
5093,Festo,3515601,VHER-P-H-B43C-B-G14,1
5094,Festo,3488209,VHER-P-H-B43C-B-G18,1
5095,Festo,3515361,VHER-P-H-B43C-G14,1
5096,Festo,3515640,VHER-P-H-B43E-B-G14,1
5097,Festo,3488211,VHER-P-H-B43E-B-G18,1
5098,Festo,9445,VL-5-1/2,1
5099,Festo,9199,VL-5-1/4,1
5100,Festo,14294,VL-5-1/4-B,1
5101,Festo,9764,VL-5-1/8,1
5102,Festo,31000,VL-5-1/8-B,1
5103,Festo,675931,"VL-5/2-4,0",1
5104,Festo,151863,VL-5/2-D-3-FR-C,1
5105,Festo,104222,"VL/O-,RS-VS-3-1/8",1
5106,Festo,9983,VL/O-3-1/2,1
5107,Festo,9984,VL/O-3-1/4,1
5108,Festo,7803,VL/O-3-1/8-B,1
5109,Festo,26684,"VL/O-3-3,3 -SA",1
5110,Festo,10049,VL/O-3-3/4,1
5111,Festo,4245,VL/O-3-PK-3X2,1
5112,Festo,34434,VLX-2-1/2-MS,1
5113,Festo,8047094,VMEF-R-M52-M-G14,1
5114,Festo,8049238,VMEF-R-M52-M-G18,1
5115,Festo,8031323,VMEF-SCZ-M52-E-G14,1
5116,Festo,533375,VMPA-AP,1
5117,Festo,533374,VMPA-APU,1
5118,Festo,533373,VMPA-EPR,1
5119,Festo,533194,VMPA-KMS1-24-10,1
5120,Festo,533193,VMPA-KMS1-24-5,1
5121,Festo,533503,VMPA-KMS2-24-10-PUR,1
5122,Festo,564911,VMPA1-B8-R1-M5-06,1
5123,Festo,564911,VMPA1-B8-R1-M5-06,1
5124,Festo,533363,VMPA1-DP-P,1
5125,Festo,533355,VMPA1-DPU,1
5126,Festo,533354,VMPA1-FB-SP,1
5127,Festo,533344,VMPA1-M1H-B-PI,1
5128,Festo,533350,VMPA1-M1H-D-PI,1
5129,Festo,533346,VMPA1-M1H-E-PI,1
5130,Festo,533345,VMPA1-M1H-G-PI,1
5131,Festo,533349,VMPA1-M1H-H-PI,1
5132,Festo,533343,VMPA1-M1H-J-PI,1
5133,Festo,533347,VMPA1-M1H-K-PI,1
5134,Festo,533347,VMPA1-M1H-K-PI,1
5135,Festo,556838,VMPA1-M1H-KS-PI,1
5136,Festo,553110,VMPA1-M1H-KU-PI,1
5137,Festo,533376,VMPA1-M1H-M-M7-PI,1
5138,Festo,533342,VMPA1-M1H-M-PI,1
5139,Festo,533342,VMPA1-M1H-M-PI,1
5140,Festo,555894,VMPA1-M1H-M-PI -SA,1
5141,Festo,553113,VMPA1-M1H-MU-PI,1
5142,Festo,533348,VMPA1-M1H-N-PI,1
5143,Festo,556839,VMPA1-M1H-NS-PI,1
5144,Festo,534415,VMPA1-M1H-X-PI,1
5145,Festo,537988,VMPA1-MPM-EMM-8,1
5146,Festo,540894,VMPA1-MPM-EPL-G,1
5147,Festo,537993,VMPA1-MPM-EV-AB-4,1
5148,Festo,537995,VMPA1-MPM-EV-ABV-4,1
5149,Festo,533351,VMPA1-RP,1
5150,Festo,573727,VMPA14-M1H-D-PI,1
5151,Festo,573717,VMPA14-M1H-J-PI,1
5152,Festo,573718,VMPA14-M1H-M-PI,1
5153,Festo,578805,VMPA14-M1HF-J-PI,1
5154,Festo,578806,VMPA14-M1HF-M-PI,1
5155,Festo,543342,VMPA2-B8-R1C2-C-10,1
5156,Festo,538000,VMPA2-FB-AP-2-1,1
5157,Festo,537984,VMPA2-FB-EMG-4,1
5158,Festo,537983,VMPA2-FB-EMS-4,1
5159,Festo,8022038,VMPA2-M1BH-E-PI,1
5160,Festo,8022037,VMPA2-M1BH-G-PI,1
5161,Festo,8022034,VMPA2-M1BH-M-PI,1
5162,Festo,8022034,VMPA2-M1BH-M-PI,1
5163,Festo,537960,VMPA2-M1H-D-PI,1
5164,Festo,537956,VMPA2-M1H-E-PI,1
5165,Festo,537955,VMPA2-M1H-G-PI,1
5166,Festo,537953,VMPA2-M1H-J-PI,1
5167,Festo,537957,VMPA2-M1H-K-PI,1
5168,Festo,568656,VMPA2-M1H-KS-PI,1
5169,Festo,537952,VMPA2-M1H-M-PI,1
5170,Festo,537952,VMPA2-M1H-M-PI,1
5171,Festo,537961,VMPA2-M1H-X-PI,1
5172,Festo,537986,VMPA2-MPM-EMM-4,1
5173,Festo,570783,VMPAL-EPL-CPX,1
5174,Festo,560940,VMPAL-EPL-SD25-IP40,1
5175,Festo,193569,VN-05-H-T2-PQ1-VQ1-RO1,1
5176,Festo,193635,VN-05-N-I3-PQ2-VQ2,1
5177,Festo,532642,VN-10-H-T3-PI4-VI4-RO1-A,1
5178,Festo,193490,VN-10-H-T3-PQ2-VQ2-RO1,1
5179,Festo,532636,VN-10-H-T3-PQ2-VQ2-RO1-M,1
5180,Festo,532636,VN-10-H-T3-PQ2-VQ2-RO1-M,1
5181,Festo,193583,VN-10-L-T3-PI4-VI4-RI4,1
5182,Festo,193554,VN-10-M-I3-PQ2-VQ2,1
5183,Festo,547705,VN-14-H-T4-PI4-VI5-RO2,1
5184,Festo,532646,VN-14-H-T4-PQ3-VQ3-RO2-A,1
5185,Festo,532648,VN-14-H-T4-PQ3-VQ3-RO2-B,1
5186,Festo,532720,VN-14-L-T4-PI5-VI5-RO2-A,1
5187,Festo,532647,VN-14-L-T4-PQ3-VQ3-RO2-A,1
5188,Festo,526131,VN-20-L-T6-PI5-VI6-RO2,1
5189,Festo,526132,VN-30-L-T6-PI5-VI6-RO2,1
5190,Festo,569819,VOFA-L26-T52-M-G14-1C1-APP,1
5191,Festo,8041713,VPCF-6-L-8-G38-6-A4-E-EX2,1
5192,Festo,12592,VPE-1/8,1
5193,Festo,150261,VPEV-1/8,1
5194,Festo,567539,VPPE-3-1-1/8-6-010-E1T,1
5195,Festo,557775,VPPE-3-1-1/8-6-420-E1,1
5196,Festo,557775,VPPE-3-1-1/8-6-420-E1,1
5197,Festo,8104668,VPPI-5L-3-G18-0L10H-V1-S1,1
5198,Festo,8104669,VPPI-5L-3-G18-0L10H-V1-S1D,1
5199,Festo,8104667,VPPI-5L-3-G18-0L6H-A4-S1D,1
5200,Festo,1635989,VPPL-3L-3-G14-0L20H-V1-V-S1-6,1
5201,Festo,575233,VPPM-12L-L-1-G12-0L10H-A4P-S1,1
5202,Festo,575242,VPPM-12L-L-1-G12-0L6H-A4P-S1,1
5203,Festo,575243,VPPM-12L-L-1-G12-0L6H-A4P-S1C1,1
5204,Festo,542249,VPPM-6F-L-1-F-0L6H-A4N,1
5205,Festo,542229,VPPM-6L-L-1-G18-0L10H-V1N-S1,1
5206,Festo,554040,VPPM-6L-L-1-G18-0L10H-V1P-S1,1
5207,Festo,558335,VPPM-6L-L-1-G18-0L10H-V1P-S1C1,1
5208,Festo,558338,VPPM-6L-L-1-G18-0L6H-A4P-C1,1
5209,Festo,558338,VPPM-6L-L-1-G18-0L6H-A4P-C1,1
5210,Festo,8024259,VPPM-6L-L-1-G18-0L6H-LK-S1,1
5211,Festo,542228,VPPM-6L-L-1-G18-0L6H-V1N-S1,1
5212,Festo,554043,VPPM-6L-L-1-G18-0L6H-V1P,1
5213,Festo,542222,VPPM-6TA-L-1-F-0L10H,1
5214,Festo,542222,VPPM-6TA-L-1-F-0L10H,1
5215,Festo,542219,VPPM-6TA-L-1-F-0L10H-S1,1
5216,Festo,542219,VPPM-6TA-L-1-F-0L10H-S1,1
5217,Festo,542221,VPPM-6TA-L-1-F-0L6H,1
5218,Festo,571290,VPPM-8L-L-1-G14-0L10H-A4P-S1C1,1
5219,Festo,571299,VPPM-8L-L-1-G14-0L6H-A4P,1
5220,Festo,571301,VPPM-8L-L-1-G14-0L6H-A4P-S1C1,1
5221,Festo,571297,VPPM-8L-L-1-G14-0L6H-V1P-S1,1
5222,Festo,572408,VPPM-8TA-L-1-F-0L6H-S1C1,1
5223,Festo,550171,VPWP-6-L-5-Q-10-E-F,1
5224,Festo,550172,VPWP-8-L-5-Q10-10-E-F,1
5225,Festo,8086000,VRPA-C-Q4-E,1
5226,Festo,8086001,VRPA-C-Q6-E,1
5227,Festo,8086002,VRPA-C-Q8-E,1
5228,Festo,8086003,VRPA-CM-Q4-E,1
5229,Festo,8086004,VRPA-CM-Q6-E,1
5230,Festo,8086005,VRPA-CM-Q8-E,1
5231,Festo,8086012,VRPA-LM-R14-Q6,1
5232,Festo,8086013,VRPA-LM-R14-Q8,1
5233,Festo,8086009,VRPA-LM-R18-Q4,1
5234,Festo,8086010,VRPA-LM-R18-Q6,1
5235,Festo,3394,VS-4-1/8,1
5236,Festo,573215,VSCS-B-M32-MD-WA-1R3,1
5237,Festo,546256,VSCS-B-M32-MH-WA-1C1,1
5238,Festo,546260,VSCS-B-M32-MH-WA-3AC1,1
5239,Festo,577257,VSNC-FC-M52-MD-G14-F8,1
5240,Festo,577295,VSNC-FC-M52-MD-G14-F8-1B2,1
5241,Festo,8026033,VSNC-FC-M52-MD-G14-F8-3WB2,1
5242,Festo,577267,VSNC-FC-M52-MD-G14-FN,1
5243,Festo,8078399,VSNC-FC-M52-MD-G14-FN-3AA1+G,1
5244,Festo,546714,VSPA-B-B52-A1,1
5245,Festo,546724,VSPA-B-B52-A2,1
5246,Festo,566995,VSVA-B-B52-D-D2-1R5L,1
5247,Festo,546696,VSVA-B-B52-H-A1-1C1,1
5248,Festo,534537,VSVA-B-B52-H-A1-1R2L,1
5249,Festo,534557,VSVA-B-B52-H-A1-1R5L,1
5250,Festo,546697,VSVA-B-B52-H-A2-1C1,1
5251,Festo,539156,VSVA-B-B52-ZD-A1-1T1L,1
5252,Festo,539182,VSVA-B-B52-ZD-A2-1T1L,1
5253,Festo,543696,VSVA-B-B52-ZD-D1-1T1L,1
5254,Festo,8033019,VSVA-B-B52-ZTR-A1-1T1L,1
5255,Festo,560819,VSVA-B-D52-ZD-D2-1T1L,1
5256,Festo,546700,VSVA-B-M52-AH-A1-1C1,1
5257,Festo,546701,VSVA-B-M52-AH-A2-1C1,1
5258,Festo,546767,VSVA-B-M52-AH-A2-1R5L,1
5259,Festo,539158,VSVA-B-M52-AZD-A1-1T1L,1
5260,Festo,539184,VSVA-B-M52-AZD-A2-1T1L,1
5261,Festo,543698,VSVA-B-M52-AZD-D1-1T1L,1
5262,Festo,546702,VSVA-B-M52-MH-A1-1C1,1
5263,Festo,534556,VSVA-B-M52-MH-A1-1R5L,1
5264,Festo,546703,VSVA-B-M52-MH-A2-1C1,1
5265,Festo,546703,VSVA-B-M52-MH-A2-1C1,1
5266,Festo,546703,VSVA-B-M52-MH-A2-1C1,1
5267,Festo,560726,VSVA-B-M52-MZ-A1-1C1-APP,1
5268,Festo,539159,VSVA-B-M52-MZD-A1-1T1L,1
5269,Festo,539185,VSVA-B-M52-MZD-A2-1T1L,1
5270,Festo,543699,VSVA-B-M52-MZD-D1-1T1L,1
5271,Festo,561366,VSVA-B-P53C-D-D1-1R5L,1
5272,Festo,546709,VSVA-B-P53C-H-A2-1C1,1
5273,Festo,539162,VSVA-B-P53C-ZD-A1-1T1L,1
5274,Festo,539188,VSVA-B-P53C-ZD-A2-1T1L,1
5275,Festo,543702,VSVA-B-P53C-ZD-D1-1T1L,1
5276,Festo,547087,VSVA-B-P53C-ZH-A2-1C1,1
5277,Festo,534788,VSVA-B-P53C-ZH-A2-1R2L,1
5278,Festo,546706,VSVA-B-P53E-H-A1-1C1,1
5279,Festo,546707,VSVA-B-P53E-H-A2-1C1,1
5280,Festo,539161,VSVA-B-P53E-ZD-A1-1T1L,1
5281,Festo,539187,VSVA-B-P53E-ZD-A2-1T1L,1
5282,Festo,560823,VSVA-B-P53E-ZD-D2-1T1L,1
5283,Festo,546692,VSVA-B-T32C-AH-A1-1C1,1
5284,Festo,534532,VSVA-B-T32C-AH-A1-1R2L,1
5285,Festo,534532,VSVA-B-T32C-AH-A1-1R2L,1
5286,Festo,539150,VSVA-B-T32C-AZD-A1-1T1L,1
5287,Festo,539176,VSVA-B-T32C-AZD-A2-1T1L,1
5288,Festo,543690,VSVA-B-T32C-AZD-D1-1T1L,1
5289,Festo,539153,VSVA-B-T32F-AZD-A1-1T1L,1
5290,Festo,748020,VSVA-M52-A1-1C1-APP-ET,1
5291,Festo,748020,VSVA-M52-A1-1C1-APP-ET,1
5292,Festo,9499,VT-1/4-PRS,1
5293,Festo,539215,VTSA-MP,1
5294,Festo,573606,VTUG-10-MSDR-B1T-25V20-Q10-U-Q6S-10N+HMA2,1
5295,Festo,573606,VTUG-10-MSDR-B1T-25V20-Q10-U-Q6S-10N+HMA2,1
5296,Festo,573606,VTUG-10-MSDR-B1T-25V20-Q10L-UL-Q6S-10A+MA1,1
5297,Festo,573606,VTUG-10-MSDR-S8-B1T-25V20-Q10L-UL-Q6S-5VK+M2,1
5298,Festo,573606,VTUG-10-VRPT-B1T-Q10B-UB-QH6SU-16K+TTSC,1
5299,Festo,573606,VTUG-10-VRPT-B1T-Q6L-DQR-Q4S-15AL,1
5300,Festo,573606,VTUG-10-VRPT-B1T-Q8B-UB-QH6SU-24K+TTSC,1
5301,Festo,572230,VTUG-10A-SK7-B1Y-Q6L-DQL-Q4S-12A+H,1
5302,Festo,573606,VTUG-14-MSDR-B1T-25V20-Q10-U-Q8S-6MKLLJ+M2,1
5303,Festo,573606,VTUG-14-MSDR-B1T-25V20-Q10B-UB-Q8SU-12K+M1SC,1
5304,Festo,573606,VTUG-14-MSDR-B1T-25V20-Q10L-U-G18S-MJJ4MJ+M2,1
5305,Festo,573606,VTUG-14-MSDR-B1T-25V20-Q12-U-Q8S-AAJJ3A+MA1,1
5306,Festo,573606,VTUG-14-MSDR-B1T-25V20-Q12-U-Q8S-AAJJ3A+MA1,1
5307,Festo,573606,VTUG-14-MSDR-B1T-25V20-Q12-UC-Q8S-8M+HM1,1
5308,Festo,573606,VTUG-14-MSDR-B1T-25V20-Q12B-UB-Q8SU-7M+M1SC,1
5309,Festo,573606,VTUG-14-MSDR-B1T-25V20-Q12B-UB-Q8SU-8KQ6KQ63KQ6+M1SC,1
5310,Festo,573606,VTUG-14-MSDR-B1T-25V20-Q8B-UB-Q6SU-3KL+M1SC,1
5311,Festo,573606,VTUG-14-MSDR-B1T-44V21-Q10B-UB-Q6SU-18KLL+M1TT,1
5312,Festo,573606,VTUG-14-MSDR-B1TZ-25V20-Q10LA-UR-Q6S-5AL+M1,1
5313,Festo,572230,VTUG-14-SH2-B1H-Q10L-UL-Q6S-3K+HW1,1
5314,Festo,572230,VTUG-14-SH2-B1T-Q12-U-Q8S-8M+HC2,1
5315,Festo,572230,VTUG-14-SH2R-B1T-G14-U-G18S-AA,1
5316,Festo,572230,VTUG-14-SK7-S1T-Q12-U-Q8S-10A,1
5317,Festo,573606,VTUG-14-VRLK-B1T-Q10-U-Q8S-8A,1
5318,Festo,573606,VTUG-14-VRLK-B1T-Q10-U-Q8S-AAJALLAA,1
5319,Festo,573606,VTUG-14-VRLK-B1T-Q10-U-Q8S-J8AL,1
5320,Festo,573606,VTUG-14-VRLK-B1TZ-Q10-U-Q8S-AATPAAJJ,1
5321,Festo,573606,VTUG-14-VRPT-B1T-Q12B-UB-Q6SU-24VK+TTSC,1
5322,Festo,573606,VTUG-14-VRPT-B1T-Q8-U-Q6S-8A,1
5323,Festo,573606,VTUG-18-MSD-B1T-25V20-Q10-DQ-Q6S-6N+HM1,1
5324,Festo,573606,VTUG-18-MSD-B1T-25V20-Q10-DQ-Q6S-8K+HM1,1
5325,Festo,573606,VTUG-18-MSD-B1T-25V20-Q10-DQ-Q6S-8K+HM1,1
5326,Festo,573606,VTUG-18-MSD-B1T-25V20-Q10-DQ-Q8S-8PLL+HM1,1
5327,Festo,573606,VTUG-18-MSD-B1T-25V20-Q10-DQ-Q8S-8PLL+HM1,1
5328,Festo,573606,VTUG-18-MSD-B1T-25V20-Q10-U-Q6S-10P+HM2,1
5329,Festo,573606,VTUG-18-MSD-B1T-25V20-Q10-U-Q6S-7PQ8PQ8PL+HM1,1
5330,Festo,573606,VTUG-18-MSD-B1T-25V20-Q12-U-Q8S-12A+HM3,1
5331,Festo,573606,VTUG-18-MSD-B1T-25V20-Q12-U-Q8S-JNN10A3L+HM3,1
5332,Festo,573606,VTUG-18-MSD-B1T-25V20-Q8-U-Q6S-7ALTPAA+M1,1
5333,Festo,573606,VTUG-18-MSD-B1T-25V20-Q8-U-Q6S-7ALTPAA+M1,1
5334,Festo,573606,VTUG-18-MSD-S1T-25V20-G38-U-G14S-3PL+M1,1
5335,Festo,573606,VTUG-18-MSD-S1T-25V20-Q12-U-Q8S-3KA+HM2,1
5336,Festo,573606,VTUG-18-MSD-S1T-25V20-Q12-U-Q8S-K4A+HM2,1
5337,Festo,573606,VTUG-18-MSD-S1T-25V20-Q8-U-Q6S-7PLPP+M1,1
5338,Festo,573606,VTUG-18-MSD-S1T-25V20-Q8-U-Q6SFA-7ALAA+M1,1
5339,Festo,573606,VTUG-18-MSD-S1T-25V20-Q8-U-Q6SFA-7ALAA+M1,1
5340,Festo,573606,VTUG-18-MSD-S1T-25V23-Q8-UL-Q6S-4P+HM1,1
5341,Festo,573606,VTUG-18-VAP-S8-B1TZ-Q12A-U-G14S-4JLL4JLLKKLLJ3L+TV,1
5342,Festo,573606,VTUG-18-VAP-S8-B1TZ-Q12A-U-G14S-7JKKJ6L+TV,1
5343,Festo,573606,VTUG-18-VLK-B1T-Q10-U-Q8S-6JAA,1
5344,Festo,577304,VTUS-20-SC1F7-1D-G38L-GL-G18T-AAL,1
5345,Festo,577304,VTUS-20-SC1F7-1D-Q12-U3-Q8TA-8M+FC4,1
5346,Festo,8022016,VTUS-25-SC1F8-1D-Q10L-GCU1L-Q6T-3ML+HC3,1
5347,Festo,8022016,VTUS-25-SC1F8-1D-Q10L-GCU1L-Q8T-3ML,1
5348,Festo,575676,VUVB-S-M42-AZD-QX-1C1,1
5349,Festo,574367,VUVG-B10-M52-MZT-F-1P3,1
5350,Festo,573417,VUVG-B10-M52-MZT-F-1T1L,1
5351,Festo,566490,VUVG-B10-M52-RZT-F-1P3,1
5352,Festo,573419,VUVG-B10-P53C-ZT-F-1T1L,1
5353,Festo,573420,VUVG-B10-P53E-ZT-F-1T1L,1
5354,Festo,566487,VUVG-B10-T32C-AZT-F-1P3,1
5355,Festo,573410,VUVG-B10-T32C-AZT-F-1T1L,1
5356,Festo,573413,VUVG-B10-T32C-MZT-F-1T1L,1
5357,Festo,573415,VUVG-B10-T32H-MZT-F-1T1L,1
5358,Festo,566448,VUVG-B10A-M52-RZT-F-1P3,1
5359,Festo,566517,VUVG-B14-B52-ZT-F-1P3,1
5360,Festo,574246,VUVG-B14-B52-ZT-F-1R8L,1
5361,Festo,573484,VUVG-B14-B52-ZT-F-1T1L,1
5362,Festo,566516,VUVG-B14-M52-AZT-F-1P3,1
5363,Festo,574245,VUVG-B14-M52-AZT-F-1R8L,1
5364,Festo,574245,VUVG-B14-M52-AZT-F-1R8L,1
5365,Festo,573482,VUVG-B14-M52-AZT-F-1T1L,1
5366,Festo,574379,VUVG-B14-M52-MZT-F-1P3,1
5367,Festo,578158,VUVG-B14-M52-MZT-F-1R8L,1
5368,Festo,573483,VUVG-B14-M52-MZT-F-1T1L,1
5369,Festo,574247,VUVG-B14-P53C-ZT-F-1R8L,1
5370,Festo,573485,VUVG-B14-P53C-ZT-F-1T1L,1
5371,Festo,573486,VUVG-B14-P53E-ZT-F-1T1L,1
5372,Festo,566520,VUVG-B14-P53U-ZT-F-1P3,1
5373,Festo,573487,VUVG-B14-P53U-ZT-F-1T1L,1
5374,Festo,566513,VUVG-B14-T32C-AZT-F-1P3,1
5375,Festo,573476,VUVG-B14-T32C-AZT-F-1T1L,1
5376,Festo,573479,VUVG-B14-T32C-MZT-F-1T1L,1
5377,Festo,573478,VUVG-B14-T32H-AZT-F-1T1L,1
5378,Festo,8028235,VUVG-B14Z-M32C-AZT-F-1T1L,1
5379,Festo,8004893,VUVG-B18-B52-ZT-F-1T1L,1
5380,Festo,8004893,VUVG-B18-B52-ZT-F-1T1L,1
5381,Festo,574449,VUVG-B18-M52-RZT-F-1P3,1
5382,Festo,8004891,VUVG-B18-M52-RZT-F-1T1L,1
5383,Festo,8004888,VUVG-B18-T32C-MZT-F-1T1L,1
5384,Festo,8042554,VUVG-BK10-T32C-AT-F-1H2L-S,1
5385,Festo,574351,VUVG-L10-M52-MT-M5-1P3,1
5386,Festo,8031472,VUVG-L10-M52-MT-M5-1R8L,1
5387,Festo,574359,VUVG-L10-M52-MT-M7-1P3,1
5388,Festo,574355,VUVG-L10-M52-MZT-M5-1P3,1
5389,Festo,564212,VUVG-L10-M52-RH-Q6-U-1R8L-N4,1
5390,Festo,564212,VUVG-L10-M52-RT-M5-1H2L,1
5391,Festo,577316,VUVG-L10-M52-RT-M5-1H2L-W1,1
5392,Festo,566457,VUVG-L10-M52-RT-M5-1P3,1
5393,Festo,572634,VUVG-L10-M52-RT-M5-1R8L,1
5394,Festo,566474,VUVG-L10-M52-RT-M7-1P3,1
5395,Festo,564212,VUVG-L10-M52-RT-M7-1R1L,1
5396,Festo,564212,VUVG-L10-M52-RT-Q4H-1H2L,1
5397,Festo,566482,VUVG-L10-M52-RZT-M7-1P3,1
5398,Festo,566484,VUVG-L10-P53C-ZT-M7-1P3,1
5399,Festo,564212,VUVG-L10-T32C-AT-M5-U-1L1L,1
5400,Festo,574348,VUVG-L10-T32C-MT-M5-1P3,1
5401,Festo,564212,VUVG-L14-B52-H-G18-1R8L,1
5402,Festo,564212,VUVG-L14-B52-T-G18-1H2L-W1,1
5403,Festo,577319,VUVG-L14-B52-T-G18-1H2L-W1,1
5404,Festo,566500,VUVG-L14-B52-T-G18-1P3,1
5405,Festo,574230,VUVG-L14-B52-T-G18-1R8L,1
5406,Festo,566499,VUVG-L14-M52-AT-G18-1P3,1
5407,Festo,564212,VUVG-L14-M52-AT-G18-1R1L,1
5408,Festo,574229,VUVG-L14-M52-AT-G18-1R8L,1
5409,Festo,566508,VUVG-L14-M52-AZT-G18-1P3,1
5410,Festo,564212,VUVG-L14-M52-MT-G18-1H2L,1
5411,Festo,574371,VUVG-L14-M52-MT-G18-1P3,1
5412,Festo,8031508,VUVG-L14-M52-MT-G18-1R8L,1
5413,Festo,564212,VUVG-L14-M52-MT-G18-1R8L-N4,1
5414,Festo,574375,VUVG-L14-M52-MZT-G18-1P3,1
5415,Festo,564212,VUVG-L14-P53C-T-G18-1H2,1
5416,Festo,566501,VUVG-L14-P53C-T-G18-1P3,1
5417,Festo,566496,VUVG-L14-T32C-AT-G18-1P3,1
5418,Festo,8031504,VUVG-L14-T32C-MT-G18-1R8L,1
5419,Festo,8031504,VUVG-L14-T32C-MT-G18-1R8L,1
5420,Festo,574430,VUVG-L18-B52-T-G14-1P3,1
5421,Festo,8031533,VUVG-L18-B52-T-G14-1R8L,1
5422,Festo,574429,VUVG-L18-M52-MT-G14-1P3,1
5423,Festo,8031532,VUVG-L18-M52-MT-G14-1R8L,1
5424,Festo,574428,VUVG-L18-M52-RT-G14-1P3,1
5425,Festo,8031531,VUVG-L18-M52-RT-G14-1R8L,1
5426,Festo,564212,VUVG-L18-M52-RZT-G14-1H2L,1
5427,Festo,574437,VUVG-L18-M52-RZT-G14-1P3,1
5428,Festo,564212,VUVG-L18-M52-RZT-G14-1R8L,1
5429,Festo,8031534,VUVG-L18-P53C-T-G14-1R8L,1
5430,Festo,574432,VUVG-L18-P53E-T-G14-1P3,1
5431,Festo,8031525,VUVG-L18-T32C-AT-G14-1R8L,1
5432,Festo,8042539,VUVG-LK10-M52-AT-M5-1H2L-S,1
5433,Festo,8042543,VUVG-LK10-M52-AT-M5-1R8L-S,1
5434,Festo,8042551,VUVG-LK10-M52-AT-M7-1R8L-S,1
5435,Festo,564212,VUVG-LK10-M52-AT-Q4H-1H2L-S,1
5436,Festo,8042538,VUVG-LK10-T32C-AT-M5-1H2L-S,1
5437,Festo,8042563,VUVG-LK14-M52-AT-G18-1H2L-S,1
5438,Festo,8042567,VUVG-LK14-M52-AT-G18-1R8L-S,1
5439,Festo,8042562,VUVG-LK14-T32C-AT-G18-1H2L-S,1
5440,Festo,8042566,VUVG-LK14-T32C-AT-G18-1R8L-S,1
5441,Festo,573393,VUVG-S10-M52-MZT-M5-1T1L,1
5442,Festo,573393,VUVG-S10-M52-MZT-M5-1T1L,1
5443,Festo,573393,VUVG-S10-M52-MZT-M5-1T1L,1
5444,Festo,564212,VUVG-S14-B52-T-G18-1R8L,1
5445,Festo,573470,VUVG-S14-M52-AZT-G18-1T1L,1
5446,Festo,564212,VUVG-S14-M52-MT-G18-1P3,1
5447,Festo,573471,VUVG-S14-M52-MZT-G18-1T1L,1
5448,Festo,8004880,VUVG-S18-M52-MZT-G14-1T1L,1
5449,Festo,8004879,VUVG-S18-M52-RZT-G14-1T1L,1
5450,Festo,8004879,VUVG-S18-M52-RZT-G14-1T1L,1
5451,Festo,575251,VUVS-L20-B52-D-G18-F7,1
5452,Festo,575265,VUVS-L20-B52-D-G18-F7-1C1,1
5453,Festo,576516,VUVS-L20-B52-D-G18-F7-3WC1,1
5454,Festo,576516,VUVS-L20-B52-D-Q8-F7-1C1,1
5455,Festo,575683,VUVS-L20-B52-ZD-G18-F7-1C1,1
5456,Festo,575269,VUVS-L20-M32C-AD-G18-F7-1C1,1
5457,Festo,575260,VUVS-L20-M32C-MD-G18-F7,1
5458,Festo,575274,VUVS-L20-M32C-MD-G18-F7-1C1,1
5459,Festo,575273,VUVS-L20-M32C-MZD-G18-F7-1C1,1
5460,Festo,575256,VUVS-L20-M32U-AD-G18-F7,1
5461,Festo,575270,VUVS-L20-M32U-AD-G18-F7-1C1,1
5462,Festo,575258,VUVS-L20-M32U-AZD-G18-F7,1
5463,Festo,575275,VUVS-L20-M32U-MZD-G18-F7-1C1,1
5464,Festo,575249,VUVS-L20-M52-AD-G18-F7,1
5465,Festo,575263,VUVS-L20-M52-AD-G18-F7-1C1,1
5466,Festo,575676,VUVS-L20-M52-AZD-G18-F7-1C1,1
5467,Festo,575250,VUVS-L20-M52-MD-G18-F7,1
5468,Festo,575264,VUVS-L20-M52-MD-G18-F7-1C1,1
5469,Festo,575264,VUVS-L20-M52-MD-G18-F7-1C1,1
5470,Festo,575679,VUVS-L20-M52-MZD-G18-F7,1
5471,Festo,575268,VUVS-L20-P53C-MD-G18-F7-1C1,1
5472,Festo,575686,VUVS-L20-P53C-MZD-G18-F7-1C1,1
5473,Festo,575266,VUVS-L20-P53E-MD-G18-F7-1C1,1
5474,Festo,575691,VUVS-L20-P53E-MZD-G18-F7,1
5475,Festo,575516,VUVS-L25-B52-D-G14-F8,1
5476,Festo,575518,VUVS-L25-B52-D-G14-F8-1C1,1
5477,Festo,575471,VUVS-L25-M32C-AD-G14-F8,1
5478,Festo,575475,VUVS-L25-M32C-AD-G14-F8-1C1,1
5479,Festo,575476,VUVS-L25-M32C-AZD-G14-F8-1C1,1
5480,Festo,575473,VUVS-L25-M32C-MD-G14-F8,1
5481,Festo,575477,VUVS-L25-M32C-MD-G14-F8-1C1,1
5482,Festo,575474,VUVS-L25-M32C-MZD-G14-F8,1
5483,Festo,575490,VUVS-L25-M32U-AD-G14-F8-1C1,1
5484,Festo,575495,VUVS-L25-M32U-AZD-G14-F8-1B2,1
5485,Festo,575488,VUVS-L25-M32U-MD-G14-F8,1
5486,Festo,575489,VUVS-L25-M32U-MZD-G14-F8,1
5487,Festo,575501,VUVS-L25-M52-AD-G14-F8,1
5488,Festo,575505,VUVS-L25-M52-AD-G14-F8-1B2,1
5489,Festo,575503,VUVS-L25-M52-AD-G14-F8-1C1,1
5490,Festo,575502,VUVS-L25-M52-AZD-G14-F8,1
5491,Festo,575504,VUVS-L25-M52-AZD-G14-F8-1C1,1
5492,Festo,575509,VUVS-L25-M52-MD-G14-F8,1
5493,Festo,575513,VUVS-L25-M52-MD-G14-F8-1B2,1
5494,Festo,575511,VUVS-L25-M52-MD-G14-F8-1C1,1
5495,Festo,575512,VUVS-L25-M52-MZD-G14-F8-1C1,1
5496,Festo,575523,VUVS-L25-P53C-MD-G14-F8,1
5497,Festo,575527,VUVS-L25-P53C-MD-G14-F8-1B2,1
5498,Festo,575525,VUVS-L25-P53C-MD-G14-F8-1C1,1
5499,Festo,575537,VUVS-L25-P53E-MD-G14-F8,1
5500,Festo,575539,VUVS-L25-P53E-MD-G14-F8-1C1,1
5501,Festo,575532,VUVS-L25-P53U-MD-G14-F8-1C1,1
5502,Festo,575609,VUVS-L30-B52-D-G38-F8,1
5503,Festo,575613,VUVS-L30-B52-D-G38-F8-1B2,1
5504,Festo,8022017,VUVS-L30-B52-D-G38-F8-3WC1,1
5505,Festo,575564,VUVS-L30-M32C-AD-G38-F8,1
5506,Festo,575564,VUVS-L30-M32C-AD-G38-F8,1
5507,Festo,575568,VUVS-L30-M32C-AD-G38-F8-1C1,1
5508,Festo,575565,VUVS-L30-M32C-AZD-G38-F8,1
5509,Festo,575569,VUVS-L30-M32C-AZD-G38-F8-1C1,1
5510,Festo,575566,VUVS-L30-M32C-MD-G38-F8,1
5511,Festo,575574,VUVS-L30-M32C-MD-G38-F8-1B2,1
5512,Festo,575574,VUVS-L30-M32C-MD-G38-F8-1B2,1
5513,Festo,575570,VUVS-L30-M32C-MD-G38-F8-1C1,1
5514,Festo,575583,VUVS-L30-M32U-AD-G38-F8-1C1,1
5515,Festo,575594,VUVS-L30-M52-AD-G38-F8,1
5516,Festo,575596,VUVS-L30-M52-AD-G38-F8-1C1,1
5517,Festo,575595,VUVS-L30-M52-AZD-G38-F8,1
5518,Festo,575602,VUVS-L30-M52-MD-G38-F8,1
5519,Festo,575602,VUVS-L30-M52-MD-G38-F8,1
5520,Festo,8043215,VUVS-LK20-B52-D-G18-1C1-S,1
5521,Festo,8043213,VUVS-LK20-M32C-AD-G18-1C1-S,1
5522,Festo,8043214,VUVS-LK20-M52-AD-G18-1C1-S,1
5523,Festo,8043219,VUVS-LK25-B52-D-G14-1B2-S,1
5524,Festo,8043217,VUVS-LK25-M32C-AD-G14-1B2-S,1
5525,Festo,8043218,VUVS-LK25-M52-AD-G14-1B2-S,1
5526,Festo,577496,VUVS-LT20-B52-D-G18-F7,1
5527,Festo,577494,VUVS-LT20-M52-MD-G18-F7,1
5528,Festo,8035188,VUVS-LT25-B52-D-G14-F8,1
5529,Festo,8035167,VUVS-LT25-M32C-MD-G14-F8,1
5530,Festo,8035167,VUVS-LT25-M32C-MD-G14-F8,1
5531,Festo,8035167,VUVS-LT25-M32C-MD-G14-F8,1
5532,Festo,8035167,VUVS-LT25-M32C-MD-G14-F8,1
5533,Festo,8035169,VUVS-LT25-M32C-MD-G14-F8-1C1,1
5534,Festo,8035169,VUVS-LT25-M32C-MD-G14-F8-1C1,1
5535,Festo,8035170,VUVS-LT25-M32C-MZD-G14-F8-1C1,1
5536,Festo,8035179,VUVS-LT25-M32U-MZD-G14-F8-1B2,1
5537,Festo,8035181,VUVS-LT25-M52-MD-G14-F8,1
5538,Festo,8035183,VUVS-LT25-M52-MD-G14-F8-1C1,1
5539,Festo,8035186,VUVS-LT25-M52-MZD-G14-F8-1B2,1
5540,Festo,573833,VUWG-L14-B52-G18,1
5541,Festo,575684,VUWS-L20-B52-G18,1
5542,Festo,575669,VUWS-L20-M32C-A-G18,1
5543,Festo,575672,VUWS-L20-M32U-A-G18,1
5544,Festo,575677,VUWS-L20-M52-A-G18,1
5545,Festo,575681,VUWS-L20-M52-M-G18,1
5546,Festo,575687,VUWS-L20-P53C-M-G18,1
5547,Festo,575687,VUWS-L20-P53C-M-G18,1
5548,Festo,575485,VUWS-L25-M32C-M-G14,1
5549,Festo,575615,VUWS-L30-B52-G38,1
5550,Festo,8044190,VZAS-100-E,1
5551,Festo,8044224,VZAS-250-E6,1
5552,Festo,8188338,VZAS-300- SBRA,1
5553,Festo,8062128,VZAV-C-100-16-S8PN16-H1EP200-V5-V3-E,1
5554,Festo,8062128,VZAV-C-150-16-S8PN16-H1EP200-V5-V3-E,1
5555,Festo,8062128,VZAV-C-200-16-S8PN16-H1EP200-V5-V3-E,1
5556,Festo,8062128,VZAV-C-50-16-S8PN16-H1EP200-V5-V3-E,1
5557,Festo,8062128,VZAV-C-80-10-S8PN16-H1EP200-V5-V3PL-S1,1
5558,Festo,8062128,VZAV-L-100-16-S8PN16-H1EP200-V5-V3-NR,1
5559,Festo,8062128,VZAV-L-250-16-S8PN16-H1EP200-V5-V3-NR,1
5560,Festo,1686640,"VZBA-1""-GG-63-T-22-F0405-V4V4T",1
5561,Festo,1692215,"VZBA-1""-GGG-63-32L-F0405-V4V4T",1
5562,Festo,1810734,"VZBA-1""-WW-63-T-22-F0405-V4V4T-PP30-R-90-C",1
5563,Festo,1758071,VZBA-1/2-GG-63-T-22-F0304-V4V4T-PS15-R-90-4-C,1
5564,Festo,1758071,VZBA-1/2-GG-63-T-22-F0304-V4V4T-PS15-R-90-4-C,1
5565,Festo,1686636,"VZBA-1/2""-GG-63-T-22-F0304-V4V4T",1
5566,Festo,8000921,"VZBA-11/4""-63-T-22-V4V4T",1
5567,Festo,1686641,"VZBA-11/4""-GG-63-T-22-F0405-V4V4T",1
5568,Festo,1686646,"VZBA-2""-GG-63-T-22-F0507-V4V4T",1
5569,Festo,1686639,"VZBA-3/4""-GG-63-T-22-F0304-V4V4T",1
5570,Festo,1809654,"VZBA-3/4""-GG-63-T-22-F0304-V4V4T-PP30-R-90-C",1
5571,Festo,1692226,"VZBA-3/4""-GGG-63-32T-F0405-V4V4T",1
5572,Festo,1686662,"VZBA-3/8""-WW-63-T-22-F0304-V4V4T",1
5573,Festo,1913368,VZBC-25-FF-40-22-F0405-V4V4T-PP30-R-90-C,1
5574,Festo,1692202,VZBC-32-FF-40-22-F0405-V4V4T,1
5575,Festo,1913369,VZBC-32-FF-40-22-F0405-V4V4T-PP60-R-90-C,1
5576,Festo,1913370,VZBC-40-FF-40-22-F0507-V4V4T-PP60-R-90-C,1
5577,Festo,1692208,VZBC-80-FF-16-22-F07-V4V4T,1
5578,Festo,4405686,VZBM-1/2-RP-50-D-2-M-B2B3,1
5579,Festo,4405687,VZBM-3/4-RP-50-D-2-M-B2B3,1
5580,Festo,540516,VZPR-BPD-22-R112,1
5581,Festo,540512,VZPR-BPD-22-R12,1
5582,Festo,3412426,VZQA-C-M22C-15-GG-V2V4E-6,1
5583,Festo,1491844,VZWD-L-M22C-M-G14-30-V-1P4-15,1
5584,Festo,1491853,VZWD-L-M22C-M-G18-40-V-1P4-8-R1,1
5585,Festo,1491839,VZWD-L-M22C-M-G18-60-V-1P4-4,1
5586,Festo,1491839,VZWD-L-M22C-M-G18-60-V-1P4-4,1
5587,Festo,1492114,VZWF-B-L-M22C-G1-275-1P4-6,1
5588,Festo,1492122,VZWF-B-L-M22C-G1-275-1P4-6-R1,1
5589,Festo,1492306,VZWF-B-L-M22C-G1-275-3AP4-6,1
5590,Festo,1492120,VZWF-B-L-M22C-G12-135-1P4-10-R1,1
5591,Festo,1492118,VZWF-B-L-M22C-G14-135-1P4-10-R1,1
5592,Festo,546152,VZWM-L-M22C-G112-F5,1
5593,Festo,546148,VZWM-L-M22C-G12-F4,1
5594,Festo,546164,VZWM-L-M22C-G12-F5-R1,1
5595,Festo,546162,VZWM-L-M22C-G14-F5-R1,1
5596,Festo,1489942,VZWP-L-M22C-G12-130-1P4-40,1
5597,Festo,1002512,VZXF-L-M22C-M-A-G12-130-M1-V4V4T-50-16,1
5598,Festo,1002513,VZXF-L-M22C-M-B-G12-130-M1-V4V4T-50-40,1
5599,Festo,1002515,VZXF-L-M22C-M-B-G34-180-M1-V4V4T-50-20,1
5600,Festo,152810,WA-2,1
5601,Festo,8610,WBN-20/25,1
5602,Festo,660350,"WIFC1-12X16,5X4-TPE-U:Q",1
5603,Festo,369543,"WIFC1-16X20,5X4-TPE-U",1
5604,Festo,359748,"WIFC1-20X25X4,6-TPE-U",1
5605,Festo,369544,"WIFC1-25X30X4,6-TPE-U",1
5606,Festo,359753,"WIFC1-32X37,5X5-TPE-U",1
5607,Festo,369059,"WIFC1-8X11,5X3,2-TPE-U",1
5608,Festo,240992,"WIFC2-12X22X10,7-TPE-U",1
5609,Festo,645264,"WIFC2-12X22X10,7-TPE-U:Q",1
5610,Festo,232275,"WIFC2-16X26X10,7-TPE-U",1
5611,Festo,229860,"WIFC2-20X30X10,7-TPE-U",1
5612,Festo,232938,"WIFC2-25X35X11,2-TPE-U",1
5613,Festo,232938,"WIFC2-25X35X11,2-TPE-U",1
5614,Festo,645267,"WIFC2-25X35X11,2-TPE-U:Q",1
5615,Festo,203655,"WIFC3-12X22X9,5-NBR",1
5616,Festo,210816,"WIFC3-20X30X9,5-FPM",1
5617,Festo,228402,"WIFC4-10X16,2X6-FPM",1
5618,Festo,228402,WIFC4-10X16.2X6-FPM,1
5619,Festo,338265,"WIFC4-12X19X4,8-TPE-U",1
5620,Festo,224143,"WIFC6-40X50X11,5-NBR",1
5621,Festo,222596,"WIFC6-50X60X12,5-NBR",1
5622,Festo,243395,"WIFQ1-20X35X10,5-TPE-U",1
5623,Festo,9586,Y-PK-4,1
5624,Festo,191199,YSR-10-10-C,1
5625,Festo,191199,YSR-10-10-C,1
5626,Festo,34572,YSR-12-12-C,1
5627,Festo,34573,YSR-16-20-C,1
5628,Festo,34573,YSR-16-20-C,1
5629,Festo,576255,YSR-16-20-C-H1-SA,1
5630,Festo,34574,YSR-20-25-C,1
5631,Festo,160273,YSR-25-40-C,1
5632,Festo,160274,YSR-32-60-C,1
5633,Festo,160272,YSR-7-5-C,1
5634,Festo,34571,YSR-8-8-C,1
5635,Festo,11133,YSRP-12,1
5636,Festo,191195,YSRW-10-17,1
5637,Festo,191196,YSRW-12-20,1
5638,Festo,191197,YSRW-16-26,1
5639,Festo,191198,YSRW-20-34,1
5640,Festo,191194,YSRW-8-14,1
5641,Festo,540351,YSRW-DGC-32-KF,1
5642,Festo,1232870,YSRW-DGC-40/50-B,1
5643,Festo,192966,YSRWJ-8-14-A,1
5644,Festo,4204,ZK-PK-3-6/3,1
5645,Festo,174411,ZNCF-32,1
5646,Festo,174412,ZNCF-40,1
5647,Festo,174413,ZNCF-50,1
5648,Festo,174414,ZNCF-63,1
5649,Festo,194592,ZR,1
5650,Festo,194592,ZR,1
5651,Festo,7658,ZRS,1
5652,Festo,7658,ZRS,1
5653,Festo,218606,ZRS 10PACK.,1
5654,Festo,185705,ZVB-8-14/18,1
5655,SMC,SMC,KQB2H12-03S,1
5656,SMC,SMC,V114A-5FS-X311-Q,1
5657,SMC,SMC,X31 connector (evf3000),1
5658,SMC,SMC,1348110A,1
5659,SMC,SMC,1694940,1
5660,SMC,SMC,1695001,1
5661,SMC,SMC,1695001,1
5662,SMC,SMC,22216 EK/C3,1
5663,SMC,SMC,225B-611JA,1
5664,SMC,SMC,2531 1/2-1/4,1
5665,SMC,SMC,2531 1/2-1/4,1
5666,SMC,SMC,2612.5,1
5667,SMC,SMC,2612.5,1
5668,SMC,SMC,2612.25,1
5669,SMC,SMC,2612.25,1
5670,SMC,SMC,354-015-02,1
5671,SMC,SMC,358-015-02,1
5672,SMC,SMC,3C-D-A93L,1
5673,SMC,SMC,3C-D-A93Z,1
5674,SMC,SMC,3C-D-Z73L,1
5675,SMC,SMC,3C-IS10-01-6L,1
5676,SMC,SMC,3C-IS10-01S-6L,1
5677,SMC,SMC,3C-IS10-01S-6L,1
5678,SMC,SMC,3C-IS10-01S-6L,1
5679,SMC,SMC,6002-2RS,1
5680,SMC,SMC,6004- 2z,1
5681,SMC,SMC,6004-2RSH,1
5682,SMC,SMC,6201-2ZNR,1
5683,SMC,SMC,6205-2Z,1
5684,SMC,SMC,6206-2Z/VA208,1
5685,SMC,SMC,6208-2Z/VA208,1
5686,SMC,SMC,6512 12-1/2,1
5687,SMC,SMC,6512 8-1/4,1
5688,SMC,SMC,6512 8-1/4,1
5689,SMC,SMC,6522 10-1/4,1
5690,SMC,SMC,6522 12-1/2,1
5691,SMC,SMC,6522 8-1/4,1
5692,SMC,SMC,6522 8-1/8,1
5693,SMC,SMC,6522 8-1/8,1
5694,SMC,SMC,6800 8-12,1
5695,SMC,SMC,AD402-F04D-A,1
5696,SMC,SMC,ADN-25-125-A-P-A,1
5697,SMC,SMC,ADN-50-10-I-P-A,1
5698,SMC,SMC,AF20P-060S,1
5699,SMC,SMC,AF30-03D-A,1
5700,SMC,SMC,AF30P-060S,1
5701,SMC,SMC,AF30P-060S,1
5702,SMC,SMC,AF40P-060S,1
5703,SMC,SMC,AFD20 AFD20P-060AS,1
5704,SMC,SMC,AFF-EL11B,1
5705,SMC,SMC,AFF-EL22B,1
5706,SMC,SMC,AFF-EL4B,1
5707,SMC,SMC,AFF-EL70D-XFZ01,1
5708,SMC,SMC,AFF11C-F04D-T,1
5709,SMC,SMC,AFF11C-F04D-T,1
5710,SMC,SMC,AFF11C-F04D-T,1
5711,SMC,SMC,AFF22C-F06D-T,1
5712,SMC,SMC,AFF22C-F06D-T,1
5713,SMC,SMC,AFF22C-F10D,1
5714,SMC,SMC,AFF37C-F10D-T-XKV01,1
5715,SMC,SMC,AFF70D-F10-H,1
5716,SMC,SMC,AFF8C-F04D-T,1
5717,SMC,SMC,AFF8C-F04D-T,1
5718,SMC,SMC,AFF8C-F04D-T,1
5719,SMC,SMC,AFF8C-F04D-T,1
5720,SMC,SMC,AFF8C-F04D-T,1
5721,SMC,SMC,AFF8C-F04D-T-XKV01,1
5722,SMC,SMC,AFF8C-F04D-T-XKV01,1
5723,SMC,SMC,AFF8C-F04D-T-XKV01,1
5724,SMC,SMC,AFJ30-F02-5-T,1
5725,SMC,SMC,AFJ30-F02B-5-T,1
5726,SMC,SMC,AFM30P-060AS,1
5727,SMC,SMC,AFM30P-060AS,1
5728,SMC,SMC,AFM40P-060AS,1
5729,SMC,SMC,AKH04A-01S,1
5730,SMC,SMC,AKH06-00,1
5731,SMC,SMC,AKH06-00,1
5732,SMC,SMC,AKH08-00,1
5733,SMC,SMC,AKH10-00,1
5734,SMC,SMC,AKH12-00,1
5735,SMC,SMC,AL30-03-A,1
5736,SMC,SMC,AL30-F03-A,1
5737,SMC,SMC,AL40-F04-A,1
5738,SMC,SMC,AL40-F04-R-A,1
5739,SMC,SMC,ALF400-F03,1
5740,SMC,SMC,AM-BM105,1
5741,SMC,SMC,AM-EL450,1
5742,SMC,SMC,AM-EL550,1
5743,SMC,SMC,AM-EL850,1
5744,SMC,SMC,AM44P-060AS,1
5745,SMC,SMC,AM44P-060AS,1
5746,SMC,SMC,AM450C-F04D-T,1
5747,SMC,SMC,AM450C-F04D-T,1
5748,SMC,SMC,AM550C-F10D-T,1
5749,SMC,SMC,AM650-N10D,1
5750,SMC,SMC,AMD-EL250,1
5751,SMC,SMC,AMD-EL450,1
5752,SMC,SMC,AMD-EL550,1
5753,SMC,SMC,AMD44P-060AS,1
5754,SMC,SMC,AMD450C-F04D-T,1
5755,SMC,SMC,AMD450C-F04D-T,1
5756,SMC,SMC,AMD550C-F06D-T,1
5757,SMC,SMC,AMD550C-F06D-T,1
5758,SMC,SMC,AME-EL250,1
5759,SMC,SMC,AME-EL450,1
5760,SMC,SMC,AME-EL650,1
5761,SMC,SMC,AME450C-F04,1
5762,SMC,SMC,AME450C-F04,1
5763,SMC,SMC,AME450C-F04,1
5764,SMC,SMC,AMF-EL650,1
5765,SMC,SMC,AMG550C-F10D,1
5766,SMC,SMC,AMH-EL250,1
5767,SMC,SMC,AMH-EL450,1
5768,SMC,SMC,AMH-EL450,1
5769,SMC,SMC,AMH-EL550,1
5770,SMC,SMC,AMH-EL650,1
5771,SMC,SMC,AMH350C-F03D-T,1
5772,SMC,SMC,AMH450C-F04D-T,1
5773,SMC,SMC,AMH450C-F04D-T,1
5774,SMC,SMC,AMH450C-F04D-T,1
5775,SMC,SMC,AMH450C-F04D-T,1
5776,SMC,SMC,AMH650C-F10D-T-XKV01,1
5777,SMC,SMC,AN10-01,1
5778,SMC,SMC,AN110-01,1
5779,SMC,SMC,AN15-N02,1
5780,SMC,SMC,AN20-02,1
5781,SMC,SMC,AN20-02,1
5782,SMC,SMC,AN20-02,1
5783,SMC,SMC,AN20-02,1
5784,SMC,SMC,AN20-C10,1
5785,SMC,SMC,AN30-03,1
5786,SMC,SMC,AN30-C12,1
5787,SMC,SMC,AN40-04,1
5788,SMC,SMC,AN40-04,1
5789,SMC,SMC,ANA1-04,1
5790,SMC,SMC,ANA1-20,1
5791,SMC,SMC,ANA1-C12,1
5792,SMC,SMC,AQ340F-06-00,1
5793,SMC,SMC,AQ340F-06-00,1
5794,SMC,SMC,AR10-M5H-A,1
5795,SMC,SMC,AR10-M5H-A,1
5796,SMC,SMC,AR20-F01H-A,1
5797,SMC,SMC,AR20-F02-B,1
5798,SMC,SMC,AR20K-F02-B,1
5799,SMC,SMC,AR20K-F02BE-Y-B,1
5800,SMC,SMC,AR23P-270AS,1
5801,SMC,SMC,AR30-03G-A,1
5802,SMC,SMC,AR30-F03-D,1
5803,SMC,SMC,AR40-F04-B,1
5804,SMC,SMC,AR40-F06-B,1
5805,SMC,SMC,AR42P-260S,1
5806,SMC,SMC,AR42P-270AS,1
5807,SMC,SMC,AR43P-270AS,1
5808,SMC,SMC,AR825-F14,1
5809,SMC,SMC,ARBY5000-00-P-2,1
5810,SMC,SMC,ARJ1020F-M5-04,1
5811,SMC,SMC,ARX20-F02,1
5812,SMC,SMC,AS-T-1,1
5813,SMC,SMC,AS1001F-04D,1
5814,SMC,SMC,AS1201F-M5-04A,1
5815,SMC,SMC,AS1201F-M5-06,1
5816,SMC,SMC,AS1201F-M5-06A,1
5817,SMC,SMC,AS1201F-M5-06A,1
5818,SMC,SMC,AS1201FG-M5-06,1
5819,SMC,SMC,AS1201FM-M5-04,1
5820,SMC,SMC,AS1311F-M5-04,1
5821,SMC,SMC,AS1311F-M5-04,1
5822,SMC,SMC,AS2000-F02,1
5823,SMC,SMC,AS2002F-04,1
5824,SMC,SMC,AS2002F-04,1
5825,SMC,SMC,AS2002F-06,1
5826,SMC,SMC,AS2051FG-08,1
5827,SMC,SMC,AS2052F-08,1
5828,SMC,SMC,AS2201F-01-06SA,1
5829,SMC,SMC,AS2201F-01-06SA,1
5830,SMC,SMC,AS2201F-01-06SD,1
5831,SMC,SMC,AS2201F-01-08SA,1
5832,SMC,SMC,AS2201F-01-08ST,1
5833,SMC,SMC,AS2201F-02-06SA,1
5834,SMC,SMC,AS2201F-02-08S,1
5835,SMC,SMC,AS2201FSG-01-08S,1
5836,SMC,SMC,AS2211F-U01-04A,1
5837,SMC,SMC,AS3000-03,1
5838,SMC,SMC,AS3000-03,1
5839,SMC,SMC,AS3000-F03,1
5840,SMC,SMC,AS3001F-08T,1
5841,SMC,SMC,AS3002F-08,1
5842,SMC,SMC,AS3200-F03-S,1
5843,SMC,SMC,AS3200-F03-S,1
5844,SMC,SMC,AS3201F-03-10SA,1
5845,SMC,SMC,AS3201FS-03-08S,1
5846,SMC,SMC,AS4200-F04-S,1
5847,SMC,SMC,AS5000-F04,1
5848,SMC,SMC,ASD330F-01-06S,1
5849,SMC,SMC,ASG320F-01-06S,1
5850,SMC,SMC,ASG320F-01-08S,1
5851,SMC,SMC,ASG420F-02-08S,1
5852,SMC,SMC,ASN2-01-S,1
5853,SMC,SMC,ASN2-02-S,1
5854,SMC,SMC,ASN2-04-S,1
5855,SMC,SMC,ASP330F-01-06S,1
5856,SMC,SMC,ASP430F-02-08S,1
5857,SMC,SMC,ASP430F-F02-08S,1
5858,SMC,SMC,ASV410F-02-08S,1
5859,SMC,SMC,AV3000-F03-5YO,1
5860,SMC,SMC,AV4000-04-5DZB-A,1
5861,SMC,SMC,AW20-F01D-A,1
5862,SMC,SMC,AW20-F02-A,1
5863,SMC,SMC,AW2000-F01-XLN01,1
5864,SMC,SMC,AW30-F02-B,1
5865,SMC,SMC,AW30-F03-A,1
5866,SMC,SMC,AW30-F03D-A,1
5867,SMC,SMC,AW30-N02D-D,1
5868,SMC,SMC,AW30K-F03BE-B,1
5869,SMC,SMC,AW30K-F03BE-B,1
5870,SMC,SMC,AW40-F04D-А G1/2,1
5871,SMC,SMC,AW40-F04D-A,1
5872,SMC,SMC,AW40-F04D-B,1
5873,SMC,SMC,AW60-F06-B,1
5874,SMC,SMC,AWG40K-F04DG1-B,1
5875,SMC,SMC,BJ3-1,1
5876,SMC,SMC,BM2-025,1
5877,SMC,SMC,BM2-032,1
5878,SMC,SMC,BM5-025,1
5879,SMC,SMC,BM5-040,1
5880,SMC,SMC,BMA2-025,1
5881,SMC,SMC,BMA2-025,1
5882,SMC,SMC,BMA2-032,1
5883,SMC,SMC,BMA3-020,1
5884,SMC,SMC,BMA3-025,1
5885,SMC,SMC,BMA3-032,1
5886,SMC,SMC,BMA3-040,1
5887,SMC,SMC,BMA3-050,1
5888,SMC,SMC,BMEH-3X2/2-22,1
5889,SMC,SMC,C55B25-25M,1
5890,SMC,SMC,C55B50-60M,1
5891,SMC,SMC,C85F20-10,1
5892,SMC,SMC,C85N16-10,1
5893,SMC,SMC,C85N20-150,1
5894,SMC,SMC,C85N20-50,1
5895,SMC,SMC,C85N25-100-XC6A,1
5896,SMC,SMC,C85N25-100-XC6A,1
5897,SMC,SMC,C85N25-50,1
5898,SMC,SMC,C96KDB40-400,1
5899,SMC,SMC,C96SDB32-25C,1
5900,SMC,SMC,C96SDB32-80C,1
5901,SMC,SMC,C96YDB63-210C,1
5902,SMC,SMC,C96YDB80-230-C,1
5903,SMC,SMC,C96YDB80-230C,1
5904,SMC,SMC,C96YDB80-230C,1
5905,SMC,SMC,CA2-50Z-PS,1
5906,SMC,SMC,CD55B20-15M,1
5907,SMC,SMC,CD55B20-20,1
5908,SMC,SMC,CD55B20-40M,1
5909,SMC,SMC,CD55B25-25,1
5910,SMC,SMC,CD55B25-80M,1
5911,SMC,SMC,CD55B32-15,1
5912,SMC,SMC,CD55B32-15M,1
5913,SMC,SMC,CD55B32-20,1
5914,SMC,SMC,CD55B32-25M,1
5915,SMC,SMC,CD55B40-15,1
5916,SMC,SMC,CD55B40-15,1
5917,SMC,SMC,CD55B40-75M,1
5918,SMC,SMC,CD55B50-60M,1
5919,SMC,SMC,CD75E32-100-B,1
5920,SMC,SMC,CD75E32-100-B,1
5921,SMC,SMC,CD76E32-15-B,1
5922,SMC,SMC,CD85KN20-50-B,1
5923,SMC,SMC,CD85N10-100-B,1
5924,SMC,SMC,CD85N12-25-B,1
5925,SMC,SMC,CD85N12-80-B,1
5926,SMC,SMC,CD85N16-160C-B,1
5927,SMC,SMC,CD85N16-25-B,1
5928,SMC,SMC,CD85N16-25-B M5,1
5929,SMC,SMC,CD85N16-25-B M5,1
5930,SMC,SMC,CD85N16-25C-B,1
5931,SMC,SMC,CD85N16-40-B,1
5932,SMC,SMC,CD85N16-40-B,1
5933,SMC,SMC,CD85N20-100-B,1
5934,SMC,SMC,CD85N20-160-B,1
5935,SMC,SMC,CD85N20-25-B,1
5936,SMC,SMC,CD85N20-300C-B,1
5937,SMC,SMC,CD85N20-40-B,1
5938,SMC,SMC,CD85N25-100-B,1
5939,SMC,SMC,CD85N25-105C-B,1
5940,SMC,SMC,CD85N25-125C-B,1
5941,SMC,SMC,CD85N25-150C-B,1
5942,SMC,SMC,CD85N25-160-B,1
5943,SMC,SMC,CD85N25-160C-B,1
5944,SMC,SMC,CD85N25-20-B,1
5945,SMC,SMC,CD85N25-200-B,1
5946,SMC,SMC,CD85N25-200C-B,1
5947,SMC,SMC,CD85N25-200C-B,1
5948,SMC,SMC,CD85N25-200C-B,1
5949,SMC,SMC,CD85N25-40-A,1
5950,SMC,SMC,CD85N25-40-B,1
5951,SMC,SMC,CD85N25-40-B,1
5952,SMC,SMC,CD85N25-50C-B,1
5953,SMC,SMC,CD85N25-80-B,1
5954,SMC,SMC,CD85N25-80C-B,1
5955,SMC,SMC,CD85N8-40-B,1
5956,SMC,SMC,CD85WE25-20-B,1
5957,SMC,SMC,CD85Y25-150-B,1
5958,SMC,SMC,CDA2B50-100Z,1
5959,SMC,SMC,CDA2G50-115Z,1
5960,SMC,SMC,CDG1BA32TF-150Z-XC4,1
5961,SMC,SMC,CDG1BA32TF-225Z,1
5962,SMC,SMC,CDG1BA40TF-290Z,1
5963,SMC,SMC,CDG1BA50TF-150Z,1
5964,SMC,SMC,CDG1BN20TF-100Z,1
5965,SMC,SMC,CDG1BN20TF-25Z,1
5966,SMC,SMC,CDG1BN20TF-75Z,1
5967,SMC,SMC,CDG1BN25TF-150Z,1
5968,SMC,SMC,CDG1BN25TF-200Z,1
5969,SMC,SMC,CDG1BN32-450,1
5970,SMC,SMC,CDG1TN25-75Z,1
5971,SMC,SMC,CDG1UN25-250Z,1
5972,SMC,SMC,CDG1UN32TF-75Z,1
5973,SMC,SMC,CDLM2B20-125-D,1
5974,SMC,SMC,CDM2B25-25,1
5975,SMC,SMC,CDM2B25-550AZ,1
5976,SMC,SMC,CDM2B40-100Z,1
5977,SMC,SMC,CDM2B40-100Z,1
5978,SMC,SMC,CDM2E32-80Z,1
5979,SMC,SMC,CDM3UZ25-125,1
5980,SMC,SMC,CDQ2A12-15DCZ,1
5981,SMC,SMC,CDQ2A32-100DCMZ,1
5982,SMC,SMC,CDQ2A32TF-100DCMZ,1
5983,SMC,SMC,CDQ2A32TF-25DZ,1
5984,SMC,SMC,CDQ2A32TF-50DCZ,1
5985,SMC,SMC,CDQ2A40-15DCZ,1
5986,SMC,SMC,CDQ2A40-30DMZ,1
5987,SMC,SMC,CDQ2A40TF-15DCZ,1
5988,SMC,SMC,CDQ2A40TF-50DCZ,1
5989,SMC,SMC,CDQ2A50TF-20DZ,1
5990,SMC,SMC,CDQ2A63-150DCMZ,1
5991,SMC,SMC,CDQ2A63TF-75DCMZ,1
5992,SMC,SMC,CDQ2A63TF-75DCMZ,1
5993,SMC,SMC,CDQ2B20-25DZ,1
5994,SMC,SMC,CDQ2B20-25DZ-XB14,1
5995,SMC,SMC,CDQ2B25-15DZ,1
5996,SMC,SMC,CDQ2B25-50DCZ-XC6,1
5997,SMC,SMC,CDQ2B40TF-10DZ,1
5998,SMC,SMC,CDQ2D32-50DMZ,1
5999,SMC,SMC,CDQKA40TF-25DZ+35+30DCZ-COY0539Y,1
6000,SMC,SMC,CDQMA 32-30,1
6001,SMC,SMC,CDQMA32-10,1
6002,SMC,SMC,CDQMA32-40,1
6003,SMC,SMC,CDQMA50-25,1
6004,SMC,SMC,CDQMA50TF-40,1
6005,SMC,SMC,CDQMB80TF-10,1
6006,SMC,SMC,CDQSB20-20DCM,1
6007,SMC,SMC,CDQSB25-35DCM,1
6008,SMC,SMC,CDQSB25-50DCM,1
6009,SMC,SMC,CDQSB25-60DCM-XB10,1
6010,SMC,SMC,CDRB1BW50-90S,1
6011,SMC,SMC,CG-025-24A,1
6012,SMC,SMC,CG-T032,1
6013,SMC,SMC,CG1A100-PS,1
6014,SMC,SMC,CG1BN40-50Z,1
6015,SMC,SMC,CG1BN63-125Z,1
6016,SMC,SMC,CG1N32-PS,1
6017,SMC,SMC,CG5BA32TFSR-100,1
6018,SMC,SMC,CG5BN40SV-DCM687CM-PS,1
6019,SMC,SMC,CG5EN50SV-100,1
6020,SMC,SMC,CG5N25SV-PS,1
6021,SMC,SMC,CJ2B10-15TZ,1
6022,SMC,SMC,CJ2B16-30Z,1
6023,SMC,SMC,CJ2ZB16-30Z,1
6024,SMC,SMC,CJP2B10D-PS,1
6025,SMC,SMC,CJP2B10D-PS,1
6026,SMC,SMC,CJP2B16D-PS,1
6027,SMC,SMC,CJPB10-10H6Z,1
6028,SMC,SMC,CJPS10-15Z,1
6029,SMC,SMC,CM-E020B,1
6030,SMC,SMC,CM2BZ25-50Z,1
6031,SMC,SMC,CP96SB50-140C,1
6032,SMC,SMC,CP96SDB100-150,1
6033,SMC,SMC,CP96SDB125-700,1
6034,SMC,SMC,CP96SDB32-100C,1
6035,SMC,SMC,CP96SDB32-150,1
6036,SMC,SMC,CP96SDB32-160C,1
6037,SMC,SMC,CP96SDB32-160C,1
6038,SMC,SMC,CP96SDB32-200C,1
6039,SMC,SMC,CP96SDB32-25C,1
6040,SMC,SMC,CP96SDB32-50C,1
6041,SMC,SMC,CP96SDB32-50C,1
6042,SMC,SMC,CP96SDB32-65C,1
6043,SMC,SMC,CP96SDB32-80C,1
6044,SMC,SMC,CP96SDB40-100,1
6045,SMC,SMC,CP96SDB40-40C,1
6046,SMC,SMC,CP96SDB40-50,1
6047,SMC,SMC,CP96SDB40-500C,1
6048,SMC,SMC,CP96SDB40-50C,1
6049,SMC,SMC,CP96SDB40-80,1
6050,SMC,SMC,CP96SDB50-100C,1
6051,SMC,SMC,CP96SDB50-180CW,1
6052,SMC,SMC,CP96SDB50-180CW,1
6053,SMC,SMC,CP96SDB50-200C,1
6054,SMC,SMC,CP96SDB50-200C,1
6055,SMC,SMC,CP96SDB50-200C,1
6056,SMC,SMC,CP96SDB50-200C-XC68,1
6057,SMC,SMC,CP96SDB50-200C-XC68,1
6058,SMC,SMC,CP96SDB50-550C,1
6059,SMC,SMC,CP96SDB63-100,1
6060,SMC,SMC,CP96SDB63-160C,1
6061,SMC,SMC,CP96SDB63-230C-XC68,1
6062,SMC,SMC,CP96SDB63-230C-XC68,1
6063,SMC,SMC,CP96SDB63-25C,1
6064,SMC,SMC,CP96SDB63-360C,1
6065,SMC,SMC,CP96SDB63-600C,1
6066,SMC,SMC,CP96SDB80-100C,1
6067,SMC,SMC,CP96SDB80-150CW,1
6068,SMC,SMC,CP96SDB80-15C,1
6069,SMC,SMC,CQ2A20-40DCM,1
6070,SMC,SMC,CQ2A20-5D,1
6071,SMC,SMC,CQ2A25-10DM,1
6072,SMC,SMC,CQ2A40TF-30DCZ,1
6073,SMC,SMC,CQ2B100-PS,1
6074,SMC,SMC,CQ2B12-5S,1
6075,SMC,SMC,CQ2B125-PS,1
6076,SMC,SMC,CQ2B16-10D,1
6077,SMC,SMC,CQ2B16-10DC,1
6078,SMC,SMC,CQ2B16-20D,1
6079,SMC,SMC,CQ2B16-25DM,1
6080,SMC,SMC,CQ2B16-5DC,1
6081,SMC,SMC,CQ2B20-10D,1
6082,SMC,SMC,CQ2B20-10S,1
6083,SMC,SMC,CQ2B20-20D,1
6084,SMC,SMC,CQ2B20-25D,1
6085,SMC,SMC,CQ2B20-5D,1
6086,SMC,SMC,CQ2B20-5S,1
6087,SMC,SMC,CQ2B25-10D,1
6088,SMC,SMC,CQ2B25-15DС,1
6089,SMC,SMC,CQ2B25-30D,1
6090,SMC,SMC,CQ2B25-5D,1
6091,SMC,SMC,CQ2B32TF-10DCZ,1
6092,SMC,SMC,CQ2B32TF-15DCZ,1
6093,SMC,SMC,CQ2B32TF-20DZ,1
6094,SMC,SMC,CQ2B32TF-20DZ,1
6095,SMC,SMC,CQ2B40-10DMZ,1
6096,SMC,SMC,CQ2B40-10DZ,1
6097,SMC,SMC,CQ2B40-15DZ,1
6098,SMC,SMC,CQ2B40TF-20DCMZ,1
6099,SMC,SMC,CQ2B40TF-5DZ,1
6100,SMC,SMC,CQ2B50TF-25SZ-COT0071T,1
6101,SMC,SMC,CQ2B63TF-10DZ,1
6102,SMC,SMC,CQMB16-30,1
6103,SMC,SMC,CRA1BSU50-180Z,1
6104,SMC,SMC,CRA1BX50-90Z,1
6105,SMC,SMC,CRB2BW20-180SZ,1
6106,SMC,SMC,CRB2BW30-180SE-XC3,1
6107,SMC,SMC,CRB2BWU20-270S,1
6108,SMC,SMC,CRB2BWU40-90DZ,1
6109,SMC,SMC,CS1DN125-300K,1
6110,SMC,SMC,CS95-40,1
6111,SMC,SMC,CS95-40,1
6112,SMC,SMC,CS95-50,1
6113,SMC,SMC,CS95-63,1
6114,SMC,SMC,CUJB16-20D,1
6115,SMC,SMC,CXSL10-15,1
6116,SMC,SMC,CXSM10-10,1
6117,SMC,SMC,CXSM15-10,1
6118,SMC,SMC,CXSM20-50,1
6119,SMC,SMC,CXSWM 15-30,1
6120,SMC,SMC,D-A93L,1
6121,SMC,SMC,D-C73C,1
6122,SMC,SMC,D-G5BAZ,1
6123,SMC,SMC,D-M9B,1
6124,SMC,SMC,D-M9BWL,1
6125,SMC,SMC,D-M9BWSBPC,1
6126,SMC,SMC,D-M9P,1
6127,SMC,SMC,D-M9P,1
6128,SMC,SMC,D-M9PL,1
6129,SMC,SMC,D-M9PMAPC,1
6130,SMC,SMC,DN1412,1
6131,SMC,SMC,DSNU-40-50-P-A,1
6132,SMC,SMC,DSR-32-180-P-SA,1
6133,SMC,SMC,EAD402-F04,1
6134,SMC,SMC,EAD402-F04,1
6135,SMC,SMC,EAQ2000-F02,1
6136,SMC,SMC,EAR925-F20,1
6137,SMC,SMC,EAV3000-F03G-5YZ-Q,1
6138,SMC,SMC,EAV4000-F04G-5YZ-Q,1
6139,SMC,SMC,EBKX-L7004-040,1
6140,SMC,SMC,EC900-003N,1
6141,SMC,SMC,ECQ2B32-10DC,1
6142,SMC,SMC,EVEX3320-04F,1
6143,SMC,SMC,EVEX3320-04F,1
6144,SMC,SMC,EVG342-3D-10FA-Q,1
6145,SMC,SMC,EVND600D-40F-L,1
6146,SMC,SMC,EVND600D-40F-L,1
6147,SMC,SMC,EVS7-6-FG-S-3CVO-Q,1
6148,SMC,SMC,EVS7-8-FHG-D-3CVO,1
6149,SMC,SMC,EVT307-5DO-01F-Q,1
6150,SMC,SMC,EVT317-5D-02F-Q,1
6151,SMC,SMC,EVT317-5DO-02F-Q,1
6152,SMC,SMC,EX250-SPR1,1
6153,SMC,SMC,EX260-SPR5,1
6154,SMC,SMC,FYTB 30 TF,1
6155,SMC,SMC,G27-10-R1,1
6156,SMC,SMC,G27-10-R1,1
6157,SMC,SMC,G27-20-01,1
6158,SMC,SMC,G36-10-01,1
6159,SMC,SMC,G43-10-01,1
6160,SMC,SMC,G46-10-01,1
6161,SMC,SMC,G46-10-01-C,1
6162,SMC,SMC,GC3-10AS,1
6163,SMC,SMC,GKM10-20,1
6164,SMC,SMC,GP46-10-02-C,1
6165,SMC,SMC,GZ46-K-01,1
6166,SMC,SMC,H-3/8-B,1
6167,SMC,SMC,H316,1
6168,SMC,SMC,IDG60-F04,1
6169,SMC,SMC,IR2000-F02B-A,1
6170,SMC,SMC,IR2010-F02-XRT01,1
6171,SMC,SMC,IS10-01S-6L,1
6172,SMC,SMC,IS10E-30F03-6L-A,1
6173,SMC,SMC,IS10M,1
6174,SMC,SMC,ISE35-R-65-M,1
6175,SMC,SMC,ISE40A-01-V-M,1
6176,SMC,SMC,ITV1030-01F1N,1
6177,SMC,SMC,ITV1030-01F2BL,1
6178,SMC,SMC,ITV1030-01F2BL,1
6179,SMC,SMC,ITV1030-01F2CL,1
6180,SMC,SMC,ITV1030-01F2CL,1
6181,SMC,SMC,ITV1030-01F2N,1
6182,SMC,SMC,ITV1050-01F2N3,1
6183,SMC,SMC,ITV1050-01F2N3,1
6184,SMC,SMC,ITV1050-04F1N-X224,1
6185,SMC,SMC,ITV1050-04F2BL,1
6186,SMC,SMC,ITV1050-04F2BL,1
6187,SMC,SMC,ITV2030-01F2BN3,1
6188,SMC,SMC,ITV2030-03F2CL3,1
6189,SMC,SMC,ITV2030-33F2BN3,1
6190,SMC,SMC,ITV2050-04F3N3,1
6191,SMC,SMC,ITV2050-31F2BN3,1
6192,SMC,SMC,ITV2050-31F2BN3,1
6193,SMC,SMC,ITV2050-31F2N,1
6194,SMC,SMC,ITV3010-01F2BN3,1
6195,SMC,SMC,ITV3030-01F4N3,1
6196,SMC,SMC,IY-J015,1
6197,SMC,SMC,IZS31-300-BG,1
6198,SMC,SMC,IZS31-300-BG,1
6199,SMC,SMC,IZS31-300-F,1
6200,SMC,SMC,IZS31-300-G,1
6201,SMC,SMC,IZS40-BE,1
6202,SMC,SMC,JA20-8-125,1
6203,SMC,SMC,JA30-10-125,1
6204,SMC,SMC,JAF40-14-150,1
6205,SMC,SMC,JB63-10-150,1
6206,SMC,SMC,JXC918-BC,1
6207,SMC,SMC,JXC918-BC,1
6208,SMC,SMC,JXC918-BC,1
6209,SMC,SMC,JXCP17-BC,1
6210,SMC,SMC,K8-10-40,1
6211,SMC,SMC,KDM20-06,1
6212,SMC,SMC,KFG2H0806-02S,1
6213,SMC,SMC,KFG2H1209-03S,1
6214,SMC,SMC,KFL08N-02-X2,1
6215,SMC,SMC,KFL08N-02-X2,1
6216,SMC,SMC,KGS06-01S,1
6217,SMC,SMC,KGS06-02S,1
6218,SMC,SMC,KGS08-01S,1
6219,SMC,SMC,KGS08-02S,1
6220,SMC,SMC,KJ10D,1
6221,SMC,SMC,KJ6D,1
6222,SMC,SMC,KK130P-02F,1
6223,SMC,SMC,KK4S-02F,1
6224,SMC,SMC,KPGH12-04,1
6225,SMC,SMC,KPL06-02,1
6226,SMC,SMC,KPL10-02,1
6227,SMC,SMC,KQ2-T12-00A,1
6228,SMC,SMC,KQ2E06-00A,1
6229,SMC,SMC,KQ2F10-02N,1
6230,SMC,SMC,KQ2F12-03A,1
6231,SMC,SMC,KQ2F12-04A,1
6232,SMC,SMC,KQ2H04-00,1
6233,SMC,SMC,KQ2H04-00A,1
6234,SMC,SMC,KQ2H04-00A,1
6235,SMC,SMC,KQ2H04-01A,1
6236,SMC,SMC,KQ2H04-M6A,1
6237,SMC,SMC,KQ2H06-00A,1
6238,SMC,SMC,KQ2H06-01AS,1
6239,SMC,SMC,KQ2H06-02AS,1
6240,SMC,SMC,KQ2H06-02AS,1
6241,SMC,SMC,KQ2H06-08A,1
6242,SMC,SMC,KQ2H08-00A,1
6243,SMC,SMC,KQ2H08-00A,1
6244,SMC,SMC,KQ2H08-01AS,1
6245,SMC,SMC,KQ2H08-01AS,1
6246,SMC,SMC,KQ2H08-02,1
6247,SMC,SMC,KQ2H08-02AS,1
6248,SMC,SMC,KQ2H08-03AS,1
6249,SMC,SMC,KQ2H08-10A,1
6250,SMC,SMC,KQ2H10-00A,1
6251,SMC,SMC,KQ2H10-02AS,1
6252,SMC,SMC,KQ2H10-02NS,1
6253,SMC,SMC,KQ2H10-02S,1
6254,SMC,SMC,KQ2H10-04АS,1
6255,SMC,SMC,KQ2H10-04AS,1
6256,SMC,SMC,KQ2H10-12A,1
6257,SMC,SMC,KQ2H10-12A,1
6258,SMC,SMC,KQ2H10-G02A,1
6259,SMC,SMC,KQ2H10-G03A,1
6260,SMC,SMC,KQ2H10-G04A,1
6261,SMC,SMC,KQ2H10-G04A,1
6262,SMC,SMC,KQ2H12-00A,1
6263,SMC,SMC,KQ2H12-02AS,1
6264,SMC,SMC,KQ2H12-03AS,1
6265,SMC,SMC,KQ2H12-03NS,1
6266,SMC,SMC,KQ2H12-04AS,1
6267,SMC,SMC,KQ2H12-G03A,1
6268,SMC,SMC,KQ2H12-G04A,1
6269,SMC,SMC,KQ2H16-04AS,1
6270,SMC,SMC,KQ2H16-04AS,1
6271,SMC,SMC,KQ2H23-04A,1
6272,SMC,SMC,KQ2K08-01AS,1
6273,SMC,SMC,KQ2K10-02NS,1
6274,SMC,SMC,KQ2L04-M5A,1
6275,SMC,SMC,KQ2L06-01AS,1
6276,SMC,SMC,KQ2L06-01AS,1
6277,SMC,SMC,KQ2L06-01AS-X35,1
6278,SMC,SMC,KQ2L06-02A,1
6279,SMC,SMC,KQ2L06-02AS,1
6280,SMC,SMC,KQ2L06-G01A,1
6281,SMC,SMC,KQ2L06-M5N,1
6282,SMC,SMC,KQ2L08-01AS,1
6283,SMC,SMC,KQ2L08-01AS-X35,1
6284,SMC,SMC,KQ2L08-01NS,1
6285,SMC,SMC,KQ2L08-02AS,1
6286,SMC,SMC,KQ2L08-02NS,1
6287,SMC,SMC,KQ2L08-03NS,1
6288,SMC,SMC,KQ2L10-00A,1
6289,SMC,SMC,KQ2L10-01NS,1
6290,SMC,SMC,KQ2L10-02NS,1
6291,SMC,SMC,KQ2L10-02S,1
6292,SMC,SMC,KQ2L10-03AS,1
6293,SMC,SMC,KQ2L10-03NS,1
6294,SMC,SMC,KQ2L10-03S,1
6295,SMC,SMC,KQ2L10-04AS,1
6296,SMC,SMC,KQ2L12-00A,1
6297,SMC,SMC,KQ2L12-02S,1
6298,SMC,SMC,KQ2L12-03S,1
6299,SMC,SMC,KQ2L12-04AS,1
6300,SMC,SMC,KQ2L12-04AS,1
6301,SMC,SMC,KQ2L12-04NS,1
6302,SMC,SMC,KQ2L12-04S,1
6303,SMC,SMC,KQ2L12-99A,1
6304,SMC,SMC,KQ2L16-00,1
6305,SMC,SMC,KQ2L16-00A,1
6306,SMC,SMC,KQ2L16-04AS,1
6307,SMC,SMC,KQ2L16-04AS,1
6308,SMC,SMC,KQ2L16-04AS-X35,1
6309,SMC,SMC,KQ2N06-08,1
6310,SMC,SMC,KQ2P-08,1
6311,SMC,SMC,KQ2R06-08A,1
6312,SMC,SMC,KQ2R08-10A,1
6313,SMC,SMC,KQ2R10-12A,1
6314,SMC,SMC,KQ2R12-16A,1
6315,SMC,SMC,KQ2S10-01NS,1
6316,SMC,SMC,KQ2S10-02NS,1
6317,SMC,SMC,KQ2S12-04NS,1
6318,SMC,SMC,KQ2S16-04NS,1
6319,SMC,SMC,KQ2T04-00A,1
6320,SMC,SMC,KQ2T06-00A,1
6321,SMC,SMC,KQ2T08-00A,1
6322,SMC,SMC,KQ2T08-02AS,1
6323,SMC,SMC,KQ2T08-06A,1
6324,SMC,SMC,KQ2T10-00А,1
6325,SMC,SMC,KQ2T10-00A,1
6326,SMC,SMC,KQ2T10-03AS,1
6327,SMC,SMC,KQ2T10-08A,1
6328,SMC,SMC,KQ2T12-00A,1
6329,SMC,SMC,KQ2T12-00A,1
6330,SMC,SMC,KQ2T12-10A,1
6331,SMC,SMC,KQ2T12-16A,1
6332,SMC,SMC,KQ2U04-00A,1
6333,SMC,SMC,KQ2U06-00A,1
6334,SMC,SMC,KQ2U06-08A,1
6335,SMC,SMC,KQ2U08-00A,1
6336,SMC,SMC,KQ2U12-00A,1
6337,SMC,SMC,KQ2VS08-01AS,1
6338,SMC,SMC,KQ2W12-04AS,1
6339,SMC,SMC,KQB2H08-02S,1
6340,SMC,SMC,KQB2H08-G01,1
6341,SMC,SMC,KQB2H12-03S,1
6342,SMC,SMC,KQB2H12-04S,1
6343,SMC,SMC,KQB2S08-01-F,1
6344,SMC,SMC,KQB2T06-00,1
6345,SMC,SMC,KQB2T08-00,1
6346,SMC,SMC,KQB2T10-00,1
6347,SMC,SMC,KQG2H04-M5,1
6348,SMC,SMC,KQG2H06-01S,1
6349,SMC,SMC,KQG2H06-01S,1
6350,SMC,SMC,KQG2L06-00,1
6351,SMC,SMC,KQG2L06-00,1
6352,SMC,SMC,KQG2L06-01S,1
6353,SMC,SMC,KQG2L08-01-F,1
6354,SMC,SMC,KQG2R12-16,1
6355,SMC,SMC,KQH12-04S,1
6356,SMC,SMC,KQH12-04S,1
6357,SMC,SMC,KQH12-04S,1
6358,SMC,SMC,KQL06-01S,1
6359,SMC,SMC,KQL08-02S,1
6360,SMC,SMC,KQL08-03S替代KQ2L08-03AS-X35（10个起订）,1
6361,SMC,SMC,KQT08-00,1
6362,SMC,SMC,KSL04-01S,1
6363,SMC,SMC,KSL04-M6,1
6364,SMC,SMC,KSL06-01S,1
6365,SMC,SMC,KSL08-01S,1
6366,SMC,SMC,KSL08-02S,1
6367,SMC,SMC,KSL08-02S,1
6368,SMC,SMC,KSL12-03S,1
6369,SMC,SMC,KXL06-01S,1
6370,SMC,SMC,KXL08-02S,1
6371,SMC,SMC,KXL10-02S,1
6372,SMC,SMC,KXL10-03S,1
6373,SMC,SMC,KXL10-04S,1
6374,SMC,SMC,LE-CP-B,1
6375,SMC,SMC,LEHF32K2-64,1
6376,SMC,SMC,LEHF40K2-80,1
6377,SMC,SMC,LEHF40K2-80,1
6378,SMC,SMC,MBB125-200Z,1
6379,SMC,SMC,MBB40-50Z,1
6380,SMC,SMC,MDBB100TF-220Z,1
6381,SMC,SMC,MGGMB32-450,1
6382,SMC,SMC,MGP12-Z-PS,1
6383,SMC,SMC,MGP16-Z-PS,1
6384,SMC,SMC,MGP20-Z-PS,1
6385,SMC,SMC,MGP25-Z-PS,1
6386,SMC,SMC,MGPA50TF-50Z,1
6387,SMC,SMC,MGPA50TF-75Z,1
6388,SMC,SMC,MGPL12-20Z,1
6389,SMC,SMC,MGPL12-20Z,1
6390,SMC,SMC,MGPL12-20Z,1
6391,SMC,SMC,MGPL25-250,1
6392,SMC,SMC,MGPL32TF-300Z,1
6393,SMC,SMC,MGPL32TF-50,1
6394,SMC,SMC,MGPM12-160Z,1
6395,SMC,SMC,MGPM12-175Z,1
6396,SMC,SMC,MGPM12-200Z,1
6397,SMC,SMC,MGPM12-20Z,1
6398,SMC,SMC,MGPM12-250Z,1
6399,SMC,SMC,MGPM12-50Z,1
6400,SMC,SMC,MGPM16-100Z,1
6401,SMC,SMC,MGPM16-150Z,1
6402,SMC,SMC,MGPM16-50Z,1
6403,SMC,SMC,MGPM20TF-125Z,1
6404,SMC,SMC,MGPM20TF-150Z,1
6405,SMC,SMC,MGPM20TF-30Z,1
6406,SMC,SMC,MGPM20TF-400Z,1
6407,SMC,SMC,MGPM20TF-40Z,1
6408,SMC,SMC,MGPM20TF-50Z,1
6409,SMC,SMC,MGPM20TF-50Z-XC4,1
6410,SMC,SMC,MGPM25TF-100Z,1
6411,SMC,SMC,MGPM25TF-200Z,1
6412,SMC,SMC,MGPM25TF-30Z,1
6413,SMC,SMC,MGPM25TF-350Z,1
6414,SMC,SMC,MGPM25TF-75Z,1
6415,SMC,SMC,MGPM32-50Z,1
6416,SMC,SMC,MGPM32TF-100AZ,1
6417,SMC,SMC,MGPM32TF-200AZ,1
6418,SMC,SMC,MGPM32TF-200AZ,1
6419,SMC,SMC,MGPM32TF-300Z,1
6420,SMC,SMC,MGPM32TF-400Z,1
6421,SMC,SMC,MGPM32TF-50Z,1
6422,SMC,SMC,MGPM32TF-75Z,1
6423,SMC,SMC,MGPM40TF-25Z,1
6424,SMC,SMC,MGPM40TF-75Z,1
6425,SMC,SMC,MGPWM40-100,1
6426,SMC,SMC,MGQM-20-40,1
6427,SMC,SMC,MGQM20-30,1
6428,SMC,SMC,MGQM20-40,1
6429,SMC,SMC,MGQM20-40,1
6430,SMC,SMC,MGQM20-40,1
6431,SMC,SMC,MGQM32-25,1
6432,SMC,SMC,MHF2-12D,1
6433,SMC,SMC,MHF2-16D1,1
6434,SMC,SMC,MHL2-20D2,1
6435,SMC,SMC,MHZ2-16DN,1
6436,SMC,SMC,MHZ2-25D,1
6437,SMC,SMC,MHZ2-40C,1
6438,SMC,SMC,MQMLB25-30D,1
6439,SMC,SMC,MQMLB25TFH-25D,1
6440,SMC,SMC,MQMLB25TFH-30D,1
6441,SMC,SMC,MQQLB25-100D,1
6442,SMC,SMC,MQQTB20-10D,1
6443,SMC,SMC,MRHQ25D-90S-M9PV-M9P,1
6444,SMC,SMC,MSQ20R-M9BA,1
6445,SMC,SMC,MSQB10A,1
6446,SMC,SMC,MSQB10A,1
6447,SMC,SMC,MSQB30A,1
6448,SMC,SMC,MSQB70R,1
6449,SMC,SMC,MXH20-30Z,1
6450,SMC,SMC,MXS16-20,1
6451,SMC,SMC,MY-S63A,1
6452,SMC,SMC,MY1B25G-700Z,1
6453,SMC,SMC,MY1C40G-1200H,1
6454,SMC,SMC,MY1C63G-800,1
6455,SMC,SMC,MY3A20-350,1
6456,SMC,SMC,MY3B25-350,1
6457,SMC,SMC,NCGBN63 - 0600 - X037,1
6458,SMC,SMC,P398020-500-3,1
6459,SMC,SMC,P398020-501-3,1
6460,SMC,SMC,PA3110-F03,1
6461,SMC,SMC,PA3210-F03,1
6462,SMC,SMC,PA5210-F04,1
6463,SMC,SMC,PF2A301-A,1
6464,SMC,SMC,PF2A550-F02,1
6465,SMC,SMC,PF2A721-F03-67,1
6466,SMC,SMC,PF3W711-F10-BT-M,1
6467,SMC,SMC,PF3W711-F10-BT-M,1
6468,SMC,SMC,PF3W720S-F04-BT-M,1
6469,SMC,SMC,PROY-Q2N00316,1
6470,SMC,SMC,RB10-X331,1
6471,SMC,SMC,RB1412,1
6472,SMC,SMC,RBC-1007,1
6473,SMC,SMC,RBC0806,1
6474,SMC,SMC,RBC1007,1
6475,SMC,SMC,RBC1412,1
6476,SMC,SMC,RBC2015,1
6477,SMC,SMC,RDQA32TF-75M,1
6478,SMC,SMC,RDQA50-75M,1
6479,SMC,SMC,RDQA50-75M,1
6480,SMC,SMC,RDQA50-75M,1
6481,SMC,SMC,RDQB32TF-75M,1
6482,SMC,SMC,RDQB32TF-75M,1
6483,SMC,SMC,RDQB32TF-75M,1
6484,SMC,SMC,RDQB40TF-100,1
6485,SMC,SMC,RZQA32TF-20-15,1
6486,SMC,SMC,SS5Y3-06-Z41116-00001,1
6487,SMC,SMC,SS5Y5-20-04-00F,1
6488,SMC,SMC,SV1A00-5FUD,1
6489,SMC,SMC,SV1A00-5FUD,1
6490,SMC,SMC,SV2000-55-1-10-A,1
6491,SMC,SMC,SV2100-5FU,1
6492,SMC,SMC,SV2100-5FUD,1
6493,SMC,SMC,SV2A00-5FUD,1
6494,SMC,SMC,SV3000-51D-10A-C12,1
6495,SMC,SMC,SV3000-52U-1A-C12,1
6496,SMC,SMC,SY114A-5LOU-Q,1
6497,SMC,SMC,SY3100-5UF1-NA,1
6498,SMC,SMC,SY3120-5LOU-C4-Q,1
6499,SMC,SMC,SY3120-5LOU-C6-Q,1
6500,SMC,SMC,SY3A00-5UF1,1
6501,SMC,SMC,SY3A00-5UF1-NA,1
6502,SMC,SMC,SY3B00-5U1-NA,1
6503,SMC,SMC,SY3B00-5UF1-NA,1
6504,SMC,SMC,SY50M-1-11A1-C10,1
6505,SMC,SMC,SY50M-15-1A,1
6506,SMC,SMC,SY50M-2-1DA-C6-NA,1
6507,SMC,SMC,SY50M-2-1DA-C8-NA,1
6508,SMC,SMC,SY50M-2-1SA-C8,1
6509,SMC,SMC,SY50M-26-1A-NA,1
6510,SMC,SMC,SY50M-3-1A-C10-NA,1
6511,SMC,SMC,SY5100-5U1-NA,1
6512,SMC,SMC,SY5100-5U1-NA,1
6513,SMC,SMC,SY5100-5U1-NA,1
6514,SMC,SMC,SY5100-5UD1,1
6515,SMC,SMC,SY5100-5UF1-NA,1
6516,SMC,SMC,SY5100-5UF1-NA,1
6517,SMC,SMC,SY5100-5UF1-NA,1
6518,SMC,SMC,SY5100-5UF1-NA,1
6519,SMC,SMC,SY5120-5DZ-01F-Q,1
6520,SMC,SMC,SY5120-5DZD-01F,1
6521,SMC,SMC,SY5120-5DZD-01F,1
6522,SMC,SMC,SY5120-5DZD-01F,1
6523,SMC,SMC,SY5120-5Y0-01F,1
6524,SMC,SMC,SY5120-5YO-01F-Q,1
6525,SMC,SMC,SY5120-5YO-01F-Q,1
6526,SMC,SMC,SY5120-5YO-С6F-Q,1
6527,SMC,SMC,SY5120-5YO-C6F-Q,1
6528,SMC,SMC,SY5120-5YO-C8F-Q,1
6529,SMC,SMC,SY513-5Y0-01F-Q,1
6530,SMC,SMC,SY513-5YO-01F-Q,1
6531,SMC,SMC,SY5140-5FU-Q,1
6532,SMC,SMC,SY5140-5GZ,1
6533,SMC,SMC,SY5140-5LOU-Q,1
6534,SMC,SMC,SY5200-5U1-NA,1
6535,SMC,SMC,SY5200-5UF1,1
6536,SMC,SMC,SY5201K-5UF1,1
6537,SMC,SMC,SY5201K-5UF1,1
6538,SMC,SMC,SY5220-5GD-01,1
6539,SMC,SMC,SY5220-5YO-01F-Q,1
6540,SMC,SMC,SY5240-5GZ,1
6541,SMC,SMC,SY5240-5GZ,1
6542,SMC,SMC,SY5300-5U1-NA,1
6543,SMC,SMC,SY5A00-5U1,1
6544,SMC,SMC,SY5A00-5U1-NA,1
6545,SMC,SMC,SY5A00-5UD1,1
6546,SMC,SMC,SY5A00-5UF1,1
6547,SMC,SMC,SY5B00-5U1,1
6548,SMC,SMC,SY5B00-5U1-NA,1
6549,SMC,SMC,SY7100-5U1,1
6550,SMC,SMC,SY7100-5U1-NA,1
6551,SMC,SMC,SY7100-5U1-NA,1
6552,SMC,SMC,SY7100-5UF1,1
6553,SMC,SMC,SY7100-5UF1-NA,1
6554,SMC,SMC,SY7120-5DZ-02F-Q,1
6555,SMC,SMC,SY7120-5G-02,1
6556,SMC,SMC,SY7120-5YO-02F-Q,1
6557,SMC,SMC,SY7140-5DZ-Q,1
6558,SMC,SMC,SY7A00-5U1,1
6559,SMC,SMC,SY7A00-5U1-NA,1
6560,SMC,SMC,SY7C00-5U1,1
6561,SMC,SMC,SY7C00-5U1-NA,1
6562,SMC,SMC,SY9120-5DO-03F,1
6563,SMC,SMC,SY9120-5LZ-02-Q,1
6564,SMC,SMC,SYA5440-02F,1
6565,SMC,SMC,SYJ3120-5GS-M3-Q,1
6566,SMC,SMC,SYJ3120-5GS-M3-Q,1
6567,SMC,SMC,SYJ3130-5G,1
6568,SMC,SMC,SYJ314M-5LOU-Q,1
6569,SMC,SMC,SYJ512-5G-M5-Q,1
6570,SMC,SMC,SYJ5140-5LOU,1
6571,SMC,SMC,SYJ5423-5LOU-M5-Q,1
6572,SMC,SMC,T1075B-20,1
6573,SMC,SMC,TD0806-100-X4,1
6574,SMC,SMC,TH0806N-100,1
6575,SMC,SMC,TH1210N-100,1
6576,SMC,SMC,TH1210N-100,1
6577,SMC,SMC,TH1210N-20,1
6578,SMC,SMC,TIUB13BU-20,1
6579,SMC,SMC,TK-2,1
6580,SMC,SMC,TLM0604N-20,1
6581,SMC,SMC,TLM1008N-20,1
6582,SMC,SMC,TS0604B-20,1
6583,SMC,SMC,TS1075B--TS1075BU-20,1
6584,SMC,SMC,TS1209B-20,1
6585,SMC,SMC,TS1209BU-20,1
6586,SMC,SMC,TS1612B-20,1
6587,SMC,SMC,TU0425C-100,1
6588,SMC,SMC,TU0425W-20-X214,1
6589,SMC,SMC,TU0425Y-20-X214,1
6590,SMC,SMC,TU0604B-20,1
6591,SMC,SMC,TU0604BU-20,1
6592,SMC,SMC,TU0805BU-20,1
6593,SMC,SMC,TU0805BU-20,1
6594,SMC,SMC,TU1065B-20,1
6595,SMC,SMC,TU1065BU-20,1
6596,SMC,SMC,TU1208BU-20,1
6597,SMC,SMC,TU1610BU-20,1
6598,SMC,SMC,VBA10A-F02GN,1
6599,SMC,SMC,VBA20A-F03GN,1
6600,SMC,SMC,VBA40A-F04,1
6601,SMC,SMC,VBA43A-F04,1
6602,SMC,SMC,VCH410-5D-06G-Q,1
6603,SMC,SMC,VCHN4-10,1
6604,SMC,SMC,VCHN4-12,1
6605,SMC,SMC,VCHN4-14,1
6606,SMC,SMC,VF-5120K-5DD1-03,1
6607,SMC,SMC,VF3130-5D1-02F,1
6608,SMC,SMC,VF3130-5DZ1-02F,1
6609,SMC,SMC,VF3133K-5YOD1-01F,1
6610,SMC,SMC,VF3133K-5YOD1-02F,1
6611,SMC,SMC,VF5120-5YOD1-03F,1
6612,SMC,SMC,VF5120K-5DD1-03,1
6613,SMC,SMC,VF5120K-5YE1-03F,1
6614,SMC,SMC,VF5320K-5YE1-03F,1
6615,SMC,SMC,VF5320K-5YOD1-03F,1
6616,SMC,SMC,VFM350-02-01S,1
6617,SMC,SMC,VFN212N-5YOB-02F-Q,1
6618,SMC,SMC,VFS2120-5YB-02F-Q,1
6619,SMC,SMC,VH410-F04,1
6620,SMC,SMC,VHK2-04F-04FR,1
6621,SMC,SMC,VHK2A-06F-06F,1
6622,SMC,SMC,VHK2A-06F-06F,1
6623,SMC,SMC,VHK2A-08F-08F,1
6624,SMC,SMC,VHK2A-10F-10F,1
6625,SMC,SMC,VHK2A-10F-10F,1
6626,SMC,SMC,VHK2A-10F-10F,1
6627,SMC,SMC,VHK3A-08F-08F,1
6628,SMC,SMC,VHS20-F01A,1
6629,SMC,SMC,VHS20-F02A,1
6630,SMC,SMC,VHS20-F02A,1
6631,SMC,SMC,VHS30-F02A,1
6632,SMC,SMC,VHS30-F02B,1
6633,SMC,SMC,VHS30-F03A,1
6634,SMC,SMC,VHS40-03A,1
6635,SMC,SMC,VHS40-F02A,1
6636,SMC,SMC,VHS50-F06B-S,1
6637,SMC,SMC,VHS50-F10-D,1
6638,SMC,SMC,VK3120-5DO-M5,1
6639,SMC,SMC,VM130-F01-00A,1
6640,SMC,SMC,VM131-F01-01A,1
6641,SMC,SMC,VM133-M5-01SA,1
6642,SMC,SMC,VMG1-06-200-150,1
6643,SMC,SMC,VMG11BU-F02,1
6644,SMC,SMC,VMG11BU-F02-04,1
6645,SMC,SMC,VNA411A-F25A-5DZB,1
6646,SMC,SMC,VND400D-F25A,1
6647,SMC,SMC,VO307-5DZ1-Q,1
6648,SMC,SMC,VP342K-5YOD1-01FA,1
6649,SMC,SMC,VP542-5YO1-03FA,1
6650,SMC,SMC,VP542-5YO1-03FA,1
6651,SMC,SMC,VP542-5YOD1-03FA,1
6652,SMC,SMC,VP542K-5YOD1-03FA,1
6653,SMC,SMC,VP544-5YZ1-03F-M-X555,1
6654,SMC,SMC,VPA342V-1-02FA,1
6655,SMC,SMC,VPA544V-1-A,1
6656,SMC,SMC,VPG14-12,1
6657,SMC,SMC,VPM16,1
6658,SMC,SMC,VQC2100BN-51,1
6659,SMC,SMC,VQC2101BNR-51,1
6660,SMC,SMC,VQC2200BN-51,1
6661,SMC,SMC,VQC2400BN-51,1
6662,SMC,SMC,VQC2401N-51,1
6663,SMC,SMC,VQC2A01BN-51,1
6664,SMC,SMC,VQD1121-5LO-M5,1
6665,SMC,SMC,VQZ115-5G1-CP-Q,1
6666,SMC,SMC,VQZ115-5MO1-CP,1
6667,SMC,SMC,VQZ125-5MO1-CP-Q,1
6668,SMC,SMC,VQZ215-5MO1,1
6669,SMC,SMC,VQZ225-5MO1,1
6670,SMC,SMC,VQZ225Y-5MO,1
6671,SMC,SMC,VQZ3120R-5YO1-02F-Q,1
6672,SMC,SMC,VR3100-01G,1
6673,SMC,SMC,VT307-5G1-01F,1
6674,SMC,SMC,VT307-5G1-01F-XRT,1
6675,SMC,SMC,VT307V-5DZ1-02F-Q,1
6676,SMC,SMC,VUVG-L10-T32C-AT-M7-1P3,1
6677,SMC,SMC,VVQ1000-50A-C6,1
6678,SMC,SMC,VVQ1000-50A-C6,1
6679,SMC,SMC,VX220AGA,1
6680,SMC,SMC,VX230DGA,1
6681,SMC,SMC,VX230GZ1GA,1
6682,SMC,SMC,VX232AGAXB,1
6683,SMC,SMC,VXD240HZ3AA,1
6684,SMC,SMC,VXD242HGA,1
6685,SMC,SMC,VXD242HZ1GAXB,1
6686,SMC,SMC,VXD242HZ1GAXB,1
6687,SMC,SMC,VXD242HZ2AA,1
6688,SMC,SMC,VXD252LGA,1
6689,SMC,SMC,VXZ2230-03F-5D1-B,1
6690,SMC,SMC,VXZ232BGAXB,1
6691,SMC,SMC,VXZ242FZ1GA,1
6692,SMC,SMC,VXZ242GGKXB,1
6693,SMC,SMC,VXZ242GGKXB,1
6694,SMC,SMC,VXZ242GGKXB,1
6695,SMC,SMC,VZ110-5MOZ-M5,1
6696,SMC,SMC,X210BAA,1
6697,SMC,SMC,XSA3-43S-5DL2,1
6698,SMC,SMC,XT13-202-14,1
6699,SMC,SMC,XT316-30B,1
6700,SMC,SMC,XT316-30B,1
6701,SMC,SMC,Y-G04,1
6702,SMC,SMC,Y200T-A,1
6703,SMC,SMC,Y300-A,1
6704,SMC,SMC,Y300T-A,1
6705,SMC,SMC,Y310-F02-A,1
6706,SMC,SMC,Y400T-D,1
6707,SMC,SMC,ZFC-EL-3,1
6708,SMC,SMC,ZFC-EL-3,1
6709,SMC,SMC,ZFC54-B,1
6710,SMC,SMC,ZFC75-B,1
6711,SMC,SMC,ZFC75-B,1
6712,SMC,SMC,ZH10DSA-01-01-01,1
6713,SMC,SMC,ZK2B12K5CLA-08-J,1
6714,SMC,SMC,ZP16BS,1
6715,SMC,SMC,ZP16CS,1
6716,SMC,SMC,ZP16CS,1
6717,SMC,SMC,ZP16CS,1
6718,SMC,SMC,ZP20BS,1
6719,SMC,SMC,ZP32BS,1
6720,SMC,SMC,ZP32CN,1
6721,SMC,SMC,ZP3P-20PTSF,1
6722,SMC,SMC,ZPT32BS-B01,1
6723,SMC,SMC,ZPT40BNJ10-B01-A14,1
6724,SMC,SMC,ZSE20AF-V-01-J,1
6725,SMC,SMC,ZSE30AF-01-F,1
6726,SMC,SMC,ZSE40A-01-T,1
