№,Наименование,Бренд,Количество заказанных позиций,Цена в юанях,Курс юаня,Курс $,Масса товара,Наименование сделки,Статус,Дата создания сделки,Даты первой оплаты сделки,Контрагент,ВХОД. ю,ВХОД. $,Менеджер по продажам,Снабженец
1,распределитель SY5100-5UF1-NA SMC,SMC,10.0,240.0,13.4,94.1,0.038,"Order-1422, Андрей, CS1LN180-800J Пневмоцилиндр SMC",1. Принято в расчет,13.11.2023,,,13.4,94.1,Светлана Васильева,Мария Антропова
2,RBC1007,SMC,50.0,164.0,13.4,92.0,0.03,"Order-1438, заказ 432 33590 FESTO SMC",1. Принято в расчет,15.11.2023,,,13.4,92.0,Марина Аверина,Мария Антропова
3,SY5120-5YO-C6F-Q ,SMC,3.0,236.0,13.13,91.45,0.1,"Order-1446, _016_OLA_2023_11_15_Festo",1. Принято в расчет,16.11.2023,,,13.13,91.45,Павел Бородуля,Мария Антропова
4,ITV1030-01F1N ,SMC,3.0,1374.0,13.13,91.45,0.2,"Order-1444, _007_SGC_2023_11_15_Festo",1. Принято в расчет,16.11.2023,,,13.13,91.45,Павел Бородуля,Мария Антропова
5,EVT317-5DO-02F-Q ,SMC,10.0,424.0,13.15,92.0,0.3,"Order-1451, заявка 15.11 Орфей",1. Принято в расчет,16.11.2023,,,13.15,92.0,Марина Аверина,Мария Антропова
6,G46-10-01,SMC,3.0,53.0,13.13,91.5,0.05,"Order-1421, ЭГРК",1. Принято в расчет,16.11.2023,,,13.13,91.5,Светлана Васильева,Никита Петров
7,D-M9PL,SMC,5.0,75.0,13.13,91.5,0.04,"Order-1421, ЭГРК",1. Принято в расчет,16.11.2023,,,13.13,91.5,Светлана Васильева,Никита Петров
8,AMD-EL550,SMC,2.0,950.0,12.56,13.4,0.28,"Order-1458, Мария 16.11.2023",12. Документы выписаны,17.11.2023,,,12.8882497314929,13.4,Павел Бородуля,Мария Антропова
9,EAD402-F04-X110,SMC,2.0,495.0,12.6,91.1,0.62,"Order-1456, Юлия, Запрос 6175",1. Принято в расчет,20.11.2023,,,12.6,91.1,Светлана Васильева,Никита Петров
10,CS95-50 ремкомплект,SMC,5.0,29.0,13.15,91.0,0.02,"Order-1500, заказ 442 от 22.11",1. Принято в расчет,24.11.2023,,,13.15,91.0,Марина Аверина,Мария Антропова
11,CS95-63 ремкомплект,SMC,5.0,42.0,13.15,91.0,0.02,"Order-1500, заказ 442 от 22.11",1. Принято в расчет,24.11.2023,,,13.15,91.0,Марина Аверина,Мария Антропова
12,CS95-40 ремкомплект,SMC,1.0,27.0,13.2,90.8,0.02,"Order-1508, _057_AIG_2023_11_23_Festo",1. Принято в расчет,24.11.2023,,,13.2,90.8,Павел Бородуля,Мария Антропова
13,SY7120-5YO-02F,SMC,1.0,246.0,12.7,90.6,0.11,"Order-1560, HD 785 7 Quotation from XuGong",1. Принято в расчет,29.11.2023,,,12.7,90.6,Марина Аверина,Никита Петров
14,EVS7-6-FG-S-3CVO,SMC,1.0,828.0,12.7,90.6,0.46,"Order-1561, ДВ 6D170 РС1250 Quotation",1. Принято в расчет,29.11.2023,,,12.7,90.6,Марина Аверина,Никита Петров
15,SMC VMG11BU-F02,SMC,3.0,116.0,7.0,94.55,0.18,"Order-1631, Заказ 1 6.12",12. Документы выписаны,08.12.2023,22.02.2024,,13.320833333333333,94.55,Вероника Максимова,Василий Михайлов
16,KQ2P-08,SMC,10.0,3.0,13.27,94.57,1e-06,"Order-1634, FESTO",1. Принято в расчет,08.12.2023,,,13.27,94.57,Андрей ВЭД,Мария Антропова
17,"Датчик ""SMC"" D-M9PSAPC",SMC,3.0,152.0,13.8,94.6,0.01,"Order-1637, SMC 8.12",1. Принято в расчет,08.12.2023,,,13.8,94.6,Татьяна Таскаева,Мария Антропова
18,KQ2N06-08,SMC,10.0,5.0,13.64,93.0,1e-06,"Order-1635, заказ 461 от 07.12",1. Принято в расчет,08.12.2023,,,13.64,93.0,Марина Аверина,Мария Антропова
19,1348110A,SMC,1.0,12.0,13.1,93.64,1e-06,"Order-1638, FECB-17506, Срочный запрос",1. Принято в расчет,11.12.2023,,,13.1,93.64,Светлана Васильева,Мария Антропова
20,KQ2E06-00A,SMC,1.0,14.4,13.0,93.0,1e-06,"Order-1563, Рем комплект гидромуфт Кта50 и QSK-60 1",1. Принято в расчет,12.12.2023,,,13.0,93.0,,
21,D-M9PSAPC,SMC,3.0,182.0,13.0,93.0,1e-06,"Order-1564, заявка 5",1. Принято в расчет,12.12.2023,,,13.0,93.0,Марина Аверина,Василий Михайлов
22,SY5100-5UF1,SMC,10.0,265.0,13.5,93.0,0.2,"Order-1645, 11.12 пневмоцилиндр FESTO",,,,,,,,
23,MXH20-30Z ,SMC,18.0,876.0,13.44,92.22,0.47,"Order-1659, доставка наборов",,,,,,,,
24,VZ110-5MOZ-M5 ,SMC,14.0,164.0,13.44,92.22,0.07,"Order-1659, доставка наборов",,,,,,,,
25,EAR925-F20 ,SMC,4.0,2441.0,12.87,92.3,4.5,"Order-1666, Оксана, Festo 12.12",1. Принято в расчет,13.12.2023,,,12.87,92.3,Светлана Васильева,Мария Антропова
26,CJPB10-10H6 ,SMC,21.0,68.0,12.97,93.0,0.04,Заказ 12.12 FESTO,1. Принято в расчет,13.12.2023,,,12.97,93.0,,
27,KQ2U04-00A ,SMC,40.0,13.5,13.1,92.3,0.006,"Order-1357, Опутина Наталья 07.11.2023 6 позиция",6. Груз выкуплен,13.12.2023,23.01.2024,,14.065334084688455,92.3,Павел Бородуля,Василий Михайлов
28,"ARJ1020F-M5-4, проверьте номер: ARJ1020F-M5-04 ",SMC,7.0,91.0,13.4,92.3,0.01,"Order-1670, Оксана, SMC электропривод LEFS25AB-500B-RC 6N 1",1. Принято в расчет,13.12.2023,,,13.4,92.3,Светлана Васильева,Мария Антропова
29,AS2201F-02-08S,SMC,8.0,46.0,13.4,92.3,0.03,"Order-1669, Оксана, SMC ограничитель расхода - AS2201F-02-08S AS2201F-02-08S - PND0477 SMC",,,,,,,,
30,"KQ2E06-00, прекращена поставка, новый номер: KQ2E06-00A ",SMC,5.0,14.5,13.1,93.0,0.03,"Order-1658, заявка 11.12 4 FESTO",1. Принято в расчет,13.12.2023,,,13.1,93.0,Марина Аверина,Мария Антропова
31,SMC IZS40-BE,SMC,20.0,102.0,12.8,92.0,0.06,"Order-1649, Андрей, Norgren",1. Принято в расчет,14.12.2023,,,12.8,92.0,Светлана Васильева,Мария Антропова
32,Сменный фильтрующий элемент SMC AMH-EL250,SMC,3.0,238.0,13.5,92.4,0.08,"Order-1736, SMC",1. Принято в расчет,21.12.2023,,,13.5,92.4,Андрей ВЭД,Мария Антропова
33,TS1075BU-20 ,SMC,2.0,225.0,13.69,93.9,0.71,"Order-1750, Оксана, Festo срочно!",12. Документы выписаны,22.12.2023,21.03.2024,,12.85,93.9,Светлана Васильева,Мария Антропова
34,Y300-A ,SMC,1.0,28.25,13.69,93.9,0.03,"Order-1750, Оксана, Festo срочно!",12. Документы выписаны,22.12.2023,21.03.2024,,12.85,93.9,Светлана Васильева,Мария Антропова
35,SMC CS95-50,SMC,10.0,81.0,13.63,93.7,0.02,"Order-1747, Оксана, Фитинги",1. Принято в расчет,22.12.2023,,,13.63,93.7,Светлана Васильева,Мария Антропова
36,Пневматический регулирующий клапан SMC EVT317-5DO-02F-Q ,SMC,10.0,484.0,13.2,93.94,0.3,"Order-1397, 09,11 запрос",1. Принято в расчет,25.12.2023,,,13.2,93.94,Андрей ВЭД,Василий Михайлов
37,"SY50M-2-1DA-C8 нет, замена: SY50M-2-1DA-C8-NA",SMC,2.0,129.0,13.63,93.7,0.07,"Order-1777, Оксана, LNG-63 33893",1. Принято в расчет,27.12.2023,,,13.63,93.7,Светлана Васильева,Мария Антропова
38,"SY50M-2-1DA-C6 нет, замена: SY50M-2-1DA-C6-NA",SMC,6.0,129.0,13.13,94.0,0.07,"Order-1779, FESTO 27.12",1. Принято в расчет,27.12.2023,,,13.13,94.0,Марина Аверина,Мария Антропова
39,Скоба IZS40-BE,SMC,20.0,102.0,13.13,94.0,0.06,"Order-1779, FESTO 27.12",1. Принято в расчет,27.12.2023,,,13.13,94.0,Марина Аверина,Мария Антропова
40,VO307-5DZ1-Q ,SMC,1.0,272.0,13.4,91.7,0.18,"Order-1800, Сергей 28.12.2023 2 заказ",1. Принято в расчет,09.01.2024,,,13.4,91.7,Павел Бородуля,Мария Антропова
41,ARJ1020F-M5-04 ,SMC,9.0,91.0,12.9,92.4,0.01,"Order-1756, Павел Сорокин 22.12.2023",1. Принято в расчет,10.01.2024,,,12.9,92.4,Павел Бородуля,Никита Петров
42,VO307-5DZ1-Q ,SMC,1.0,363.0,12.87,92.0,0.18,"Order-1806, заказ 491 от 09.01",12. Документы выписаны,11.01.2024,11.04.2024,,12.608703259489205,92.0,Марина Аверина,Мария Антропова
43,KQB2H08-02S,SMC,20.0,13.0,13.25,92.0,0.01,"Order-1807, заказ 492 от 09.01 2",1. Принято в расчет,11.01.2024,,,13.25,92.0,Марина Аверина,Мария Антропова
44,677175 BMEH-3X2/2-22-SA,SMC,4.0,2631.0,13.03,92.0,0.5,"Order-1850, заказ 500 от 12.01",1. Принято в расчет,15.01.2024,,,13.03,92.0,Марина Аверина,Мария Антропова
45,XT13-202-14 ,SMC,3.0,1844.0,,94.0,2.45,"Order-1893, Ткань Анна январь 24",12. Документы выписаны,16.01.2024,01.04.2024,,,94.0,Марина Аверина,-
46,KQB2H08-02S ,SMC,10.0,13.0,12.94,89.7,0.01,"Order-1860, SMC",1. Принято в расчет,16.01.2024,,,12.94,89.7,Андрей ВЭД,Мария Антропова
47,KQB2H12-03S ,SMC,10.0,20.0,12.94,89.7,0.02,"Order-1861, Festo",1. Принято в расчет,16.01.2024,,,12.94,89.7,Андрей ВЭД,Мария Антропова
48,KQB2H12-04S ,SMC,10.0,21.5,12.45,89.7,0.05,"Order-1828, Станислав, 6349П",1. Принято в расчет,16.01.2024,,,12.45,89.7,Светлана Васильева,Никита Петров
49,AR20-F02-B-X425 ,SMC,4.0,452.0,12.94,89.7,0.48,"Order-1853, SMC",1. Принято в расчет,16.01.2024,,,12.94,89.7,Андрей ВЭД,Мария Антропова
50,AS3002F-08 ,SMC,10.0,63.0,12.58,89.7,0.04,"Order-1894, SMC",1. Принято в расчет,16.01.2024,,,12.58,89.7,Андрей ВЭД,Мария Антропова
51,VHK2A-06F-06F ,SMC,10.0,38.0,12.58,89.7,0.02,"Order-1894, SMC",1. Принято в расчет,16.01.2024,,,12.58,89.7,Андрей ВЭД,Мария Антропова
52,VHK2A-08F-08F ,SMC,10.0,41.0,12.58,89.7,0.02,"Order-1894, SMC",1. Принято в расчет,16.01.2024,,,12.58,89.7,Андрей ВЭД,Мария Антропова
53,VHK2A-10F-10F ,SMC,10.0,44.0,12.58,89.7,0.03,"Order-1894, SMC",1. Принято в расчет,16.01.2024,,,12.58,89.7,Андрей ВЭД,Мария Антропова
54,"SMC SY3A00-5UF1, снять с производства, рекомендовано: SY3A00-5UF1-NA",SMC,3.0,573.0,13.0,90.35,0.08,"Order-1909, Оксана, Festo",1. Принято в расчет,17.01.2024,,,13.0,90.35,Светлана Васильева,Мария Антропова
55,CS95-50 Ремкомплект,SMC,40.0,81.0,12.291005988023953,90.35,0.02,"Order-1914, Оксана, Festo поворотный цилиндр DSM-12-270-P-FW-A-B",12. Документы выписаны,18.01.2024,04.04.2024,,12.291005988023953,90.35,Светлана Васильева,Мария Антропова
56,"CP96SDB32-100, прекращено производство, рекомендовано: CP96SDB32-100C ",SMC,4.0,372.0,12.62,90.35,0.74,"Order-1900, Сергей, CAT",1. Принято в расчет,18.01.2024,,,12.62,90.35,Светлана Васильева,Никита Петров
57,KQ2H06-00A ,SMC,10.0,10.0,12.62,90.35,0.05,"Order-1928, Двигатель CAT на Бульдозер D9R (N48W46386) модификация N2035589",1. Принято в расчет,18.01.2024,,,12.62,90.35,Светлана Васильева,Никита Петров
58,"KQ2T06-00 прекращено производство, рекомендовано: KQ2T06-00A ",SMC,20.0,13.0,13.0,90.7,0.08,"Order-1821, Сергей, Запчасти для ковша",1. Принято в расчет,19.01.2024,,,13.0,90.7,Светлана Васильева,Василий Михайлов
59,VBA40A-F04 ,SMC,255.0,2341.0,12.7,90.6,3.32,"Order-1851, Осушители",1. Принято в расчет,22.01.2024,,,12.7,90.6,Татьяна Таскаева,Мария Антропова
60,"Фильтр-регулятор, 5 мкм, G1/4"" AW20-F02-A",SMC,1.0,142.0,12.6,90.0,0.2,"Order-1985, 23.01 SMC",1. Принято в расчет,23.01.2024,,,12.6,90.0,Марина Аверина,Мария Антропова
61,SY5120-5YO-C6F-Q ,SMC,5.0,256.0,13.0,89.9,0.1,"Order-1919, Роман 17.01.2023",1. Принято в расчет,23.01.2024,,,13.0,89.9,Григорий Боков,Мария Антропова
62,датчик герконовый smc d-m9p,SMC,10.0,89.0,13.02,90.0,0.01,"Order-1993, SMC",1. Принято в расчет,24.01.2024,,,13.02,90.0,Андрей ВЭД,Мария Антропова
63,IS10M-40-16L-D ,SMC,1.0,291.0,13.1,90.3,0.14,"Order-2001, 723-66-21400 РАСПРЕДЕЛИТЕЛЬНЫЙ КЛАПАН В СБОРЕ",1. Принято в расчет,25.01.2024,,,13.1,90.3,Светлана Васильева,Никита Петров
64,SMC CS95-50,SMC,10.0,81.0,12.9,91.5,0.02,"Order-2034, 25.01 Насос Vogel",1. Принято в расчет,29.01.2024,,,12.9,91.5,Марина Аверина,Василий Михайлов
65,SMC G36-10-01,SMC,10.0,45.0,13.0,91.0,0.04,Выставочный стенд 29.01,,,,,,,,
66,VUVG-L10-T32C-AT-M7-1P3,SMC,2.0,205.0,12.9,91.6,0.055,"Order-2040, заказ 513 от 25.01",1. Принято в расчет,29.01.2024,,,12.9,91.6,Марина Аверина,Мария Антропова
67,SMC CD85N20-160-B,SMC,2.0,228.0,12.9,91.6,0.38,"Order-2064, GD825 JOTM97",1. Принято в расчет,30.01.2024,,,12.9,91.6,Светлана Васильева,Никита Петров
68,AMH-EL450 SMC ,SMC,2.0,880.0,12.9,91.6,0.21,"Order-2061, Насос Caterpillar 117-8584, Срочно! Сегодня нужен ответ!",1. Принято в расчет,30.01.2024,,,12.9,91.6,Светлана Васильева,Василий Михайлов
69,AFF-EL11B SMC ,SMC,2.0,444.0,12.9,91.6,0.2,"Order-2046, Мария 26.01.2024",1. Принято в расчет,30.01.2024,,,12.9,91.6,Павел Бородуля,Мария Антропова
70,SMC VVQ1000-50A-C6,SMC,100.0,19.0,13.25,91.0,0.025,"Order-2084, заказ 523 от 31.01",1. Принято в расчет,01.02.2024,,,13.25,91.0,Марина Аверина,Мария Антропова
71,AFF11C-F04D-T SMC ,SMC,1.0,965.0,13.25,91.0,1.44,"Order-2089, 01.02 SMC",1. Принято в расчет,01.02.2024,,,13.25,91.0,Марина Аверина,Мария Антропова
72,AN300-03 Не производится. Предполагаемая замена: AN30-03 ,SMC,30.0,19.5,13.56,94.05,0.01,"Order-2126, 100SMC",12. Документы выписаны,19.02.2024,14.05.2024,,12.5,94.05,Светлана Васильева,Мария Антропова
73,CD85N25-125C-B ,SMC,5.0,260.0,13.25,94.35,0.3,"Order-2201, для D475",1. Принято в расчет,21.02.2024,,,13.25,94.35,Светлана Васильева,Никита Петров
74,677175 BMEH-3X2/2-22-SA,SMC,2.0,2631.0,12.625,,0.5,"Order-2222, счет от 21.02",12. Документы выписаны,21.02.2024,15.04.2024,,12.625,,Марина Аверина,-
75,SMC AS2201F-01-06SA,SMC,30.0,40.0,13.25,94.35,0.01,"Order-2207, Сергей, 561-52-81141 Башмак оригинал",1. Принято в расчет,21.02.2024,,,13.25,94.35,,
76,"SMC D-A93L, снято с производства, замена: 3C-D-A93L",SMC,4.0,65.0,13.773988304093567,92.8,0.03,"Order-2212, Оксана, Festo 20.02_3",12. Документы выписаны,21.02.2024,25.07.2024,,13.773988304093567,92.8,Светлана Васильева,Мария Антропова
77,VHK2A-06F-06F SMC,SMC,5.0,38.0,13.63,94.35,0.05,"Order-2206, Сергей, 56B-43-17340 КЛАПАН",1. Принято в расчет,21.02.2024,,,13.63,94.35,Светлана Васильева,Василий Михайлов
78,TU0805BU-20 SMC,SMC,1.0,203.0,13.63,94.35,0.75,"Order-2183, Тюваев Олег 19.02.2024",1. Принято в расчет,21.02.2024,,,13.63,94.35,Павел Бородуля,Мария Антропова
79,CQ2B20-10DC,SMC,2.0,148.0,13.25,94.35,0.1,"Order-2182, Сергей 19.02.2024 2 заявка",1. Принято в расчет,21.02.2024,,,13.25,94.35,Павел Бородуля,Василий Михайлов
80,CQ2B20-20DC,SMC,3.0,156.0,13.6,93.0,0.1,"Order-2184, Сергей, Комацу",1. Принято в расчет,22.02.2024,,,13.6,93.0,Светлана Васильева,Василий Михайлов
81,Fitting 6800 8-12 Camozzi,SMC,24.0,30.0,13.6,93.0,0.05,"Order-2184, Сергей, Комацу",1. Принято в расчет,22.02.2024,,,13.6,93.0,Светлана Васильева,Василий Михайлов
82,SYJ314M-5LOU-Q ,SMC,1.0,191.0,13.63,94.35,0.03,"Order-2240, Кабель 25 шт",1. Принято в расчет,22.02.2024,,,13.63,94.35,Светлана Васильева,Мария Антропова
83,Filter element AF40P-060S - AF4000-5-EL-XRT01,SMC,6.0,26.0,13.25,94.4,0.1,"Order-1979, Аналоги датчика и заливки",1. Принято в расчет,22.02.2024,,,13.25,94.4,Андрей ВЭД,Намер Салех
84,CS95-50 Ремкомплект,SMC,60.0,81.0,11.63396624472574,,0.02,"Order-2245, Тройник с наружней резьбой BSP 1/2""",12. Документы выписаны,22.02.2024,22.02.2024,,11.63396624472574,,Григорий Боков,-
85,SMC CP96SDB100-1500C-XC88,SMC,2.0,5151.0,11.63396624472574,,1.08,"Order-2245, Тройник с наружней резьбой BSP 1/2""",12. Документы выписаны,22.02.2024,22.02.2024,,11.63396624472574,,Григорий Боков,-
86,SMC MGPM12-50Z-XC6A,SMC,4.0,771.0,13.24,92.3,0.36,"Order-2169, Frsto 12.02",1. Принято в расчет,22.02.2024,,,13.24,92.3,Светлана Васильева,Мария Антропова
87,Filter AFF22C-F10D-T SMC - F-1-048-102,SMC,6.0,1207.0,13.24,92.3,2.13,"Order-2169, Frsto 12.02",1. Принято в расчет,22.02.2024,,,13.24,92.3,Светлана Васильева,Мария Антропова
88,SMC IZS40-BE,SMC,4.0,86.0,13.25,94.4,0.05,"Order-2122, сборная",1. Принято в расчет,22.02.2024,,,13.25,94.4,Андрей ВЭД,Василий Михайлов
89,SMC VP542K-5YOD1-03FA,SMC,1.0,391.0,13.25,,0.25,"Order-2227, заказ 531 от 19.02",1. Принято в расчет,26.02.2024,,,13.25,,Марина Аверина,Мария Антропова
90,SMC AS3200-F03-S,SMC,2.0,97.0,13.25,94.8,0.11,"Order-2238, заказ 536 от 21.02",1. Принято в расчет,26.02.2024,,,13.25,94.8,Марина Аверина,Мария Антропова
91,SMC VM130-F01-00A,SMC,2.0,63.0,13.2,94.0,0.06,"Order-2134, Запрос на запасные части CAT, Срочно!",1. Принято в расчет,28.02.2024,,,13.2,94.0,Светлана Васильева,Никита Петров
92,VP542-5YOD1-03FA,SMC,1.0,299.0,13.4,92.84,0.26,"Order-2224, 13.02 зажимной модуль",1. Принято в расчет,28.02.2024,,,13.4,92.84,Марина Аверина,Мария Антропова
93,KQ2H08-00A ,SMC,10.0,5.5,13.53,93.87,0.1,"Order-2293, SMC срочная",1. Принято в расчет,29.02.2024,,,13.53,93.87,Андрей ВЭД,Мария Антропова
94,3C-D-A93L датчик положения,SMC,10.0,65.0,13.53,93.87,0.03,"Order-2292, 28.02 фонарь toyota",1. Принято в расчет,29.02.2024,,,13.53,93.87,Марина Аверина,Василий Михайлов
95,CQ2B125-PS ,SMC,2.0,181.0,13.53,93.87,0.02,"Order-2277, Оксана, DNC-50-PPVA Ремкомплект",1. Принято в расчет,29.02.2024,,,13.53,93.87,Светлана Васильева,Мария Антропова
96,KQ2T10-00A,SMC,10.0,16.6,13.45,93.33,0.01,"Order-2155, Комацу",1. Принято в расчет,04.03.2024,,,13.45,93.33,Андрей ВЭД,Никита Петров
97,KQ2H10-04AS,SMC,20.0,11.0,13.07,93.33,0.04,"Order-2322, Запрос расценки Komatsu",1. Принято в расчет,04.03.2024,,,13.07,93.33,Светлана Васильева,Василий Михайлов
98,ASN2-02-S,SMC,2.0,32.0,13.45,93.33,0.03,"Order-2309, Елена 29.02.2024",1. Принято в расчет,04.03.2024,,,13.45,93.33,Павел Бородуля,Василий Михайлов
99,KQ2H10-12A,SMC,20.0,14.0,13.45,93.33,0.01,"Order-2309, Елена 29.02.2024",1. Принято в расчет,04.03.2024,,,13.45,93.33,Павел Бородуля,Василий Михайлов
100,MGPL12-20Z,SMC,1.0,645.0,13.45,93.33,0.24,"Order-2309, Елена 29.02.2024",1. Принято в расчет,04.03.2024,,,13.45,93.33,Павел Бородуля,Василий Михайлов
101,AN20-02,SMC,3.0,19.5,13.45,93.33,0.02,"Order-2249, ингалятор водорода от 22.02 другая позиция",1. Принято в расчет,04.03.2024,,,13.45,93.33,,
102,TS1075BU-20,SMC,2.0,195.0,13.45,93.33,0.71,"Order-2249, ингалятор водорода от 22.02 другая позиция",1. Принято в расчет,04.03.2024,,,13.45,93.33,,
103,KQB2T10-00,SMC,2.0,64.0,13.07,93.33,0.04,"Order-2318, запрос Евгений",1. Принято в расчет,04.03.2024,,,13.07,93.33,Светлана Васильева,Василий Михайлов
104,Y300-A,SMC,1.0,7.0,13.07,93.33,0.03,"Order-2318, запрос Евгений",1. Принято в расчет,04.03.2024,,,13.07,93.33,Светлана Васильева,Василий Михайлов
105,D-M9PV,SMC,2.0,99.0,13.07,93.33,0.01,"Order-2318, запрос Евгений",1. Принято в расчет,04.03.2024,,,13.07,93.33,Светлана Васильева,Василий Михайлов
106,CDG1UN25-250Z ,SMC,5.0,296.0,13.08,93.35,0.54,"Order-2352, Мария 04.03.2024",1. Принято в расчет,05.03.2024,,,13.08,93.35,Павел Бородуля,Мария Антропова
107,Соединение с быстрораз.вых.KQ2K08-01AS,SMC,30.0,10.7,13.1,92.9,0.01,"Order-2317, ГДК / №1 OEM 3 часть",1. Принято в расчет,11.03.2024,,,13.1,92.9,,
108,Соединение KQ2H04-01AS,SMC,30.0,5.2,13.1,92.9,0.01,"Order-2317, ГДК / №1 OEM 3 часть",1. Принято в расчет,11.03.2024,,,13.1,92.9,,
109,Соединение KQ2H06-01AS SMC,SMC,30.0,5.8,13.1,92.9,0.01,"Order-2317, ГДК / №1 OEM 3 часть",1. Принято в расчет,11.03.2024,,,13.1,92.9,,
110,Соединение KQ2H06-02AS,SMC,30.0,7.3,13.1,92.9,0.01,"Order-2317, ГДК / №1 OEM 3 часть",1. Принято в расчет,11.03.2024,,,13.1,92.9,,
111,Соединение KQ2H08-01AS,SMC,30.0,7.4,13.1,92.9,0.01,"Order-2317, ГДК / №1 OEM 3 часть",1. Принято в расчет,11.03.2024,,,13.1,92.9,,
112,Соединение KQ2H08-02AS,SMC,30.0,7.6,13.1,92.9,0.01,"Order-2317, ГДК / №1 OEM 3 часть",1. Принято в расчет,11.03.2024,,,13.1,92.9,,
113,Соединение с быстрораз.вых.KQ2H08-03AS,SMC,30.0,8.8,13.1,92.9,0.02,"Order-2317, ГДК / №1 OEM 3 часть",1. Принято в расчет,11.03.2024,,,13.1,92.9,,
114,Соединение KQ2H10-02AS SMC,SMC,30.0,9.1,13.1,92.9,0.02,"Order-2317, ГДК / №1 OEM 3 часть",1. Принято в расчет,11.03.2024,,,13.1,92.9,,
115,Соединение KQ2H10-04AS SMC,SMC,30.0,10.7,13.1,92.9,0.04,"Order-2317, ГДК / №1 OEM 3 часть",1. Принято в расчет,11.03.2024,,,13.1,92.9,,
116,Соединение KQ2H12-02AS,SMC,30.0,11.7,13.1,92.9,0.02,"Order-2317, ГДК / №1 OEM 3 часть",1. Принято в расчет,11.03.2024,,,13.1,92.9,,
117,Соединение KQ2H12-03AS SMC,SMC,30.0,11.7,13.1,92.9,0.03,"Order-2317, ГДК / №1 OEM 3 часть",1. Принято в расчет,11.03.2024,,,13.1,92.9,,
118,Соединение KQ2H12-04AS,SMC,30.0,13.65,13.1,92.9,0.04,"Order-2317, ГДК / №1 OEM 3 часть",1. Принято в расчет,11.03.2024,,,13.1,92.9,,
119,Соединение с быстрораз.вых.KQ2L06-01AS,SMC,30.0,8.0,13.1,92.9,0.01,"Order-2317, ГДК / №1 OEM 3 часть",1. Принято в расчет,11.03.2024,,,13.1,92.9,,
120,Соединение с быстрораз.вых.KQ2L06-02AS,SMC,30.0,9.9,13.1,92.9,0.01,"Order-2317, ГДК / №1 OEM 3 часть",1. Принято в расчет,11.03.2024,,,13.1,92.9,,
121,Соединение быстроразъёмное KQ2L08-01AS,SMC,30.0,10.7,13.1,92.9,0.01,"Order-2317, ГДК / №1 OEM 3 часть",1. Принято в расчет,11.03.2024,,,13.1,92.9,,
122,Угольник переходной KQ2L08-02AS SMC,SMC,30.0,11.3,13.1,92.9,0.02,"Order-2317, ГДК / №1 OEM 3 часть",1. Принято в расчет,11.03.2024,,,13.1,92.9,,
123,Соединение угловое KQ2L10-03AS SMC,SMC,30.0,14.9,13.1,92.9,0.02,"Order-2317, ГДК / №1 OEM 3 часть",1. Принято в расчет,11.03.2024,,,13.1,92.9,,
124,Соединение угловое KQ2L10-04AS,SMC,30.0,14.3,13.1,92.9,0.04,"Order-2317, ГДК / №1 OEM 3 часть",1. Принято в расчет,11.03.2024,,,13.1,92.9,,
125,Угольник переходной KQ2L12-04AS,SMC,30.0,20.1,13.1,92.9,0.05,"Order-2317, ГДК / №1 OEM 3 часть",1. Принято в расчет,11.03.2024,,,13.1,92.9,,
126,Соединение KQ2H04-00A SMC,SMC,30.0,9.6,13.1,92.9,0.01,"Order-2317, ГДК / №1 OEM 3 часть",1. Принято в расчет,11.03.2024,,,13.1,92.9,,
127,Соединение KQ2H06-00A SMC,SMC,30.0,9.6,13.1,92.9,0.02,"Order-2317, ГДК / №1 OEM 3 часть",1. Принято в расчет,11.03.2024,,,13.1,92.9,,
128,Соединение KQ2H08-00A SMC,SMC,30.0,11.3,13.1,92.9,0.03,"Order-2317, ГДК / №1 OEM 3 часть",1. Принято в расчет,11.03.2024,,,13.1,92.9,,
129,Соединение KQ2H10-00A SMC,SMC,30.0,13.8,13.1,92.9,0.01,"Order-2317, ГДК / №1 OEM 3 часть",1. Принято в расчет,11.03.2024,,,13.1,92.9,,
130,Соединение KQ2H12-00A SMC,SMC,30.0,15.5,13.1,92.9,0.01,"Order-2317, ГДК / №1 OEM 3 часть",1. Принято в расчет,11.03.2024,,,13.1,92.9,,
131,Муфта переходная KQ2H06-08A,SMC,30.0,10.0,13.1,92.9,0.02,"Order-2317, ГДК / №1 OEM 3 часть",1. Принято в расчет,11.03.2024,,,13.1,92.9,,
132,Муфта переходная KQ2H08-10A,SMC,30.0,12.9,13.1,92.9,0.02,"Order-2317, ГДК / №1 OEM 3 часть",1. Принято в расчет,11.03.2024,,,13.1,92.9,,
133,Муфта переходная KQ2H10-12A,SMC,10.0,14.2,13.1,92.9,0.01,"Order-2317, ГДК / №1 OEM 3 часть",1. Принято в расчет,11.03.2024,,,13.1,92.9,,
134,Соединение быстроразъёмное KQ2T04-00A,SMC,30.0,12.7,13.1,92.9,0.03,"Order-2317, ГДК / №1 OEM 3 часть",1. Принято в расчет,11.03.2024,,,13.1,92.9,,
135,Тройник прямой быстросъемный KQ2T06-00A,SMC,30.0,12.7,13.1,92.9,0.01,"Order-2317, ГДК / №1 OEM 3 часть",1. Принято в расчет,11.03.2024,,,13.1,92.9,,
136,Тройник прямой быстросъемный KQ2T08-00A,SMC,30.0,14.4,13.1,92.9,0.01,"Order-2317, ГДК / №1 OEM 3 часть",1. Принято в расчет,11.03.2024,,,13.1,92.9,,
137,Тройник KQ2T10-00A SMC,SMC,30.0,16.6,13.1,92.9,0.01,"Order-2317, ГДК / №1 OEM 3 часть",1. Принято в расчет,11.03.2024,,,13.1,92.9,,
138,Тройник KQ2T12-00A SMC,SMC,10.0,23.2,13.1,92.9,0.02,"Order-2317, ГДК / №1 OEM 3 часть",1. Принято в расчет,11.03.2024,,,13.1,92.9,,
139,Тройник KQ2T10-08A SMC,SMC,30.0,15.8,13.1,92.9,0.01,"Order-2317, ГДК / №1 OEM 3 часть",1. Принято в расчет,11.03.2024,,,13.1,92.9,,
140,Тройник KQ2T12-10A,SMC,10.0,20.5,13.1,92.9,0.01,"Order-2317, ГДК / №1 OEM 3 часть",1. Принято в расчет,11.03.2024,,,13.1,92.9,,
141,Разветвитель KQ2U04-00A,SMC,30.0,13.3,13.1,92.9,0.006,"Order-2317, ГДК / №1 OEM 3 часть",1. Принято в расчет,11.03.2024,,,13.1,92.9,,
142,Разветвитель KQ2U06-00A,SMC,30.0,13.8,13.1,92.9,0.009,"Order-2317, ГДК / №1 OEM 3 часть",1. Принято в расчет,11.03.2024,,,13.1,92.9,,
143,Разветвитель быстросъёмный KQ2U08-00A,SMC,30.0,16.3,13.1,92.9,0.01,"Order-2317, ГДК / №1 OEM 3 часть",1. Принято в расчет,11.03.2024,,,13.1,92.9,,
144,Разветвитель быстросъёмный KQ2U12-00A,SMC,10.0,22.5,13.1,92.9,0.02,"Order-2317, ГДК / №1 OEM 3 часть",1. Принято в расчет,11.03.2024,,,13.1,92.9,,
145,Переходник быстросъёмный KQ2R06-08A,SMC,30.0,8.8,13.1,92.9,0.002,"Order-2317, ГДК / №1 OEM 3 часть",1. Принято в расчет,11.03.2024,,,13.1,92.9,,
146,Переходник быстросъёмный KQ2R08-10A,SMC,30.0,10.5,13.1,92.9,0.003,"Order-2317, ГДК / №1 OEM 3 часть",1. Принято в расчет,11.03.2024,,,13.1,92.9,,
147,Пробка KQ2P-08,SMC,10.0,3.0,13.1,92.9,0.002,"Order-2317, ГДК / №1 OEM 3 часть",1. Принято в расчет,11.03.2024,,,13.1,92.9,,
148,"Трубка пневматическая TU0604BU, другая ссылка: TU0604BU-20",SMC,40.0,94.0,13.1,92.9,0.39,"Order-2317, ГДК / №1 OEM 3 часть",1. Принято в расчет,11.03.2024,,,13.1,92.9,,
149,"Трубка пневматическая TU0805BU, другая ссылка: TU0805BU-20",SMC,40.0,202.0,13.1,92.9,0.75,"Order-2317, ГДК / №1 OEM 3 часть",1. Принято в расчет,11.03.2024,,,13.1,92.9,,
150,"Трубка пневматическая TU1065BU, другая ссылка: TU1065BU-20",SMC,20.0,281.0,13.1,92.9,1.12,"Order-2317, ГДК / №1 OEM 3 часть",1. Принято в расчет,11.03.2024,,,13.1,92.9,,
151,"Трубка пневматическая TU1208BU, другая ссылка: TU1208BU-20",SMC,20.0,370.0,13.1,92.9,1.55,"Order-2317, ГДК / №1 OEM 3 часть",1. Принято в расчет,11.03.2024,,,13.1,92.9,,
152,SMC MY1B25G-700Z,SMC,5.0,1636.0,13.4,92.63,2.68,"Order-2402, Оксана, Festo DSR-40-180-P (Код 13467)",1. Принято в расчет,13.03.2024,,,,,Светлана Васильева,Мария Антропова
153,"VBA43A-F04 Усилитель давления, G1/2, 16 bar",SMC,6.0,3510.0,13.53,93.55,8.6,"Order-2401, насос VPPL 11.03",1. Принято в расчет,14.03.2024,,,13.53,93.55,Марина Аверина,Мария Антропова
154,MSQB10A ,SMC,10.0,1180.0,13.17,93.64,0.5,"Order-2416, Оксана, SMC MSQB10A/HRQ10 DIT 00073(0-190°)",,,,,,,,
155,SMC D-M9BSAPC,SMC,6.0,154.0,13.44,93.64,0.01,"Order-2424, заказ 560 от 13.03",1. Принято в расчет,15.03.2024,,,13.44,93.64,Марина Аверина,Мария Антропова
156,AF30P-060S ,SMC,20.0,14.0,13.16,94.6,0.01,"Order-2473, Опутина Наталья 19.03.2024",1. Принято в расчет,21.03.2024,,,13.16,94.6,Павел Бородуля,Василий Михайлов
157,"EVFS2120-5YB-02F-Q, прекращено производство, замена: VFS2120-5YB-02F-Q ",SMC,6.0,460.0,13.66,94.7,0.27,"Order-2491, 20.03 пневмораспределитель SMC",1. Принято в расчет,21.03.2024,,,13.66,94.7,Марина Аверина,Мария Антропова
158,IIZS40-BE Скоба,SMC,8.0,62.0,13.2,93.9,0.06,"Order-2253, Сергей, 195-30-01160 Пружина сниженная",1. Принято в расчет,22.03.2024,,,13.2,93.9,,
159,AR20-F02-B Регулятор давления,SMC,4.0,60.0,13.2,93.9,0.16,"Order-2253, Сергей, 195-30-01160 Пружина обычная",1. Принято в расчет,22.03.2024,,,13.2,93.9,,
160,AR20-F02-B Регулятор давления,SMC,4.0,60.0,13.2,93.9,0.16,"Order-2253, Сергей, 195-30-01160 Пружина обычная",1. Принято в расчет,22.03.2024,,,13.2,93.9,,
161,AR23P-270AS Монтажный уголок,SMC,4.0,9.0,13.2,93.9,0.05,"Order-2253, Сергей, 195-30-01160 Пружина обычная",1. Принято в расчет,22.03.2024,,,13.2,93.9,,
162,1348110A Гайка,SMC,4.0,12.0,13.2,93.9,0.01,"Order-2503, Сергей, Комацу 21.03",1. Принято в расчет,22.03.2024,,,13.2,93.9,Светлана Васильева,Никита Петров
163,ARX20-F02 Регулятор давления,SMC,4.0,70.0,13.32,94.8,0.11,"Order-2508, заказ 572 22.03",12. Документы выписаны,22.03.2024,08.08.2024,,12.922873026846412,94.8,Вероника Максимова,Мария Антропова
164,GC3-10AS,SMC,3.0,50.0,13.6,93.9,0.02,"Order-2496, Пневмораспределители",1. Принято в расчет,22.03.2024,,,13.6,93.9,Константин Андрющенко,Мария Антропова
165,SMC VF5120-5YOD1-03F,SMC,2.0,410.0,13.62,94.8,0.32,"Order-2516, заказ 574 от 25.03",1. Принято в расчет,26.03.2024,,,13.62,94.8,Марина Аверина,Мария Антропова
166,Угловое быстроразъемное соединение KQ2L06-01AS,SMC,1.0,4.0,13.24,94.78,0.01,"Order-2500, заявка 21.03 запчасти",1. Принято в расчет,26.03.2024,,,13.24,94.78,Марина Аверина,Василий Михайлов
167,Угловое быстроразъемное соединение KQ2L06-01AS,SMC,1.0,6.0,13.24,94.78,0.01,"Order-2500, заявка 21.03 запчасти",1. Принято в расчет,26.03.2024,,,13.24,94.78,Марина Аверина,Василий Михайлов
168,"Пневмоглушитель 1/8"" EBKX-L7004-040",SMC,1.0,26.5,13.24,94.78,0.01,"Order-2500, заявка 21.03 запчасти",1. Принято в расчет,26.03.2024,,,13.24,94.78,Марина Аверина,Василий Михайлов
169,Угловое быстроразъемное соединение KQ2L06-01AS,SMC,1.0,4.0,13.42,93.4,0.01,"Order-2519, датчик IFM 25.03",1. Принято в расчет,26.03.2024,,,13.42,93.4,Марина Аверина,Мария Антропова
170,"EAW4000-F04D, нет ссылки, проверьте этот номер: AW40-F04D-A ",SMC,20.0,451.0,13.23,94.57,0.5,доставка из Пекина 27.03,1. Принято в расчет,27.03.2024,,,13.23,94.57,Марина Аверина,-
171,SY7120-5YO-02F-Q SMC,SMC,2.0,240.0,13.5,94.3,0.1,"Order-2589, заказ 583 от 01.04",1. Принято в расчет,02.04.2024,,,13.5,94.3,Вероника Максимова,Василий Михайлов
172,VBA40A-F04 SMC,SMC,2.0,3450.0,13.55,94.4,8.6,"Order-2597, заказ 584 от 02.04",1. Принято в расчет,03.04.2024,,,13.55,94.4,Марина Аверина,Василий Михайлов
173,KQ2H12-00A ,SMC,1.0,15.6,13.21,94.42,0.01,"Order-2600, FECB-004983",1. Принято в расчет,08.04.2024,,,13.21,94.42,Светлана Васильева,Никита Петров
174,SY5120-5YO-01F-Q ,SMC,1.0,235.0,13.21,94.42,0.08,"Order-2600, FECB-004983",1. Принято в расчет,08.04.2024,,,13.21,94.42,Светлана Васильева,Никита Петров
175,SY5120-5YO-01F-Q ,SMC,1.0,235.0,13.6,94.58,0.08,"Order-2643, Алексеева Ангелина 05.04.2024 3 заказ",1. Принято в расчет,09.04.2024,,,13.6,94.58,Павел Бородуля,Мария Антропова
176,AR23P-270AS Монтажный уголок,SMC,4.0,9.0,13.6,94.58,0.05,"Order-2643, Алексеева Ангелина 05.04.2024 3 заказ",1. Принято в расчет,09.04.2024,,,13.6,94.58,Павел Бородуля,Мария Антропова
177,AR20-F02-B Регулятор давления,SMC,4.0,60.0,15.5888360655737,53.12,0.16,"Order-2635, Мельникова Ю.А. 04.04.2024",12. Документы выписаны,09.04.2024,28.06.2024,,15.5888360655737,53.12,Павел Бородуля,Мария Антропова
178,IIZS40-BE Скоба,SMC,8.0,62.0,15.5888360655737,53.12,0.06,"Order-2635, Мельникова Ю.А. 04.04.2024",12. Документы выписаны,09.04.2024,28.06.2024,,15.5888360655737,53.12,Павел Бородуля,Мария Антропова
179,AR20-F02-B Регулятор давления,SMC,4.0,60.0,13.6,94.58,0.16,"Order-2634, Ангелины Алексеевна 04.04.2024",1. Принято в расчет,09.04.2024,,,13.6,94.58,Павел Бородуля,Мария Антропова
180,1348110A Гайка,SMC,4.0,12.0,13.6,94.58,0.01,"Order-2634, Ангелины Алексеевна 04.04.2024",1. Принято в расчет,09.04.2024,,,13.6,94.58,Павел Бородуля,Мария Антропова
181,SMC AL40-F04-A,SMC,1.0,147.0,13.6,94.58,0.39,"Order-2634, Ангелины Алексеевна 04.04.2024",1. Принято в расчет,09.04.2024,,,13.6,94.58,Павел Бородуля,Мария Антропова
182,SMC AN30-03,SMC,1.0,19.5,13.6,94.58,0.01,"Order-2634, Ангелины Алексеевна 04.04.2024",1. Принято в расчет,09.04.2024,,,13.6,94.58,Павел Бородуля,Мария Антропова
183,SMC ASN2-04-S,SMC,1.0,53.0,13.6,94.58,0.104,"Order-2623, Оксана, CPV10-M1H-5LS-M7 Распределитель (Код 161414)",,,,,,,,
184,ARX20-F02 Регулятор давления,SMC,4.0,70.0,13.24,94.8,0.11,"Order-2508, заказ 572 22.03 2 расчет",1. Принято в расчет,09.04.2024,,,13.24,94.8,Марина Аверина,
185,CS95-63-XB6,SMC,8.0,569.0,13.7,95.4,0.03,"Order-2678, Андрей, запрос SMC 9.04",1. Принято в расчет,11.04.2024,,Пневмопроект,13.7,95.4,Светлана Васильева,Мария Антропова
186,358-015-02 (5/2-1/8) ,SMC,6.0,240.0,13.36,95.72,0.3,"Order-2606, тендер",1. Принято в расчет,12.04.2024,,,13.36,95.72,Константин Андрющенко,Никита Петров
187,SMC TU1208BU-20,SMC,60.0,369.0,12.9875474301483,29.51,1.55,"Order-2699, Клапан Быстрого Пуска",12. Документы выписаны,12.04.2024,21.06.2024,,12.9875474301483,29.51,Павел Бородуля,Мария Антропова
188,SMC TU1610BU-20,SMC,20.0,566.0,12.9875474301483,29.51,3.02,"Order-2699, Клапан Быстрого Пуска",12. Документы выписаны,12.04.2024,21.06.2024,,12.9875474301483,29.51,Павел Бородуля,Мария Антропова
189,VXZ242FZ1GA ,SMC,9.0,405.0,13.7,95.4,0.75,"Order-2708, Оксана, DZH-32-320-PPV-A (Код 14040)",1. Принято в расчет,15.04.2024,,,13.7,95.4,Светлана Васильева,Мария Антропова
190,SMC KQ2L06-01AS,SMC,6.0,8.0,13.72,95.6,0.01,"Order-2733, Сорокин Егор 12.04.2024 бортовые CAT 777E",1. Принято в расчет,16.04.2024,,,13.72,95.6,Павел Бородуля,Никита Петров
191,KQ2E06-00A,SMC,1.0,14.0,13.72,95.6,0.03,"Order-2746, Оксана, 3876 Распределитель с пружинным стержнем FVS-3-1/8 FESTO",1. Принято в расчет,16.04.2024,,,13.72,95.6,Светлана Васильева,Мария Антропова
192,TU0604BU-20,SMC,1.0,94.0,13.72,95.6,0.39,"Order-2767, Соленоид",1. Принято в расчет,16.04.2024,,,13.72,95.6,Константин Андрющенко,Мария Антропова
193,KQ2T06-00A,SMC,1.0,13.0,13.72,95.6,0.08,"Order-2767, Соленоид",1. Принято в расчет,16.04.2024,,,13.72,95.6,Константин Андрющенко,Мария Антропова
194,MGPM20TF-50Z-XC6A,SMC,1.0,1015.0,13.38,96.1,0.82,"Order-2756, Иван Олегович 15.04.2024",1. Принято в расчет,17.04.2024,,,13.38,96.1,Павел Бородуля,Василий Михайлов
195,D-M9PV ,SMC,40.0,65.0,13.0718978723404,96.1,0.04,"Order-2771, SMC",12. Документы выписаны,17.04.2024,14.08.2024,,13.0718978723404,96.1,Андрей ВЭД,Мария Антропова
196,"KQ2H06-01S, снято с производства, рекомендовано: KQ2H06-01AS RMB6 0.01KG 1周",SMC,2.0,6.0,13.0,90.0,0.01,"Order-2758, заказ 604 от 15.04",1. Принято в расчет,17.04.2024,,,13.0,90.0,Марина Аверина,Мария Антропова
197,"KQ2H04-01S, снято с производства, рекомендовано: KQ2H04-01AS",SMC,5.0,5.0,13.38,96.1,0.01,"Order-2765, 16.04 HEIDENHAIN",1. Принято в расчет,17.04.2024,,,13.38,96.1,Марина Аверина,Василий Михайлов
198,MGPM20TF-30Z,SMC,1.0,639.0,13.77,96.1,0.67,"Order-2748, Оксана, Festo 12.04",1. Принято в расчет,17.04.2024,,,13.77,96.1,Светлана Васильева,Мария Антропова
199,SY9120-5DO-03F-X91-Q,SMC,1.0,451.0,13.77,96.1,0.25,"Order-2748, Оксана, Festo 12.04",1. Принято в расчет,17.04.2024,,,13.77,96.1,Светлана Васильева,Мария Антропова
200,SMC VHS30-F03A,SMC,1.0,133.0,13.77,96.1,0.13,"Order-2755, Festo",1. Принято в расчет,17.04.2024,,,13.77,96.1,Андрей ВЭД,Мария Антропова
201,"SMC SY5300-5U1, прекращено производство, рекомендация: SY5300-5U1-NA",SMC,1.0,521.0,13.77,96.1,0.1,"Order-2755, Festo",1. Принято в расчет,17.04.2024,,,13.77,96.1,Андрей ВЭД,Мария Антропова
202,EVT317-5DO-02F-Q,SMC,1.0,411.0,13.77,96.1,0.3,"Order-2755, Festo",1. Принято в расчет,17.04.2024,,,13.77,96.1,Андрей ВЭД,Мария Антропова
203,evt317-5do-02f-q,SMC,1.0,411.0,13.77,96.1,0.3,"Order-2755, Festo",1. Принято в расчет,17.04.2024,,,13.77,96.1,Андрей ВЭД,Мария Антропова
204,"EVT317-5DO-02F-Q,",SMC,1.0,411.0,13.77,96.1,0.3,"Order-2755, Festo",1. Принято в расчет,17.04.2024,,,13.77,96.1,Андрей ВЭД,Мария Антропова
205,SY9120-5DO-03F-X91-Q,SMC,1.0,451.0,13.77,96.1,0.25,"Order-2773, SIEMENS",1. Принято в расчет,17.04.2024,,,13.77,96.1,Андрей ВЭД,Василий Михайлов
206,SY9120-5DO-03F-X91-Q,SMC,1.0,451.0,13.77,96.1,0.25,"Order-2773, SIEMENS",1. Принято в расчет,17.04.2024,,,13.77,96.1,Андрей ВЭД,Василий Михайлов
207,SY9120-5DO-03F-X91-Q,SMC,1.0,451.0,13.77,96.1,0.25,"Order-2773, SIEMENS",1. Принято в расчет,17.04.2024,,,13.77,96.1,Андрей ВЭД,Василий Михайлов
208,VHS20-F02A,SMC,1.0,133.0,13.77,96.1,0.07,"Order-2743, ArmCyl",1. Принято в расчет,17.04.2024,,,13.77,96.1,Светлана Васильева,Василий Михайлов
209,SY9120-5DO-03F-X91-Q,SMC,1.0,451.0,13.77,96.1,0.25,"Order-2749, Оксана, Festo 12.04_2",1. Принято в расчет,17.04.2024,,,13.77,96.1,Светлана Васильева,Мария Антропова
210,D-M9PSAPC,SMC,6.0,157.0,13.84,68.8,0.01,"Order-2798, SMC",12. Документы выписаны,18.04.2024,04.06.2024,,13.84,68.8,Андрей ВЭД,Мария Антропова
211,D-M9P ,SMC,40.0,65.0,13.84,96.3,0.04,"Order-2783, Марина Бейхор 17.04.2024",1. Принято в расчет,18.04.2024,,,13.84,96.3,Павел Бородуля,Мария Антропова
212,"SMC ITV2050-31F2BN3-X154, остановилось производство, замена: ITV2050-31F2BN3-X88",SMC,1.0,2315.0,13.46,96.3,0.44,"Order-2777, LECHLER \ Spraytech Systems (выставка) 2 файла",,,,,,,,
213,VM130-F01-00A ,SMC,30.0,50.0,13.72,95.44,0.06,Образцы 22.04,1. Принято в расчет,22.04.2024,,,13.72,95.44,,
214,VM130-F01-00A,SMC,30.0,50.0,13.69,95.25,0.06,"Order-2817, Коматсу",1. Принято в расчет,22.04.2024,,,13.69,95.25,Андрей ВЭД,Никита Петров
215,CQ2B12-5S,SMC,2.0,89.0,13.72,95.44,0.033,"Order-2826, заказ 613 от 19.04",1. Принято в расчет,22.04.2024,,,13.72,95.44,Марина Аверина,Мария Антропова
216,T1075B-20 ,SMC,1.0,186.0,13.67,95.3,0.71,"Order-2852, Андрей, запрос Фесто",1. Принято в расчет,24.04.2024,,,13.67,95.3,Светлана Васильева,Мария Антропова
217,D-C73CN ,SMC,2.0,80.0,13.67,95.3,0.01,"Order-2850, Павел 23.04.2024",1. Принято в расчет,24.04.2024,,,13.67,95.3,Павел Бородуля,Мария Антропова
218,AKH06-00 ,SMC,4.0,30.0,13.68,94.5,0.01,"Order-2863, заказ 617 от 23.04 2 1 поставщик",1. Принято в расчет,25.04.2024,,,13.68,94.5,Марина Аверина,
219,677175 BMEH-3X2/2-22-SA,SMC,5.0,2631.0,13.68,94.5,0.5,"Order-2863, заказ 617 от 23.04 2 2 поставщик",1. Принято в расчет,25.04.2024,,,13.68,94.5,Марина Аверина,
220,AKH08-00 ,SMC,4.0,46.0,13.1,93.3,0.01,"Order-2845, Из прайса 23.04 OEM 10-15 раб дней",1. Принято в расчет,25.04.2024,,,13.1,93.3,Светлана Васильева,
221,AS2052F-08 для AS2052F-08A ,SMC,10.0,20.0,13.55,94.5,0.02,"Order-2886, Оксана, артикул 565395 — Датчик расхода SFAB-200U-WQ8-2SA-M12",1. Принято в расчет,25.04.2024,,,13.55,94.5,Светлана Васильева,Мария Антропова
222,KQ2P-08,SMC,6.0,3.0,13.55,94.5,0.005,"Order-2886, Оксана, артикул 565395 — Датчик расхода SFAB-200U-WQ8-2SA-M12",1. Принято в расчет,25.04.2024,,,13.55,94.5,Светлана Васильева,Мария Антропова
223,KQ2P-08,SMC,10.0,3.0,13.55,94.5,0.005,"Order-2889, 24.04 FESTO",1. Принято в расчет,25.04.2024,,,13.55,94.5,Марина Аверина,Мария Антропова
224,KFG2H0806-02S ,SMC,6.0,36.4,13.17,94.5,0.02,"Order-2891, 24.04 HEIDENHEIN",1. Принято в расчет,25.04.2024,,,13.17,94.5,Марина Аверина,Василий Михайлов
225,KFG2H0806-02S ,SMC,6.0,36.4,13.55,94.5,0.02,"Order-2872, заказ 619 35128 Norgren",1. Принято в расчет,25.04.2024,,,13.55,94.5,Марина Аверина,Мария Антропова
226,"536309 ADN-50-10-I-P-A-""M8""K5",SMC,1.0,410.0,13.55,94.5,0.54,"Order-2897, Оксана, Festo 24.04",1. Принято в расчет,25.04.2024,,,13.55,94.5,Светлана Васильева,Мария Антропова
227,AS2002F-06 для AS2002F-06A,SMC,10.0,18.0,13.5,94.1,0.01,"Order-2911, Александра 25.04.2024",1. Принято в расчет,26.04.2024,,,13.5,94.1,Павел Бородуля,Василий Михайлов
228,AF30-03D обновлен до AF30-03D-A ,SMC,8.0,115.0,13.53,93.7,0.2,"Order-2965, Фильтр воздушный, низкий приоритет",1. Принято в расчет,06.05.2024,,,13.53,93.7,Владислав Плотников,Василий Михайлов
229,Пневмотрубка D6хd4 полиуретановая TU0604BU-20 ожидание 20-25 дней,SMC,1.0,94.0,13.1,93.3,0.39,"Order-2949, запрос Баим",1. Принято в расчет,07.05.2024,,,13.1,93.3,Светлана Васильева,Никита Петров
230,Фитинг D6 Т-образный KQ2T06-00A ожидание 20-25 дней,SMC,3.0,12.7,13.1,91.0,0.022,"Order-2919, 25.04 SMC",1. Принято в расчет,07.05.2024,,,13.1,91.0,Марина Аверина,Мария Антропова
231,Фитинг D6хD8 прямой KQ2H06-08A ожидание 20-25 дней,SMC,1.0,10.0,13.1,91.0,0.02,"Order-2919, 25.04 SMC",1. Принято в расчет,07.05.2024,,,13.1,91.0,Марина Аверина,Мария Антропова
232,Фитинг D8хD10 KQ2H08-10A ожидание 20-25 дней,SMC,1.0,13.0,13.1,91.0,0.05,"Order-2919, 25.04 SMC",1. Принято в расчет,07.05.2024,,,13.1,91.0,Марина Аверина,Мария Антропова
233,"Пневмотрубка D8хd5 полиуретановая TU0805BU-20, трубка 20 м, нельзя резать ожидание 20-25 дней",SMC,1.0,202.0,13.1,91.0,0.75,"Order-2919, 25.04 SMC",1. Принято в расчет,07.05.2024,,,13.1,91.0,Марина Аверина,Мария Антропова
234,KQ2H08-01AS Соединение быстроразъемное пневматических систем,SMC,2.0,4.0,13.1,93.3,0.01,"Order-2983, Андрей, запрос Фесто",1. Принято в расчет,07.05.2024,,Пневмопроект,13.1,93.3,Светлана Васильева,Мария Антропова
235,KQ2L08-02AS Соединение быстроразъемное пневматических систем ,SMC,2.0,5.0,13.1,93.3,0.02,"Order-2983, Андрей, запрос Фесто",1. Принято в расчет,07.05.2024,,Пневмопроект,13.1,93.3,Светлана Васильева,Мария Антропова
236,TU0604BU-20 Трубка полиуретановая ,SMC,20.0,55.0,13.1,93.3,0.39,"Order-2983, Андрей, запрос Фесто",1. Принято в расчет,07.05.2024,,Пневмопроект,13.1,93.3,Светлана Васильева,Мария Антропова
237,TU0805BU-20 Трубка полиуретановая ,SMC,20.0,96.0,13.1,93.3,0.75,"Order-2983, Андрей, запрос Фесто",1. Принято в расчет,07.05.2024,,Пневмопроект,13.1,93.3,Светлана Васильева,Мария Антропова
238,KQ2H08-02AS Соединение быстроразъемное пневматических систем ,SMC,2.0,4.0,13.47,93.3,0.01,"Order-2993, Мария 07.05.2024 1 заказ",1. Принято в расчет,07.05.2024,,,13.47,93.3,Григорий Боков,Мария Антропова
239,KQ2L06-01AS Соединение быстроразъемное пневматических систем ,SMC,2.0,4.0,13.47,93.3,0.01,"Order-2993, Мария 07.05.2024 1 заказ",1. Принято в расчет,07.05.2024,,,13.47,93.3,Григорий Боков,Мария Антропова
240,KQ2L08-01AS Соединение быстроразъемное пневматических систем ,SMC,2.0,5.0,13.47,93.3,0.01,"Order-2993, Мария 07.05.2024 1 заказ",1. Принято в расчет,07.05.2024,,,13.47,93.3,Григорий Боков,Мария Антропова
241,KQ2H06-01AS Соединение быстроразъемное пневматических систем ,SMC,2.0,3.0,13.47,93.3,0.01,"Order-2981, Smc",1. Принято в расчет,07.05.2024,,,13.47,93.3,Андрей ВЭД,Мария Антропова
242,CP96SDB40-80CW,SMC,1.0,492.0,13.42,93.1,1.23,"Order-2962, Редукторы SMC",1. Принято в расчет,08.05.2024,,,13.42,93.1,Владислав Плотников,Мария Антропова
243,CD85N25-50C-B,SMC,2.0,62.0,13.42,93.1,0.38,"Order-2942, Пневмораспределитель",1. Принято в расчет,08.05.2024,,,13.42,93.1,Владислав Плотников,Мария Антропова
244,AS2052F-08A,SMC,10.0,50.0,13.42,98.0,0.01,"Order-2941, Фильтры",12. Документы выписаны,08.05.2024,25.07.2024,,13.42,98.0,Владислав Плотников,Василий Михайлов
245,CP96SDB32-50C,SMC,24.0,356.0,13.42,93.1,0.6,"Order-2977, заказ 644 отдельно",1. Принято в расчет,08.05.2024,,,13.42,93.1,Марина Аверина,Мария Антропова
246,MGPM32-50Z,SMC,8.0,1056.0,13.42,93.1,1.77,"Order-2977, заказ 644 отдельно",1. Принято в расчет,08.05.2024,,,13.42,93.1,Марина Аверина,Мария Антропова
247,SMC ARX20-F02BG,SMC,2.0,161.0,13.42,93.1,0.18,"Order-2979, фильтр Bosch Rexroth",1. Принято в расчет,08.05.2024,,,13.42,93.1,Марина Аверина,Василий Михайлов
248,CQ2B12-5S Пневмоцилиндр SMC,SMC,2.0,89.0,13.42,93.1,0.033,Расчет 08.05.24,1. Принято в расчет,08.05.2024,,,13.42,93.1,,
249,CD85N16-25C-B,SMC,4.0,189.0,13.42,93.1,0.13,Расчет 08.05.24,1. Принято в расчет,08.05.2024,,,13.42,93.1,,
250,CD85N25-50C-B,SMC,12.0,256.0,13.42,93.1,0.38,Расчет 08.05.24,1. Принято в расчет,08.05.2024,,,13.42,93.1,,
251,Угловое соединение KQ2L12-04AS SMC,SMC,2.0,15.0,13.44,93.8,0.044,"Order-2997, Оксана, Festo 6.05",1. Принято в расчет,13.05.2024,,,13.44,93.8,Светлана Васильева,Мария Антропова
252,CQ2B32TF-10DCZ,SMC,2.0,223.0,13.44,93.8,0.14,"Order-3004, заказ 649 тендер SMC",1. Принято в расчет,13.05.2024,,,13.44,93.8,Марина Аверина,Мария Антропова
253,"Трубка из мягкого нейлона TS1209B длина общ=5 м SMC, замена: TS1209B-20",SMC,1.0,240.0,13.44,93.8,0.5,"Order-2996, Андрей, запрос Burkert",1. Принято в расчет,13.05.2024,,Пневмопроект,13.44,93.8,Светлана Васильева,Мария Антропова
254,SMC KQ2L08-01AS,SMC,20.0,10.7,13.44,93.8,0.01,"Order-2970, заказ 637 35203 Norgren",1. Принято в расчет,13.05.2024,,,13.44,93.8,Марина Аверина,Мария Антропова
255,AS1201F-M5-06A,SMC,20.0,22.0,13.44,94.0,0.01,"Order-2975, заказ 642 от 02.05",1. Принято в расчет,13.05.2024,,,13.44,94.0,Марина Аверина,Мария Антропова
256,"KQ2L12-03S, новое название: KQ2L12-03AS ",SMC,12.0,12.5,13.44,94.0,0.023,"Order-3003, заказ 648 тендер 1",1. Принято в расчет,14.05.2024,,,13.44,94.0,Марина Аверина,Мария Антропова
257,"KQ2H12-03S, новое название: KQ2H12-03AS ",SMC,36.0,9.5,13.1,94.37,0.024,"Order-3028, SMC",1. Принято в расчет,14.05.2024,,,13.1,94.37,Андрей ВЭД,Василий Михайлов
258,677175 BMEH-3X2/2-22-SA,SMC,1.0,2631.0,13.07189910436849,94.0,0.5,"Order-3048, счет 14.05",12. Документы выписаны,14.05.2024,05.08.2024,,13.07189910436849,94.0,Вероника Максимова,Мария Антропова
259,Y300-A ,SMC,6.0,25.0,13.42,93.4,0.03,"Order-3035, 14.05 Festo",1. Принято в расчет,15.05.2024,,,13.42,93.4,Марина Аверина,Мария Антропова
260,SMC AF40P-060S,SMC,10.0,26.0,13.42,94.0,0.01,"Order-2998, заказ 647 от 07.05",1. Принято в расчет,15.05.2024,,,13.42,94.0,Марина Аверина,Мария Антропова
261,"IS10E-30F03-6L-A, прекращено производство, рекомендация: IS10E-30-F03-6L-D ",SMC,6.0,309.0,13.4,92.9,0.15,"Order-3063, запрос 15.05",1. Принято в расчет,17.05.2024,,,13.4,92.9,Марина Аверина,Мария Антропова
262,AFF22C-F10D-T ,SMC,4.0,1207.0,13.4,92.9,2.13,"Order-3030, фильтры+пневмоцилиндры",1. Принято в расчет,17.05.2024,,,13.4,92.9,Павел Бородуля,Мария Антропова
263,Комплект ремонтный SMC CS95-50,SMC,10.0,69.0,13.4,93.0,0.02,"Order-3046, Сборная",1. Принято в расчет,20.05.2024,,,13.4,93.0,Андрей ВЭД,Мария Антропова
264,Комплект ремонтный SMC CS95-63,SMC,10.0,76.0,13.4,93.0,0.02,"Order-3046, Сборная",1. Принято в расчет,20.05.2024,,,13.4,93.0,Андрей ВЭД,Мария Антропова
265,"Фильтр-регулятор SMC AW40-F04D, модель снята с производства, рекомендация: AW40-F04D-A",SMC,1.0,382.0,13.4,93.0,0.85,"Order-3046, Сборная",1. Принято в расчет,20.05.2024,,,13.4,93.0,Андрей ВЭД,Мария Антропова
266,"Фильтр-регулятор SMC AW30-F03D, модель снята с производства, рекомендация: AW30-F03D-A",SMC,2.0,271.0,13.4,93.0,0.48,"Order-3046, Сборная",1. Принято в расчет,20.05.2024,,,13.4,93.0,Андрей ВЭД,Мария Антропова
267,Регулятор давления SMC AR40-F04-B,SMC,2.0,144.0,13.4,93.0,0.43,"Order-3046, Сборная",1. Принято в расчет,20.05.2024,,,13.4,93.0,Андрей ВЭД,Мария Антропова
268,Соединение SMC KQB2H12-03S,SMC,20.0,17.0,13.4,93.0,0.02,"Order-3046, Сборная",1. Принято в расчет,20.05.2024,,,13.4,93.0,Андрей ВЭД,Мария Антропова
269,AS2201F-01-06SA,SMC,10.0,40.0,13.32,93.0,0.02,"Order-3088, фторопластовая трубка SMC",1. Принято в расчет,21.05.2024,,,13.32,93.0,Марина Аверина,Мария Антропова
270,AS2201F-02-06SA,SMC,10.0,45.0,13.32,92.7,0.02,"Order-3043, 128 SMC",1. Принято в расчет,21.05.2024,,,13.32,92.7,Светлана Васильева,Василий Михайлов
271,AS2201F-02-08SA,SMC,10.0,45.0,13.32,92.7,0.02,"Order-3084, 17.05 заявка SICK комплект",1. Принято в расчет,21.05.2024,,,13.32,92.7,Марина Аверина,
272,KQH10-00 заменен на KQ2H10-00A,SMC,10.0,14.0,13.32,92.7,0.01,"Order-3084, 17.05 заявка SICK комплект",1. Принято в расчет,21.05.2024,,,13.32,92.7,Марина Аверина,
273,KQH04-00 заменен на KQ2H04-00A,SMC,10.0,9.6,13.32,92.7,0.01,"Order-3084, 17.05 заявка SICK комплект",1. Принято в расчет,21.05.2024,,,13.32,92.7,Марина Аверина,
274,"ASV410F-02-06S, замена: ASV410F-02-08S",SMC,10.0,88.0,13.34,93.0,0.05,"Order-3066, заказ 658 от 16.05",1. Принято в расчет,21.05.2024,,,13.34,93.0,Марина Аверина,Мария Антропова
275,AS2201F-01-08SA,SMC,10.0,40.0,13.24,92.2,0.01,"Order-3089, заявка 2 клапан контроля SMC",1. Принято в расчет,21.05.2024,,,13.24,92.2,Марина Аверина,Мария Антропова
276,KQH10-12 заменен на KQ2H10-12A,SMC,10.0,14.0,13.24,92.2,0.01,"Order-3089, заявка 2 клапан контроля SMC",1. Принято в расчет,21.05.2024,,,13.24,92.2,Марина Аверина,Мария Антропова
277,KQH08-00 заменен на KQ2H08-00A,SMC,10.0,11.3,13.24,92.2,0.01,"Order-3089, заявка 2 клапан контроля SMC",1. Принято в расчет,21.05.2024,,,13.24,92.2,Марина Аверина,Мария Антропова
278,KQT06-00 заменен на KQ2T06-00A,SMC,10.0,12.7,13.27,92.4,0.05,"Order-3097, SMC",1. Принято в расчет,22.05.2024,,,13.27,92.4,Андрей ВЭД,Василий Михайлов
279,SMC AF40P-060S,SMC,3.0,26.0,13.24,92.2,0.01,"Order-3112, Мария 22.05.2024 1 заказ",1. Принято в расчет,22.05.2024,,,13.24,92.2,Григорий Боков,Мария Антропова
280,SMC EVT317-5DO-02F-Q,SMC,5.0,315.0,13.24,92.2,0.3,"Order-3115, Оксана, XB6EAA22P",1. Принято в расчет,23.05.2024,,,13.24,92.2,Светлана Васильева,Мария Антропова
281,SMC AN30-03,SMC,3.0,20.0,13.24,92.2,0.01,"Order-3100, MeanWell",1. Принято в расчет,23.05.2024,,,13.24,92.2,Андрей ВЭД,Василий Михайлов
282,SMC AN10-01,SMC,3.0,13.0,13.24,92.2,0.004,"Order-3131, Сергей 23.05.2024",12. Документы выписаны,23.05.2024,15.08.2024,,12.903199694345389,92.2,Павел Бородуля,Мария Антропова
283,SMC AS2052F-08,SMC,3.0,49.0,13.24,92.2,0.02,"Order-3118, SMC",1. Принято в расчет,23.05.2024,,,13.24,92.2,Андрей ВЭД,Мария Антропова
284,EAR825-F14G-X61 (не найдено),SMC,6.0,,13.24,92.2,,"Order-3134, Мария 23.05.2024 1 заказ",1. Принято в расчет,23.05.2024,,,13.24,92.2,Григорий Боков,Мария Антропова
285,"5/2-Пневмораспределитель, 24VDC SY7100-5UF1 SMC, новое название: SY7100-5UF1-NA",SMC,12.0,260.0,13.24,92.3,0.2,"Order-3133, заказ 667 от 23.05",1. Принято в расчет,24.05.2024,,,13.24,92.3,Марина Аверина,Мария Антропова
286,VEX3320-04F,SMC,1.0,519.35,13.099,91.7,0.3,"Order-3108, заявка 1 от 22.05",1. Принято в расчет,27.05.2024,,,13.099,91.7,Марина Аверина,Мария Антропова
287,Обратный клапан AKH06-00,SMC,4.0,30.0,13.099,91.7,0.01,"Order-3146, Оксана, Гидронасос Коматсу 708-1W-00600",1. Принято в расчет,27.05.2024,,,13.099,91.7,Павел Бородуля,Василий Михайлов
288,Обратный клапан AKH08-00,SMC,4.0,46.0,13.099,91.7,0.01,"Order-3144, заявка Электромагнитный клапан SMC",1. Принято в расчет,27.05.2024,,,13.099,91.7,Марина Аверина,Мария Антропова
289,EVEX3320-04F,SMC,1.0,519.35,12.98,90.68,0.3,"Order-3102, Коматсу",1. Принято в расчет,28.05.2024,,,12.98,90.68,Андрей ВЭД,Василий Михайлов
290,Картридж 677175 BMEH-3X2/2-22-SA,SMC,26.0,1700.0,13.08,91.25,0.4,"Order-3176, запрос Фесто",1. Принято в расчет,30.05.2024,,Пневмопроект,13.08,91.25,Светлана Васильева,Мария Антропова
291,SMC VBA43A-F04,SMC,1.0,3075.0,13.22,91.4,8.6,"Order-3201, заказ 677 от 29.05",1. Принято в расчет,04.06.2024,,,13.22,91.4,Марина Аверина,Мария Антропова
292,AV3000-F03-5YOB-A ,SMC,2.0,520.0,13.22,91.4,0.45,"Order-3201, заказ 677 от 29.05",1. Принято в расчет,04.06.2024,,,13.22,91.4,Марина Аверина,Мария Антропова
293,SMC AKH06-00,SMC,4.0,27.0,13.22,91.4,0.01,"Order-3201, заказ 677 от 29.05",1. Принято в расчет,04.06.2024,,,13.22,91.4,Марина Аверина,Мария Антропова
294,"SMC VHK2-08F-08F, новое название: VHK2A-08F-08F",SMC,6.0,82.0,13.22,91.4,0.02,"Order-3201, заказ 677 от 29.05",1. Принято в расчет,04.06.2024,,,13.22,91.4,Марина Аверина,Мария Антропова
295,VHS30-F03A-S ,SMC,2.0,120.0,13.22,91.4,0.131,"Order-3212, SMC цилиндры",1. Принято в расчет,04.06.2024,,,13.22,91.4,Владислав Плотников,Мария Антропова
296,"пневмоцилиндр MGPM 32TF-100A снят с производства, сменная модель MGPM32TF-100AZ",SMC,1.0,1344.0,13.14,90.8,2.65,"Order-3235, Мария 03.06.2024 2 заказ",1. Принято в расчет,05.06.2024,,,13.14,90.8,Григорий Боков,Мария Антропова
297,SY5220-5YO-01F-Q ,SMC,5.0,232.0,13.14,90.8,0.11,"Order-3236, SMC",1. Принято в расчет,05.06.2024,,,13.14,90.8,Андрей ВЭД,Мария Антропова
298,VVQ1000-50A-C6 ,SMC,500.0,11.0,13.14,90.7,0.025,"Order-3264, заказ 682 SMC",1. Принято в расчет,06.06.2024,,,13.14,90.7,Марина Аверина,Мария Антропова
299,"Трубка полиуретановая TU0604BU (20 м), другое название - TU0604BU-20",SMC,1.0,44.0,13.15,90.8,0.03,"Order-3279, Шнайдер",1. Принято в расчет,07.06.2024,,,13.15,90.8,Вероника Максимова,Василий Михайлов
300,KQ2E06-00A Фитинг панельный 6мм/6мм,SMC,1.0,8.8,13.15,90.8,0.01,"Order-3279, Шнайдер",1. Принято в расчет,07.06.2024,,,13.15,90.8,Вероника Максимова,Василий Михайлов
301,PA3210-F03 ,SMC,2.0,2300.0,13.14,91.0,2.3,"Order-3311, Заявка по инвойсу",1. Принято в расчет,07.06.2024,,,13.14,91.0,Вероника Максимова,Валентина Босс
302,KQ2T06-00A Тройник (трубка 6 мм),SMC,1.0,7.0,13.15,90.8,0.01,"Order-3266, Комплект Сальников",1. Принято в расчет,07.06.2024,,,13.15,90.8,Владислав Плотников,Василий Михайлов
303,"KQ2H04-01S Фитинг прямой резьбовой OT4/R1/8"", новое название: KQ2H04-01AS",SMC,5.0,4.0,13.14,91.0,0.01,"Order-3321, Игорь Тимченко 07.06.2024",1. Принято в расчет,11.06.2024,,,13.14,91.0,Григорий Боков,Василий Михайлов
304,"Тройник цанговый прямой SMC KQ2T6-00A, правильный номер модели: KQ2T06-00A",SMC,10.0,7.0,13.14,91.0,0.01,"Order-3321, Игорь Тимченко 07.06.2024",1. Принято в расчет,11.06.2024,,,13.14,91.0,Григорий Боков,Василий Михайлов
305,"KQ2H06-01S Фитинг прямой резьбовой OT6/R1/8"", новое название: KQ2H06-01AS",SMC,2.0,4.5,13.15,91.0,0.01,"Order-3272, FECB-007122.",1. Принято в расчет,11.06.2024,,,13.15,91.0,Светлана Васильева,Никита Петров
306,Муфта цанговая прямая SMC KQ2H10-00A,SMC,5.0,7.2,13.15,91.0,0.01,"Order-3272, FECB-007122.",1. Принято в расчет,11.06.2024,,,13.15,91.0,Светлана Васильева,Никита Петров
307,Разветвитель цанговый с резьбой SMC KQ2U06-00A,SMC,10.0,7.0,13.15,91.0,0.01,"Order-3288, FECB-011171",1. Принято в расчет,11.06.2024,,,13.15,91.0,Светлана Васильева,Никита Петров
308,"Тройник цанговый прямой SMC KQ2T8-00A, правильный номер модели: KQ2T08-00A",SMC,10.0,8.1,13.7325253355,94.0,0.01,"Order-3289, Запрос расценка Komatsu Татьяна",12. Документы выписаны,11.06.2024,18.09.2024,,13.7325253355,94.0,Светлана Васильева,Валентина Босс
309,Муфта цанговая прямая SMC KQ2H06-00A,SMC,5.0,5.0,13.7325253355,94.0,0.01,"Order-3289, Запрос расценка Komatsu Татьяна",12. Документы выписаны,11.06.2024,18.09.2024,,13.7325253355,94.0,Светлана Васильева,Валентина Босс
310,Тройник цанговый прямой SMC KQ2T10-00A,SMC,10.0,9.0,13.14,91.0,0.01,"Order-3326, 07.06 заявка",1. Принято в расчет,11.06.2024,,,13.14,91.0,Марина Аверина,Мария Антропова
311,Муфта цанговая прямая SMC KQ2H08-00A,SMC,5.0,6.0,13.14,91.0,0.01,"Order-3326, 07.06 заявка",1. Принято в расчет,11.06.2024,,,13.14,91.0,Марина Аверина,Мария Антропова
312,Муфта цанговая прямая SMC KQ2H12-00A,SMC,5.0,8.6,13.14,91.0,0.01,"Order-3296, SMC",1. Принято в расчет,11.06.2024,,,13.14,91.0,Андрей ВЭД,Мария Антропова
313,Муфта цанговая переходная SMC KQ2H08-10A,SMC,5.0,7.2,13.14,91.0,0.01,"Order-3296, SMC",1. Принято в расчет,11.06.2024,,,13.14,91.0,Андрей ВЭД,Мария Антропова
314,Муфта цанговая переходная SMC KQ2H10-12A,SMC,5.0,7.9,13.14,91.0,0.01,"Order-3296, SMC",1. Принято в расчет,11.06.2024,,,13.14,91.0,Андрей ВЭД,Мария Антропова
315,Муфта цанговая переходная SMC KQ2H06-08A,SMC,5.0,5.5,13.14,91.0,0.01,"Order-3331, SMC",1. Принято в расчет,11.06.2024,,,13.14,91.0,Андрей ВЭД,Мария Антропова
316,Пневмораспределитель SMC SV1A00-5FUD 0.15-0.7MPa,SMC,220.0,302.0,13.15,91.0,0.072,"Order-3280, Пневмораспределитель SMC 05.06",1. Принято в расчет,11.06.2024,,,13.15,91.0,Вероника Максимова,Мария Антропова
317,EC900-003N,SMC,3.0,1814.0,13.15,91.0,5.04,"Order-3329, Андрей, запрос SMC",1. Принято в расчет,13.06.2024,,Пневмопроект,13.15,91.0,Светлана Васильева,Мария Антропова
318,IDG60-F04 ,SMC,1.0,4240.0,13.15,91.0,1.5,"Order-3287, Осушитель SMC",1. Принято в расчет,13.06.2024,,,13.15,91.0,Павел Бородуля,Мария Антропова
319,Рулон 20 метров! Синий TS1209BU-20 ,SMC,20.0,10.5,13.15,91.0,0.05,"Order-3290, 132 Фильтры",1. Принято в расчет,13.06.2024,,,13.15,91.0,Светлана Васильева,Василий Михайлов
320,AFF8C-F04D-T ,SMC,1.0,620.0,13.15,91.0,0.94,"Order-3360, запрос SMC",1. Принято в расчет,13.06.2024,,Пневмопроект,13.15,91.0,Светлана Васильева,Мария Антропова
321,PA3110-F03,SMC,6.0,2059.0,13.15,91.0,1.7,"Order-3298, Татьяна Ивановна 06.06.2024",1. Принято в расчет,13.06.2024,,,13.15,91.0,Григорий Боков,Никита Петров
322,C85N25-50 ,SMC,3.0,195.0,13.15,91.0,0.35,"Order-3298, Татьяна Ивановна 06.06.2024",1. Принято в расчет,13.06.2024,,,13.15,91.0,Григорий Боков,Никита Петров
323,D-M9PWSAPC SMC,SMC,10.0,189.0,13.15,91.0,0.01,"Order-3308, Детальпродукт заказ Камминз оригинал",1. Принято в расчет,13.06.2024,,,13.15,91.0,,
324,AFM40P-060AS SMC,SMC,1.0,73.0,13.15,91.0,0.04,"Order-3271, заказ 684 от 04.06",1. Принято в расчет,13.06.2024,,,13.15,91.0,Марина Аверина,Мария Антропова
325,SMC AS2201F-01-06SA,SMC,15.0,16.5,12.5,84.63,0.01,"Order-3398, Заявка SMC 17.06",1. Принято в расчет,20.06.2024,,,12.5,84.63,Марина Аверина,Мария Антропова
326,MGPM32TF-50Z ,SMC,2.0,1058.0,12.38,87.4,1.77,"Order-3432, Пневмоцилиндры SMC",1. Принято в расчет,21.06.2024,,,12.38,87.4,Светлана Васильева,Мария Антропова
327,CDG1BA32TF-150Z-XC4C6 SMC,SMC,2.0,549.0,12.95,90.0,0.5,"Order-3404, Потребность YUCHAI Камаз 2",1. Принято в расчет,24.06.2024,,,12.95,90.0,Светлана Васильева,Василий Михайлов
328,Соединение прямое KK130P-02F SMC,SMC,2.0,7.5,13.333,89.4,0.03,"Order-3496, Заявка от 25.06",12. Документы выписаны,25.06.2024,05.11.2024,,13.333,89.4,Павел Бородуля,Мария Антропова
329,Распределитель 358-015-02,SMC,4.0,380.0,12.7,89.3,0.3,"Order-3482, 190624-CA",1. Принято в расчет,26.06.2024,,,12.7,89.3,Андрей ВЭД,Мария Антропова
330,KXL08-02S,SMC,4.0,134.0,12.34,87.0,0.03,"Order-3489, SMC клапан",1. Принято в расчет,28.06.2024,,,12.34,87.0,Владислав Плотников,Мария Антропова
331,VBA40A-F04,SMC,2.0,3451.0,12.34,87.0,8.6,"Order-3527, 27.06 SMC VBA40A-F04",1. Принято в расчет,28.06.2024,,,12.34,87.0,Марина Аверина,Мария Антропова
332,AR40-F04,SMC,2.0,260.0,12.7,89.3,0.44,"Order-3535, Caterpillar",1. Принято в расчет,02.07.2024,,,12.7,89.3,Владислав Плотников,Никита Петров
333,AR40-F04,SMC,2.0,260.0,13.3369370189,94.0,0.44,"Order-3547, Заказ 704 от 28.06",12. Документы выписаны,02.07.2024,12.11.2024,,13.336937018952247,94.0,Павел Бородуля,Мария Антропова
334,VT317-5DO-02F,SMC,116.0,265.0,14.25,93.0,0.3,"Order-3571, Андрей, VT317-5DO-02F",1. Принято в расчет,03.07.2024,,Пневмопроект,14.25,93.0,Светлана Васильева,Мария Антропова
335,SMC SY3120-5LOU-C4-Q,SMC,4.0,225.0,14.25,93.0,0.06,"Order-3571, Андрей, VT317-5DO-02F",1. Принято в расчет,03.07.2024,,Пневмопроект,14.25,93.0,Светлана Васильева,Мария Антропова
336,SMC SY3120-5LOU-C4-Q,SMC,4.0,225.0,13.0,90.0,0.06,"Order-3577, заказ 710 от 2.07, оперативно",1. Принято в расчет,03.07.2024,,,13.0,90.0,Марина Аверина,Мария Антропова
337,"ФИТИНГ ЦАНГОВЫЙ,SMC,KXL10-04S / - / производитель: SMC",SMC,2.0,163.0,13.0,90.0,0.1,"Order-3553, Заказ 707 от 28.06.",1. Принято в расчет,04.07.2024,,,13.0,90.0,Марина Аверина,Мария Антропова
338,AS5000-F04,SMC,4.0,94.0,13.0,90.0,0.22,"Order-3560, Заказ 708 от 1.07.",1. Принято в расчет,04.07.2024,,,13.0,90.0,Марина Аверина,Мария Антропова
339,"СОЕДИНЕНИЕ БЫСТРОРАЗЪЕМНОЕ,SMC,KXL06-01S / - / производитель: SMC",SMC,6.0,131.0,13.97,90.0,0.02,"Order-3579, Оксана, VAS-30-1/8-NBR Комплектный вакуумный захват",1. Принято в расчет,05.07.2024,,,13.97,90.0,Светлана Васильева,Мария Антропова
340,"ФИТИНГ ЦАНГОВЫЙ,SMC,KXL10-03S / - / производитель: SMC",SMC,2.0,163.0,13.97,90.0,0.08,"Order-3576, заказ 709 от 2.07",1. Принято в расчет,05.07.2024,,,13.97,90.0,Марина Аверина,Мария Антропова
341,Угловое быстроразъемное соединение KQ2L06-02AS,SMC,1.0,84.0,13.22,90.0,0.01,"Order-3558, Пальцы, уплотнения рыхлителя",1. Принято в расчет,08.07.2024,,,13.22,90.0,Светлана Васильева,Никита Петров
342,KQ2T06-00A SMC - Тройник T-образный 6 мм,SMC,1.0,11.0,13.22,90.0,0.05,"Order-3590, заказ 711 от 3.07",1. Принято в расчет,08.07.2024,,,13.22,90.0,Марина Аверина,Мария Антропова
343,SMC MGPM25TF-75Z,SMC,11.0,600.0,13.22,90.0,1.5,"Order-3590, заказ 711 от 3.07",1. Принято в расчет,08.07.2024,,,13.22,90.0,Марина Аверина,Мария Антропова
344,Датчик положения крышки SMC D-M9PL,SMC,2.0,49.0,13.0,90.0,0.038,"Order-3621, заказ 714 от 08.07",1. Принято в расчет,10.07.2024,,,13.0,90.0,Марина Аверина,Мария Антропова
345,AFM30P-060AS SMC,SMC,4.0,65.0,13.0,90.0,0.05,"Order-3634, запрос Фесто",1. Принято в расчет,11.07.2024,,Пневмопроект,13.0,90.0,Светлана Васильева,Мария Антропова
346,Датчик положения крышки SMC D-M9PL,SMC,2.0,49.0,13.0,90.0,0.038,"Order-3639, Трубка полиуретановая SMC (арт. TU0805B-20)",1. Принято в расчет,11.07.2024,,,13.0,90.0,Светлана Васильева,Мария Антропова
347,AF/AW20 AF20P-060S SMC,SMC,10.0,12.0,13.0,90.0,0.03,"Order-3639, Трубка полиуретановая SMC (арт. TU0805B-20)",1. Принято в расчет,11.07.2024,,,13.0,90.0,Светлана Васильева,Мария Антропова
348,PF2A721-F03-67 SMC,SMC,1.0,1350.0,13.0,90.0,0.5,"Order-3639, Трубка полиуретановая SMC (арт. TU0805B-20)",1. Принято в расчет,11.07.2024,,,13.0,90.0,Светлана Васильева,Мария Антропова
349,AF30P-060S SMC,SMC,12.0,12.0,13.0,90.0,0.03,"Order-3644, Мария 09.07.2024",1. Принято в расчет,11.07.2024,,,13.0,90.0,Павел Бородуля,Мария Антропова
350,Датчик давления газа IS10-01S-6L SMC,SMC,5.0,177.0,13.0,90.0,0.1,"Order-3581, Клапан (делитель потоков) 723-40-71201 PC400",1. Принято в расчет,12.07.2024,,,13.0,90.0,Светлана Васильева,Никита Петров
351,"ФИТИНГ ЦАНГОВЫЙ,SMC,KXL08-02S / - / производитель: SMC",SMC,4.0,131.0,13.1,90.0,0.02,"Order-3672, 11.07 SMC",1. Принято в расчет,12.07.2024,,,13.1,90.0,Марина Аверина,Мария Антропова
352,Дроссель SMC AS2002F-06,SMC,1.0,38.0,13.1,90.0,0.01,"Order-3676, Лейсан 11.07.2024 1 заказ",1. Принято в расчет,16.07.2024,,,13.1,90.0,Павел Бородуля,Мария Антропова
353,"AFF-EL4B-XFZ01 Фильтрующий элемент для AFF4C Ничего не найдено, проверьте номер：AFF-EL4B-F",SMC,1.0,246.0,13.0,88.0,0.08,"Order-3698, 12.07 Запрос 7006 Schneider, Phoenix Contact",12. Документы выписаны,17.07.2024,01.10.2024,,13.34,88.0,Вероника Максимова,Валентина Босс
354,пневмодроссель AS2201F-02-08SA,SMC,4.0,40.0,12.0227,,0.01,"Order-3640, заявка 1 портальный загрузчик",1. Принято в расчет,17.07.2024,,,12.0227,,Марина Аверина,Никита Петров
355,"Усилитель давления, G1/2, 16 bar VBA43A-F04",SMC,6.0,3043.0,13.2,91.0,8.6,"Order-3709, заказ 719 от 15.07",1. Принято в расчет,17.07.2024,,,13.2,91.0,Марина Аверина,Мария Антропова
356,"G46-10-01 Манометр, 1/8, 10 bar",SMC,2.0,44.1,95.7,,0.1,"Order-3638, Семен 09.07.2024 1 заказ",1. Принято в расчет,17.07.2024,,,95.7,,Андрей ВЭД,Василий Михайлов
357,"пневмоглушитель 1/2 "" AN40-03 замена:：AN40-04",SMC,1.0,17.8,13.2,91.0,0.01,"Order-3722, SMC (срочная)",1. Принято в расчет,18.07.2024,,,13.2,91.0,Павел Бородуля,Мария Антропова
358,CP96SDB32-25C SMC,SMC,5.0,260.0,13.2,91.0,0.53,"Order-3726, 16.07 Heidenhain",1. Принято в расчет,18.07.2024,,,13.2,91.0,Марина Аверина,Мария Антропова
359,"AMD-EL250-XFZ01 Фильтрующий элемент для AMD250 Ничего не найдено, проверьте номер：AMD-EL250-F",SMC,1.0,290.0,13.2,91.0,0.08,"Order-3697, 12.07 НФУН-001507",1. Принято в расчет,18.07.2024,,,13.2,91.0,Марина Аверина,Василий Михайлов
360,"354-015-02 camozzi, нет у поставщика",SMC,1.0,,13.2,91.0,,"Order-3716, SEM\CAT",1. Принято в расчет,18.07.2024,,,13.2,91.0,Павел Бородуля,Никита Петров
361,SY7120-5YO-02F-Q SMC,SMC,10.0,205.0,13.2,90.0,0.11,"Order-3736, Мария 17.07.2024",1. Принято в расчет,19.07.2024,,,13.2,90.0,Павел Бородуля,Мария Антропова
362,"фильтр регулятор 5 мкм, 1/2 "" AW40-F04D-A",SMC,1.0,382.0,13.2,90.0,0.85,"Order-3727, заказ 721 от 16.07",1. Принято в расчет,19.07.2024,,,13.2,90.0,Вероника Максимова,Мария Антропова
363,SY7120-5YO-02F-Q SMC,SMC,4.0,205.0,13.1,90.0,0.11,"Order-3757, Максим Александрович 18.07.2024",1. Принято в расчет,19.07.2024,,,13.1,90.0,Павел Бородуля,Мария Антропова
364,ZP16BS,SMC,200.0,30.0,12.95,90.0,0.02,"Order-3760, Преобразователь частоты Siemens SINAMICS G120 PM240 6SL3224-0BE35-5UA0",1. Принято в расчет,19.07.2024,,Пневмопроект,12.95,90.0,Светлана Васильева,Мария Антропова
365,VXZ242FZ1GA,SMC,2.0,352.0,14.1,94.0,0.75,"Order-3786, 22.07 заявка",1. Принято в расчет,23.07.2024,,,14.1,94.0,Марина Аверина,Юлия Долгорева
366,Y300T-A SMC,SMC,10.0,35.0,13.1,90.0,0.07,"Order-3770, 19.07 HEIDENHAIN",1. Принято в расчет,23.07.2024,,,13.1,90.0,Марина Аверина,Василий Михайлов
367,ASN2-02-S SMC,SMC,6.0,35.0,13.1,90.0,0.041,"Order-3792, Поставка Festo",1. Принято в расчет,24.07.2024,,,13.1,90.0,Павел Бородуля,Мария Антропова
368,манометр SMC G46-10-01,SMC,1.0,39.0,13.0,88.0,0.05,"Order-3828, Коматсу",1. Принято в расчет,26.07.2024,,,13.0,88.0,Вероника Максимова,Валентина Босс
369,датчик герконовый D-A93L замена:：3C-D-A93L,SMC,2.0,55.0,13.0,88.0,0.03,"Order-3846, 26.07 SMC",1. Принято в расчет,26.07.2024,,,13.0,88.0,Марина Аверина,Мария Антропова
370,Прямое быстроразъемное соединение мини KQ2H04-00A,SMC,15.0,4.5,13.1,89.0,0.0016,"Order-3814, переключатель NASON",1. Принято в расчет,30.07.2024,,,13.1,89.0,Вероника Максимова,Мария Антропова
371,AME-EL250 SMC,SMC,10.0,125.0,13.1,90.0,0.094,"Order-3850, заказ 731 от 26.07",1. Принято в расчет,30.07.2024,,,13.1,90.0,Марина Аверина,Мария Антропова
372,Прямое быстроразъемное соединение KQ2H08-00A,SMC,15.0,5.5,13.1,89.0,0.0037,"Order-3843, запрос Фесто",1. Принято в расчет,30.07.2024,,Пневмопроект,13.1,89.0,Светлана Васильева,Мария Антропова
373,EC900-003N Фильтрующий элемент для AFF220A,SMC,8.0,1200.0,13.8248206468,94.0,1.5,"Order-3857, Андрей, запрос SMC 26.07",12. Документы выписаны,30.07.2024,15.01.2025,Пневмопроект,13.8248206468,94.0,Светлана Васильева,Мария Антропова
374,Прямое быстроразъемное соединение мини KQ2H06-00A,SMC,15.0,4.5,14.9381652661,100.0,0.0021,"Order-3854, запрос SMC",12. Документы выписаны,30.07.2024,,Пневмопроект,14.0,100.0,Светлана Васильева,Мария Антропова
375,Прямое быстроразъемное соединение KQ2H10-00A,SMC,15.0,6.5,11.82,84.0,0.0055,"Order-3864, запрос INA-14-85-02",1. Принято в расчет,30.07.2024,,,13.1,89.0,Вероника Максимова,Мария Антропова
376,Разветвитель KQ2U08-00A,SMC,15.0,8.5,13.1,89.0,0.0074,"Order-3837, запрос Пневмоцилиндр двухпоршневой SMC",1. Принято в расчет,30.07.2024,,,13.1,89.0,Вероника Максимова,Мария Антропова
377,Пневмоцилиндр MGPM20TF-40Z,SMC,4.0,551.0,13.0,88.0,0.74,"Order-3888, Заявка 30.07",1. Принято в расчет,02.08.2024,,,13.0,88.0,Светлана Васильева,Мария Антропова
378,VP542-5YO1-03FA,SMC,24.0,253.0,13.0,88.0,0.25,"Order-3987, SMC",1. Принято в расчет,07.08.2024,,,13.0,88.0,Андрей ВЭД,Василий Михайлов
379,ZPT40BNJ10-B01-A14 Присоска вакуумная SMC,SMC,4.0,179.0,13.0,89.0,0.11,"Order-3996, Андрей, запрос SMC, Vi-Cas",1. Принято в расчет,08.08.2024,,Пневмопроект,13.0,89.0,Светлана Васильева,Василий Михайлов
380,Комплект уплотнений MGP16-Z-PS SMC,SMC,4.0,13.0,13.0,,0.308,"Order-3997, заказ 745 от 07.08",1. Принято в расчет,09.08.2024,,,13.0,,Вероника Максимова,Василий Михайлов
381,SMC AW40-F04D новый номер: AW40-F04D-B,SMC,1.0,151.0,13.0,92.0,0.1,"Order-4064, запрос smc",1. Принято в расчет,13.08.2024,,,13.0,92.0,Павел Бородуля,Мария Антропова
382,"Штуцер цанговый НР R3/8""х12мм SMC KQB2H12-03S",SMC,20.0,15.0,13.81,92.0,0.02,"Order-3510, 26.06.04 1",1. Принято в расчет,13.08.2024,,,13.81,92.0,,
383,ЦИЛИНДР SMC: RDQB32TF-75M / - / производитель: SMC,SMC,2.0,359.0,13.85,93.0,0.54,"Order-4051, НФУН-001740 (ABB)",1. Принято в расчет,15.08.2024,,,13.85,93.0,Вероника Максимова,Никита Петров
384,Пневмоцилиндр CD85N25-80-B,SMC,2.0,186.0,13.85,93.0,0.41,"Order-4077, заказ 750 от 13.08",1. Принято в расчет,15.08.2024,,,13.85,93.0,Вероника Максимова,Мария Антропова
385,Пневмоцилиндр CD85N20-40-B,SMC,2.0,160.0,13.85,93.0,0.24,"Order-4047, Ametek",1. Принято в расчет,15.08.2024,,,13.85,93.0,Марина Аверина,Никита Петров
386,Пневмоцилиндр CD85N12-25-B,SMC,2.0,107.0,13.85,93.0,0.11,"Order-4047, Ametek",1. Принято в расчет,15.08.2024,,,13.85,93.0,Марина Аверина,Никита Петров
387,Пневмоцилиндр CD85N25-80-B,SMC,2.0,186.0,13.7,91.0,0.41,"Order-4080, rex",1. Принято в расчет,16.08.2024,,,13.7,91.0,Марина Аверина,Мария Антропова
388,Пневмоцилиндр CD85N25-40-B,SMC,2.0,173.0,14.05,91.0,0.34,"Order-4084, Оксана, Festo 13.08",12. Документы выписаны,16.08.2024,29.11.2024,,14.05,91.0,Светлана Васильева,Мария Антропова
389,Пневмоцилиндр CD85N20-40-B,SMC,2.0,160.0,13.7,91.0,0.24,"Order-4086, festo",1. Принято в расчет,16.08.2024,,,13.7,91.0,Павел Бородуля,Мария Антропова
390,"ЗАХВАТ ПНЕВМАТИЧ. 0,7МПА MHZ2-25D SMC / - / производитель: SMC ",SMC,4.0,755.0,13.7,91.0,0.42,"Order-4085, Виктория 14.08.2024",1. Принято в расчет,16.08.2024,,,13.7,91.0,Григорий Боков,Мария Антропова
391,Пневмоцилиндр CD85N12-25-B,SMC,2.0,107.0,13.7,91.0,0.11,"Order-3936, 01.08 Bosch",1. Принято в расчет,16.08.2024,,,13.7,91.0,Вероника Максимова,Никита Петров
392,Фитинги SMC KQ2H04-00A,SMC,100.0,8.1,13.7,91.0,0.01,"Order-4094, Festo до 18.08",1. Принято в расчет,16.08.2024,,,13.7,91.0,Павел Бородуля,Мария Антропова
393,Пневмоцилиндр CD85N25-40-B,SMC,2.0,173.0,13.7,91.0,0.34,"Order-4094, Festo до 18.08",1. Принято в расчет,16.08.2024,,,13.7,91.0,Павел Бородуля,Мария Антропова
394,"Пневмораспределитель SY5120-5YO-C6F-Q C6, правильный номер: SY5120-5YO-C6F-Q",SMC,2.0,218.0,13.85,92.0,0.11,"Order-4089, заказ 751 от 14.08",1. Принято в расчет,16.08.2024,,,13.85,92.0,Вероника Максимова,Мария Антропова
395,"Пневмораспределитель SY5120-5YO-C6F-Q C6, правильный номер: SY5120-5YO-C6F-Q",SMC,2.0,218.0,,92.0,0.11,"Order-4124, расчет доставки 19.08",1. Принято в расчет,19.08.2024,,,,92.0,Вероника Максимова,-
396,ЦИЛИНДР SMC: CDG1UN25-250Z / - / производитель: SMC,SMC,5.0,169.0,13.85,92.0,0.54,"Order-4125, Александра 19.09.2024",1. Принято в расчет,19.08.2024,,,13.85,92.0,Павел Бородуля,Мария Антропова
397,3089229 РЕМКОМПЛЕКТ CS95-50-XB6 SMC,SMC,,355.0,13.94,93.0,0.3,"Order-4129, TECH ELECTRONIC CO., LTD.",1. Принято в расчет,20.08.2024,,,13.94,93.0,Павел Бородуля,Василий Михайлов
398,"Магистральный фильтр с индикатором, 3мкм, G1/2"", 1500л/мин AFF8C-F04D-T-XKV01 , правильный артикул：AFF8C-F04D-T",SMC,1.0,524.0,13.4900013486,97.0,0.94,"Order-4130, Заявка от 19.08",12. Документы выписаны,20.08.2024,29.11.2024,,13.4900013486,97.0,Светлана Васильева,Мария Антропова
399,SV2100-5FU ,SMC,2.0,245.0,13.6986,94.0,0.0846,"Order-4137, Пневмоцилиндр SMC",12. Документы выписаны,20.08.2024,09.01.2025,,13.6986,94.0,Вероника Максимова,Мария Антропова
400,"Магистральный фильтр с индикатором, 3мкм, G1"", 3700л/мин AFF22C-F10D-T-XKV01 , правильный артикул：AFF22C-F10D-T-X15",SMC,1.0,1511.0,13.6986,94.0,2.1,"Order-4137, Пневмоцилиндр SMC",12. Документы выписаны,20.08.2024,09.01.2025,,13.6986,94.0,Вероника Максимова,Мария Антропова
401,VP542K-5YOD1-03FA ,SMC,2.0,249.0,13.94,93.0,0.2783,"Order-4093, ISB",1. Принято в расчет,20.08.2024,,,13.94,93.0,Андрей ВЭД,Василий Михайлов
402,"Магистральный фильтр с индикатором, 3мкм, G1"", 6000л/мин AFF37C-F10D-T-XKV01, не найдено",SMC,2.0,,13.75,97.0,,"Order-4139, Hitachi+Cummins",12. Документы выписаны,20.08.2024,21.11.2024,,13.49,97.0,Вероника Максимова,Валентина Босс
403,Пневмоклапан SY5120-5YO-01F-Q,SMC,6.0,200.0,13.95,90.0,0.0899,"Order-4153, Запрос Энситех 2",12. Документы выписаны,21.08.2024,26.11.2024,,13.95,90.0,Вероника Максимова,Мария Антропова
404,"Субмикрофильтр с предфильтром с индикатором, 0,01мкм, G1"", 6000л/мин AMH650C-F10D-T-XKV01, не найдено",SMC,1.0,,13.94,94.0,,"Order-4097, Запрос 15.08",1. Принято в расчет,21.08.2024,,,13.94,94.0,Светлана Васильева,Мария Антропова
405,"Су6микрофильтр с предфильтром с индикатором, 0,01мкм, G1/2"", 2000л/мин AMH450C-F04D-T-XKV01 , правильный артикул：AMH450C-F04D-T",SMC,1.0,1545.0,13.42,94.0,1.44,"Order-4141, Запрос Дмитрий срочно",1. Принято в расчет,21.08.2024,,,13.42,94.0,Светлана Васильева,Василий Михайлов
406,Компактный цилиндр RDQB32TF-75M,SMC,2.0,359.0,14.0,95.0,0.54,"Order-4136, реле и датчик",1. Принято в расчет,22.08.2024,,,14.0,95.0,Андрей ВЭД,Мария Антропова
407,Пневмораспределитель SY7120-5YO-02F-Q,SMC,2.0,185.0,14.0,95.0,0.11,"Order-3975, Caterpillar",1. Принято в расчет,22.08.2024,,,14.0,95.0,Владислав Плотников,Василий Михайлов
408,"Магистральный фильтр с индикатором, 3мкм, G1/2"", 2200л/мин AFF11C-F04D-T-XKV01 , правильный артикул：AFF11C-F04D-T-X15",SMC,1.0,1743.0,14.0,95.0,1.4,"Order-3975, Caterpillar",1. Принято в расчет,22.08.2024,,,14.0,95.0,Владислав Плотников,Василий Михайлов
409,Пневмораспределитель SY5120-5YO-C6F-Q,SMC,2.0,229.0,14.0,95.0,0.1,"Order-3976, Cat 140M грейдер",1. Принято в расчет,22.08.2024,,,14.0,95.0,Светлана Васильева,Василий Михайлов
410,Усилитель давления VBA10A-F02GN,SMC,17.0,920.0,14.0,95.0,0.86,"Order-4138, SMC",1. Принято в расчет,22.08.2024,,,14.0,95.0,Павел Бородуля,Мария Антропова
411,2309178 ПНЕВМОЦИЛИНДР CD85N16-25-B SMC,SMC,1.0,80.0,13.49,94.0,0.109,"Order-4150, 147 SMC",12. Документы выписаны,22.08.2024,28.12.2024,,13.49,94.0,Светлана Васильева,Мария Антропова
412,VQC2401N-51 SMC,SMC,4.0,390.0,14.0,95.0,0.1,"Order-4164, Оксана, Festo 19.08",1. Принято в расчет,22.08.2024,,,14.0,95.0,Светлана Васильева,Мария Антропова
413,"Регулятор давления, G3/4"", 0.1-1.7 МПа AR40-F06-B-X425",SMC,1.0,433.0,14.0,95.0,0.88,"Order-4163, Сергей 21.08.2024",1. Принято в расчет,22.08.2024,,,14.0,95.0,Павел Бородуля,Василий Михайлов
414,"Пневмораспределитель SY7120-5YO-02F-Q C8, правильный номер: SY5120-5YO-C6F-Q",SMC,2.0,218.0,14.0,95.0,0.11,"Order-4157, Фесто",1. Принято в расчет,22.08.2024,,,14.0,95.0,Марина Аверина,Мария Антропова
415,SV2A00-5FU ,SMC,8.0,385.0,14.0,95.0,0.0991,"Order-4157, Фесто",1. Принято в расчет,22.08.2024,,,14.0,95.0,Марина Аверина,Мария Антропова
416,Пневмоклапан SY5220-5YO-01F-Q,SMC,6.0,255.0,14.0,95.0,0.1,"Order-4165, запрос 21.08",1. Принято в расчет,22.08.2024,,,14.0,95.0,Вероника Максимова,Мария Антропова
417,"КРЕПЛЕНИЕ ДАТЧИКА,SMC,BMA2-032 / 0 / производитель: SMC",SMC,20.0,10.0,14.0,95.0,0.01,"Order-4165, запрос 21.08",1. Принято в расчет,22.08.2024,,,14.0,95.0,Вероника Максимова,Мария Антропова
418,"КРЕПЛЕНИЕ ДАТЧИКА,SMC,BMA2-025 / 0 / производитель: SMC",SMC,20.0,10.0,14.0,95.0,0.01,"Order-4165, запрос 21.08",1. Принято в расчет,22.08.2024,,,14.0,95.0,Вероника Максимова,Мария Антропова
419,"Пневмораспределитель SY7120-5YO-02F-Q C8, правильный номер: SY5120-5YO-C6F-Q",SMC,2.0,218.0,14.0,95.0,0.11,"Order-4179, SMC",1. Принято в расчет,22.08.2024,,,14.0,95.0,Вероника Максимова,Мария Антропова
420,Клапан быстрой разгрузки EAQ2000-F02,SMC,4.0,95.0,14.0,95.0,0.1,"Order-4154, Двухходовый регулятор расхода",1. Принято в расчет,22.08.2024,,,14.0,95.0,Павел Бородуля,Мария Антропова
421,Электроклапан VP544-5YZ1-03F-M-X555,SMC,3.0,1255.0,14.0,95.0,1.1,"Order-4154, Двухходовый регулятор расхода",1. Принято в расчет,22.08.2024,,,14.0,95.0,Павел Бородуля,Мария Антропова
422,Распределитель SY7120-5YO-02F-Q,SMC,7.0,300.0,14.0,95.0,0.11,"Order-4171, НФУН-001846 (FESTO)(CAMOZZI)",1. Принято в расчет,22.08.2024,,,14.0,95.0,Вероника Максимова,Мария Антропова
423,Электроклапан VP542-5YO1-03FA,SMC,1.0,350.0,14.0,95.0,0.25,"Order-4151, НФУН-001839 (Siemens)(KEB)",1. Принято в расчет,22.08.2024,,,14.0,95.0,Марина Аверина,Мария Антропова
424,Электроклапан SYJ314M-5LOU-Q,SMC,1.0,160.0,14.0,95.0,0.03,"Order-4173, Оксана, SMC 20.08",1. Принято в расчет,22.08.2024,,,14.0,95.0,Светлана Васильева,Мария Антропова
425,Пневмоцилиндр CDG1UN25-250Z,SMC,5.0,169.0,13.75,94.0,0.54,"Order-3819, Сборная",1. Принято в расчет,23.08.2024,,,13.75,94.0,Андрей ВЭД,Мария Антропова
426,Электроклапан VXZ232BGAXB,SMC,1.0,265.0,13.75,94.0,0.68,"Order-4182, Айрат 22.08.2024",1. Принято в расчет,23.08.2024,,,13.75,94.0,Григорий Боков,Мария Антропова
427,CQ2B32TF-20DZ SMC,SMC,20.0,195.0,13.75,94.0,0.18,"Order-4192, Оксана, GRE-1/8",1. Принято в расчет,23.08.2024,,,13.75,94.0,Светлана Васильева,Мария Антропова
428,Электроклапан SY5120-5YO-C6F-Q,SMC,8.0,300.0,13.49,93.0,0.11,"Order-4190, Оксана, Festo 21.08",12. Документы выписаны,23.08.2024,,,13.49,93.0,Светлана Васильева,Мария Антропова
429,smc aw30-f03d-a,SMC,4.0,271.0,13.95,94.0,0.48,"Order-4201, SMC",12. Документы выписаны,23.08.2024,23.12.2024,,13.95,94.0,Вероника Максимова,Мария Антропова
430,"Электроклапан VXZ2230-03F-5D1-B, не производится, замена VXZ230BGAXB",SMC,1.0,220.0,13.95,94.0,0.68,"Order-4201, SMC",12. Документы выписаны,23.08.2024,23.12.2024,,13.95,94.0,Вероника Максимова,Мария Антропова
431,VHK3A-08F-08F SMC,SMC,20.0,32.0,14.0,99.0,0.02,"Order-4142, заказ 756 от 20.08",1. Принято в расчет,23.08.2024,,,14.0,99.0,Вероника Максимова,Мария Антропова
432,ЦИЛИНДР SMC: MGPM20TF-150Z / - / производитель: SMC ,SMC,2.0,550.0,13.54,94.0,1.61,"Order-4184, Оксана 22.08.2024 2 заказ",1. Принято в расчет,26.08.2024,,,13.54,94.0,Павел Бородуля,Василий Михайлов
433,AMD44P-060AS SMC,SMC,2.0,385.0,13.54,94.0,0.07,"Order-4184, Оксана 22.08.2024 2 заказ",1. Принято в расчет,26.08.2024,,,13.54,94.0,Павел Бородуля,Василий Михайлов
434,"Дроссель с обратным клапаном AS2002F-08 SMC / Дроссель с обратным клапаном AS2002F-08 SMC / производитель: SMC, не найден, но найден AS2052F-08, проверьте",SMC,10.0,42.0,13.54,94.0,0.01,"Order-4032, турбокомпрессора cat 362-0846 09.08.2024",1. Принято в расчет,26.08.2024,,,13.54,94.0,Павел Бородуля,Василий Михайлов
435,"КРОНШТЕЙН МОНТАЖНЫЙ,SMC,BM2-025 / 0 / производитель: SMC",SMC,20.0,13.0,13.54,94.0,0.01,"Order-4199, FESTO",1. Принято в расчет,26.08.2024,,,13.54,94.0,Андрей ВЭД,Василий Михайлов
436,ЦИЛИНДР SMC: CDM2B25-550AZ / - / производитель: SMC ,SMC,5.0,337.0,13.54,94.0,0.87,"Order-4197, Фесто",1. Принято в расчет,26.08.2024,,,13.54,94.0,Андрей ВЭД,Василий Михайлов
437,CS95-50 SMC,SMC,100.0,70.0,13.54,94.0,0.05,"Order-4196, НФУН-001659 (Stober)(WIKA)(Hydraulik Griessen)(REXROTH)(Veda)(Baumüller)",1. Принято в расчет,26.08.2024,,,13.54,94.0,Вероника Максимова,Мария Антропова
438,"РЕЛЕ ДАВЛЕНИЯ IS1000-01-X215, не производится, замена 3C-IS10-01-6L",SMC,1.0,230.0,13.54,94.0,0.2,"Order-4162, Станислав 21.08.2024",1. Принято в расчет,26.08.2024,,,13.54,94.0,Павел Бородуля,Василий Михайлов
439,Редуктор AR20-F02-B,SMC,3.0,85.0,13.54,94.0,0.16,"Order-4134, заказ 755 от 19.08",1. Принято в расчет,26.08.2024,,,13.54,94.0,Марина Аверина,Василий Михайлов
440,"ДАТЧИК ПОЛОЖЕНИЯ,SMC,D-M9BZ ",SMC,20.0,60.0,13.51,94.0,0.066,"Order-4210, Степан 26.08.2024",1. Принято в расчет,28.08.2024,,,13.51,94.0,Павел Бородуля,Василий Михайлов
441,Дроссель с обратным клапаном AS2002F-06 SMC / Дроссель с обратным клапаном AS2002F-06 SMC / производитель: SMC ,SMC,10.0,20.0,13.51,94.0,0.0104,"Order-4222, Siemens",1. Принято в расчет,28.08.2024,,,13.51,94.0,Павел Бородуля,Василий Михайлов
442,"РЕГУЛЯТОР ДАВЛЕНИЯ,SMC,AR10-M5H-A / - / производитель: SMC ",SMC,2.0,67.0,13.51,94.0,0.06,"Order-4212, НФУН-001876 (Omron)(Siemens)",1. Принято в расчет,28.08.2024,,,13.51,94.0,Вероника Максимова,Василий Михайлов
443,"Дросель AS3000-F03, артикул: AS2201F-02-06SA",SMC,1.0,50.0,13.51,94.0,0.12,"Order-4212, НФУН-001876 (Omron)(Siemens)",1. Принято в расчет,28.08.2024,,,13.51,94.0,Вероника Максимова,Василий Михайлов
444,TS1209BU-20,SMC,1.0,224.0,13.51,94.0,1.03,"Order-4259, Оксана, MSB6-1/4-FRC5:J1M1",1. Принято в расчет,28.08.2024,,,13.51,94.0,Светлана Васильева,Василий Михайлов
445,"ДАТЧИК ПОЛОЖЕНИЯ,SMC,D-M9BZ ",SMC,20.0,60.0,13.51,94.0,0.066,"Order-4234, SMC",1. Принято в расчет,28.08.2024,,,13.51,94.0,Павел Бородуля,-
446,KQ2H12-04AS,SMC,10.0,11.6,13.51,94.0,0.04,"Order-4234, SMC",1. Принято в расчет,28.08.2024,,,13.51,94.0,Павел Бородуля,-
447,Пневмоцилиндр CD85N25-80-B,SMC,1.0,185.0,13.5,94.0,0.41,"Order-4225, T47103023",1. Принято в расчет,29.08.2024,,,13.5,94.0,Светлана Васильева,Василий Михайлов
448,VHK3A-08F-08F SMC Распределитель ручной запорный,SMC,20.0,32.0,13.5,94.0,0.02,"Order-4250, SMC",1. Принято в расчет,29.08.2024,,,13.5,94.0,Павел Бородуля,-
449,"Дросель AS2201F-01-06S, артикул AS2201F-02-06SA",SMC,8.0,25.0,11.65,87.0,0.02,"Order-4267, SMC",1. Принято в расчет,29.08.2024,,,13.5,94.0,Вероника Максимова,Валентина Босс
450,Пневмоцилиндр CQ2B20-10S,SMC,1.0,125.0,11.65,87.0,0.1,"Order-4267, SMC",1. Принято в расчет,29.08.2024,,,13.5,94.0,Вероника Максимова,Валентина Босс
451,CJPS10-15Z Пневмоцилиндр SMC,SMC,6.0,46.0,14.27,94.0,0.05,"Order-4258, КП на SMC",1. Принято в расчет,29.08.2024,,,14.27,94.0,Марина Аверина,-
452,TS1612B-20,SMC,1.0,448.0,13.5,94.0,1.83,"Order-4255, заказ 763 от 27.08",1. Принято в расчет,29.08.2024,,,13.5,94.0,Вероника Максимова,Василий Михайлов
453,Сменный фильтрующий элемент SMC AF30P-060S,SMC,1.0,16.0,13.5,94.0,0.004,"Order-4251, Андрей, CPE14-M1BH-5L-1/8 196941",1. Принято в расчет,29.08.2024,,Пневмопроект,13.5,94.0,Светлана Васильева,-
454,SV3000-51D-10A-C12,SMC,1.0,158.0,13.5,94.0,0.21,"Order-4251, Андрей, CPE14-M1BH-5L-1/8 196941",1. Принято в расчет,29.08.2024,,Пневмопроект,13.5,94.0,Светлана Васильева,-
455,Пневмоцилиндр CQ2B20-5D,SMC,4.0,100.0,13.5,94.0,0.06,"Order-4264, Заявка Линейный привод",1. Принято в расчет,29.08.2024,,,13.5,94.0,Марина Аверина,-
456,"ФИТИНГ ПРЯМОЙ KQ2H10-G03AS SMC, нашли только：KQ2H10-G03A",SMC,5.0,9.9,13.5,94.0,0.03,"Order-4269, SMC+Festo",1. Принято в расчет,29.08.2024,,,13.5,94.0,Вероника Максимова,-
457,ТРЕХХОДОВОЙ ОТСЕЧНОЙ КЛАПАН VHS30-F03A,SMC,2.0,95.0,13.5,94.0,0.13,"Order-4284, T47169182",1. Принято в расчет,29.08.2024,,,13.5,94.0,Светлана Васильева,-
458,Пневмоцилиндр CQ2B12-5S,SMC,2.0,110.0,13.6,94.0,0.1,"Order-3942, Шантуй",1. Принято в расчет,30.08.2024,,,13.6,94.0,Вероника Максимова,Василий Михайлов
459,ЦИЛИНДР SMC: CDG1BN25TF-150Z / - / производитель: SMC,SMC,5.0,155.0,13.6,94.0,0.38,"Order-4302, 00УТ-000231",1. Принято в расчет,30.08.2024,,,13.6,94.0,Марина Аверина,-
460,SYA5440-02F,SMC,1.0,341.0,13.6,94.0,0.12,"Order-4302, 00УТ-000231",1. Принято в расчет,30.08.2024,,,13.6,94.0,Марина Аверина,-
461,AMF-EL650,SMC,1.0,350.0,13.6,94.0,0.4,"Order-4195, Siemens",1. Принято в расчет,30.08.2024,,,13.6,94.0,Светлана Васильева,Мария Антропова
462,Пневмоцилиндр CD85N25-200-B,SMC,1.0,280.0,13.6,94.0,0.76,"Order-4195, Siemens",1. Принято в расчет,30.08.2024,,,13.6,94.0,Светлана Васильева,Мария Антропова
463,"Подшипник 6002-2RS, китайский без бренда",SMC,8.0,2.0,13.6,94.0,0.005,"Order-4237, НФУН-001884 (Invotech)(Danfoss)",1. Принято в расчет,30.08.2024,,,13.6,94.0,Марина Аверина,Василий Михайлов
464,"ДРОССЕЛЬ,SMC,AS2201F-01-06SA / - / производитель: SMC",SMC,50.0,16.0,13.95,94.0,0.01,"Order-4313, счет от 30.08",12. Документы выписаны,30.08.2024,10.02.2025,,13.95,94.0,Павел Бородуля,Мария Антропова
465,Пневмоцилиндр CD85N25-100-B,SMC,1.0,220.0,13.95,94.0,0.45,"Order-4313, счет от 30.08",12. Документы выписаны,30.08.2024,10.02.2025,,13.95,94.0,Павел Бородуля,Мария Антропова
466,AMH-EL650,SMC,1.0,350.0,13.6,94.0,0.4,"Order-4291, заказ 767 от 28.08",1. Принято в расчет,30.08.2024,,,13.6,94.0,Вероника Максимова,Мария Антропова
467,VPA544V-1-A,SMC,2.0,283.0,13.6,94.0,0.23,"Order-4289, Запрос Bosch",1. Принято в расчет,30.08.2024,,,13.6,94.0,Павел Бородуля,Василий Михайлов
468,Пневмоцилиндр CD85N20-100-B,SMC,1.0,190.0,13.6,94.0,0.31,"Order-4289, Запрос Bosch",1. Принято в расчет,30.08.2024,,,13.6,94.0,Павел Бородуля,Василий Михайлов
469,Пневмоцилиндр CD85N25-40-B,SMC,1.0,175.0,13.6,94.0,0.34,"Order-4289, Запрос Bosch",1. Принято в расчет,30.08.2024,,,13.6,94.0,Павел Бородуля,Василий Михайлов
470,Ремкомплект CS95-63 или CS95-63-WND01,SMC,30.0,69.0,13.67,93.0,0.02,"Order-4272, Мария 28.08.2024 1 заказ",1. Принято в расчет,30.08.2024,,,13.67,93.0,Павел Бородуля,-
471,Пневмоцилиндр CQ2B16-10D,SMC,1.0,100.0,13.7,94.0,0.05,"Order-4287, AVL-20-10",1. Принято в расчет,02.09.2024,,,13.7,94.0,Марина Аверина,-
472,ЦИЛИНДР SMC: CDQSB25-50DCM / - / производитель: SMC,SMC,3.0,103.0,13.7,94.0,0.3,"Order-4262, Коматсу",1. Принято в расчет,02.09.2024,,,13.7,94.0,Вероника Максимова,Валентина Босс
473,EVS7-8-FHG-D-3CVO,SMC,1.0,1366.0,13.7,94.0,0.84,"Order-4262, Коматсу",1. Принято в расчет,02.09.2024,,,13.7,94.0,Вероника Максимова,Валентина Босс
474,AR20K-F02BE-Y-B,SMC,1.0,146.0,13.7,94.0,0.2,"Order-4262, Коматсу",1. Принято в расчет,02.09.2024,,,13.7,94.0,Вероника Максимова,Валентина Босс
475,EAV3000-F03G-5YZ-Q,SMC,1.0,838.0,13.7,94.0,0.48,"Order-4290, заявка 2",1. Принято в расчет,02.09.2024,,,13.7,94.0,Вероника Максимова,-
476,Пневмоцилиндр CD85N20-40-B,SMC,1.0,160.0,13.7,94.0,0.24,"Order-4290, заявка 2",1. Принято в расчет,02.09.2024,,,13.7,94.0,Вероника Максимова,-
477,Датчик вакуума ZSE40A-01-T,SMC,1.0,245.0,13.7,94.0,0.08,"Order-4043, Cat 6030",1. Принято в расчет,02.09.2024,,,13.7,94.0,Павел Бородуля,Василий Михайлов
478,Датчик положения D-C73C,SMC,3.0,100.0,13.7,94.0,0.01,"Order-4281, Андрей, срочная заявка SMC 28.08",1. Принято в расчет,02.09.2024,,Пневмопроект,13.7,94.0,Светлана Васильева,-
479,"Электроклапан 225B-611JA/005, не найдено",SMC,2.0,,13.7,94.0,,"Order-4308, Оксана, Festo 29.08_2",1. Принято в расчет,02.09.2024,,,13.7,94.0,Светлана Васильева,-
480,SV3000-52U-1A-C12,SMC,1.0,219.0,13.7,94.0,0.18,"Order-4307, Оксана, Festo 29.08",1. Принято в расчет,02.09.2024,,,13.7,94.0,Светлана Васильева,-
481,SV3000-51D-10A-C12,SMC,1.0,185.0,13.7,94.0,0.21,"Order-4307, Оксана, Festo 29.08",1. Принято в расчет,02.09.2024,,,13.7,94.0,Светлана Васильева,-
482,ФИТИНГ VHK2A-08F-08F SMC,SMC,4.0,34.0,13.7,94.0,0.02,"Order-4301, Оксана, Распределитель с электроуправлением Festo JMFH-5-1/8 (8820)",1. Принято в расчет,02.09.2024,,,13.7,94.0,Светлана Васильева,-
483,Распределитель SY3120-5LOU-C4-Q,SMC,2.0,225.0,13.7,94.0,0.06,"Order-4317, Андрей, SMC 2.09",1. Принято в расчет,02.09.2024,,Пневмопроект,13.7,94.0,Светлана Васильева,-
484,Пневмоцилиндр CQ2B20-5S,SMC,2.0,120.0,13.7,94.0,0.1,"Order-4317, Андрей, SMC 2.09",1. Принято в расчет,02.09.2024,,Пневмопроект,13.7,94.0,Светлана Васильева,-
485,"Пневмоцилиндр MGPM32-200AZ TF, артикул: MGPM32TF-200AZ",SMC,1.0,1200.0,13.67,93.0,3.57,"Order-4274, Мария 28.08.2024 3 заказ",1. Принято в расчет,02.09.2024,,,13.67,93.0,Павел Бородуля,Мария Антропова
486,Пневмоцилиндр MGPM20TF-30Z,SMC,1.0,350.0,13.7,94.0,0.67,"Order-4249, Сергей 27.08.2024",1. Принято в расчет,02.09.2024,,,13.7,94.0,Павел Бородуля,Василий Михайлов
487,EVT317-5DO-02F-Q SMC,SMC,116.0,315.0,14.17,102.0,0.298,"Order-4293, Сборная",1. Принято в расчет,02.09.2024,,,14.17,102.0,Вероника Максимова,Валентина Босс
488,"Дросель AS1201F-M5-06, артикул: AS1201F-M5-06A",SMC,2.0,25.0,14.17,102.0,0.01,"Order-4293, Сборная",1. Принято в расчет,02.09.2024,,,14.17,102.0,Вероника Максимова,Валентина Босс
489,SY7140-5DZ-Q,SMC,2.0,294.0,13.7,94.0,0.11,"Order-4298, Моссар запрос",1. Принято в расчет,02.09.2024,,,13.7,94.0,Владислав Плотников,Мария Антропова
490,Дросель AS2000-F02,SMC,2.0,50.0,13.7,94.0,0.12,"Order-4298, Моссар запрос",1. Принято в расчет,02.09.2024,,,13.7,94.0,Владислав Плотников,Мария Антропова
491,"Дросель AS2201F-02-08S, артикул: AS2201F-02-08SA",SMC,2.0,40.0,13.7,93.0,0.03,"Order-4323, Трубка Фесто",1. Принято в расчет,03.09.2024,,,13.7,93.0,Вероника Максимова,Василий Михайлов
492,EAV4000-F04G-5YZ-Q,SMC,1.0,885.0,13.7,93.0,0.74,"Order-4263, Коматсу",1. Принято в расчет,03.09.2024,,,13.7,93.0,Вероника Максимова,Валентина Босс
493,"КРОНШТЕЙН МОНТАЖНЫЙ,SMC,BM2-032 / 0 / производитель: SMC",SMC,20.0,13.0,13.7,93.0,0.01,"Order-4325, SMC",1. Принято в расчет,03.09.2024,,,13.7,93.0,Павел Бородуля,-
494,SY7120-5DZ-02F-Q,SMC,1.0,294.0,13.7,93.0,0.15,"Order-4325, SMC",1. Принято в расчет,03.09.2024,,,13.7,93.0,Павел Бородуля,-
495,SY5120-5DZ-01F-Q,SMC,1.0,273.0,13.7,93.0,0.09,"Order-4328, Валерия 03.,09.2024",1. Принято в расчет,03.09.2024,,,13.7,93.0,Павел Бородуля,Василий Михайлов
496,ASP330F-01-06S,SMC,1.0,173.0,13.7,93.0,0.03,"Order-4324, Осушитель",1. Принято в расчет,03.09.2024,,,13.7,93.0,Вероника Максимова,Василий Михайлов
497,ЦИЛИНДР SMC: MGPM20TF-40Z / - / производитель: SMC,SMC,3.0,320.0,13.8,92.0,0.74,"Order-4296, Клапаны CAT",1. Принято в расчет,04.09.2024,,,13.8,92.0,Павел Бородуля,-
498,Редуктор AR20K-F02-B 0.5-8.5bar,SMC,2.0,100.0,13.8,92.0,0.16,"Order-4273, Мария 28.08.2024 2 заказ",1. Принято в расчет,04.09.2024,,,13.8,92.0,Павел Бородуля,-
499,PA3210-F03,SMC,2.0,2025.0,13.8,92.0,2.22,"Order-4339, PA3210-F03",1. Принято в расчет,04.09.2024,,,13.8,92.0,Светлана Васильева,-
500,"КРОНШТЕЙН МОНТАЖНЫЙ SMC,BM2-032 / - / производитель: SMC",SMC,10.0,17.0,14.25,92.0,0.01,"Order-4365, SMC",1. Принято в расчет,05.09.2024,,,14.25,92.0,Андрей ВЭД,-
501,"Пневмораспределитель SMC SY3A00-5UF1 / Пневмораспределитель / производитель: SMC, новый номер: SY3A00-5UF1 -NA",SMC,5.0,265.0,14.25,93.0,0.08,"Order-4374, SMC",1. Принято в расчет,06.09.2024,,,14.25,93.0,Павел Бородуля,-
502,Дроссель с обратным клапаном AS2002F-04 SMC / Дроссель с обратным клапаном AS2002F-04 SMC / производитель: SMC,SMC,10.0,18.0,14.25,93.0,0.0061,"Order-4377, SMC",1. Принято в расчет,06.09.2024,,,14.25,93.0,Павел Бородуля,-
503,MGPA50TF-50Z,SMC,1.0,1365.0,14.25,93.0,3.14,"Order-4382, заказ 776 от 05.09",1. Принято в расчет,06.09.2024,,,14.25,93.0,Вероника Максимова,Юлия Долгорева
504,"ДАТЧИК ДАВЛЕНИЯ,SMC,G27-10-R1 / - / производитель: SMC",SMC,2.0,36.0,14.25,93.0,0.01,"Order-4391, SMC",1. Принято в расчет,06.09.2024,,,14.25,93.0,Павел Бородуля,-
505,"ДАТЧИК-ГЕРКОН,SMC,D-M9BWSBPC / 0 / производитель: SMC",SMC,100.0,100.0,13.67,93.0,0.01,"Order-4353, SMC (срочная)",1. Принято в расчет,09.09.2024,,,13.67,93.0,Павел Бородуля,Мария Антропова
506,ПНЕВМОРАСПРЕДЕЛИТЕЛЬ SMC: SY5140-5FU-Q / - / производитель: SMC,SMC,15.0,155.0,13.77,94.0,0.06,"Order-4390, SMC",1. Принято в расчет,10.09.2024,,,13.77,94.0,Павел Бородуля,Мария Антропова
507,"AM550C-F10D-T присоед. резьба G1""",SMC,1.0,825.0,13.84,94.0,2.13,"Order-4423, Андрей, SMC 10.09",1. Принято в расчет,11.09.2024,,Пневмопроект,13.84,94.0,Светлана Васильева,Юлия Долгорева
508,регулятор давления SMC EAR925-f20,SMC,1.0,2442.0,13.95,94.0,4.5,"Order-4434, заявка SMC",12. Документы выписаны,12.09.2024,,,13.95,94.0,Вероника Максимова,Валентина Босс
509,CJPS10-15Z ,SMC,6.0,46.0,13.9,94.0,0.05,"Order-4428, заказ 780 36533 SMC",1. Принято в расчет,13.09.2024,,,13.9,94.0,Марина Аверина,Василий Михайлов
510,Пневмодроссель SMC AS2201F-01-08 FLOW CONTROL W/FITTING SMC AS2201F-01-08 新款AS2201F-01-08SA,SMC,30.0,22.0,13.86,93.0,0.01,"Order-4455, PURCHASE REQUEST NO: 2411-3801",1. Принято в расчет,15.09.2024,,,13.86,93.0,Вероника Максимова,Мария Антропова
511,D-C73C,SMC,2.0,100.0,14.1,94.0,0.02,"Order-4469, заказ 784 от 13.09",1. Принято в расчет,19.09.2024,,,14.1,94.0,Марина Аверина,Мария Антропова
512,ЦИЛИНДР SMC: MGPM25TF-75Z / - / производитель: SMC,SMC,4.0,348.0,14.21,95.0,1.5,"Order-4514, SMC циллиндр",1. Принято в расчет,23.09.2024,,,14.21,95.0,Константин Андрющенко,Юлия Долгорева
513,EAR825-F14G-X61 обновлено до EAR825-F14G-R,SMC,6.0,1802.0,14.03,95.0,2.5,"Order-4553, Fri Sep 20 2024 00:00:00 GMT+0700 (Новосибирск, стандартное время)",1. Принято в расчет,24.09.2024,,,14.03,95.0,,
514,EAR825-F14G-X61 обновлено до EAR825-F14G-R,SMC,6.0,1300.0,14.13,95.0,2.5,"Order-4553, запрос",1. Принято в расчет,24.09.2024,,,14.13,95.0,Марина Аверина,Василий Михайлов
515,AR20-F02-B-X425,SMC,1.0,380.0,14.05,,1e-05,"Order-4540, заказ 793 от 19.09",1. Принято в расчет,24.09.2024,,,14.05,,Константин Андрющенко,Мария Антропова
516,ЦИЛИНДР SMC: CDG1BN25TF-150Z / - / производитель: SMC ,SMC,5.0,155.0,14.15,95.0,0.38,"Order-4541, Scheider Electri",1. Принято в расчет,25.09.2024,,,14.15,95.0,Константин Андрющенко,Юлия Долгорева
517,"ДРОССЕЛЬ,SMC,AS2201F-01-06SA / - / производитель: SMC ",SMC,50.0,16.0,14.15,95.0,0.01,"Order-4541, Scheider Electri",1. Принято в расчет,25.09.2024,,,14.15,95.0,Константин Андрющенко,Юлия Долгорева
518,регулятор давления SMC AR825-F14,SMC,1.0,850.0,14.15,95.0,2.5,"Order-4588, Регулятор давления SMC",1. Принято в расчет,25.09.2024,,,14.15,95.0,Вероника Максимова,Юлия Долгорева
519,Фильтр регулятор давления SMC AW40-F04D-B,SMC,1.0,170.0,14.15,95.0,0.73,"Order-4588, Регулятор давления SMC",1. Принято в расчет,25.09.2024,,,14.15,95.0,Вероника Максимова,Юлия Долгорева
520,ЦИЛИНДР SMC: CDQSB25-50DCM / - / производитель: SMC,SMC,3.0,103.0,14.15,95.0,0.3,"Order-4588, Регулятор давления SMC",1. Принято в расчет,25.09.2024,,,14.15,95.0,Вероника Максимова,Юлия Долгорева
521,ЦИЛИНДР SMC: MGPM20TF-40Z / - / производитель: SMC,SMC,3.0,320.0,14.15,95.0,0.74,"Order-4528, SEM512",1. Принято в расчет,25.09.2024,,,14.15,95.0,Константин Андрющенко,Василий Михайлов
522,Клапан электрический SMC SY5120-5Y0-01F-Q MAN000003 поз.4 Чертеж PP0001386 для укладчика А-3 022101417 2017г Mespic,SMC,10.0,200.0,14.16,95.0,0.08,"Order-4515, CAT Диск фрикционный, пластина",1. Принято в расчет,25.09.2024,,,14.16,95.0,Константин Андрющенко,Валентина Босс
523,стр.авт.отвода конденс. EAD402-F04( АВТОМАТИЧЕСКОГО ОТВОДА КОНДЕНСАТА EAD402-F04 SMC),SMC,4.0,260.0,14.16,95.0,0.62,"Order-4520, SMC 18.09",1. Принято в расчет,25.09.2024,,,14.16,95.0,Светлана Васильева,Юлия Долгорева
524,ЦИЛИНДР SMC: MGPM25TF-75Z / - / производитель: SMC,SMC,4.0,348.0,14.16,95.0,1.5,"Order-4534, SMC",1. Принято в расчет,25.09.2024,,,14.16,95.0,Павел Бородуля,Василий Михайлов
525,SY5120-5YO-01F-Q,SMC,30.0,236.0,3.255,99.0,0.08,"Order-4549, Манометры",12. Документы выписаны,25.09.2024,,,3.255,99.0,Светлана Васильева,Валентина Босс
526,Обратный клапан прямой AKH06-00 Ø 8 мм,SMC,50.0,30.0,14.14,95.0,0.2,"Order-4562, Festo 20.09",1. Принято в расчет,25.09.2024,,,14.14,95.0,Светлана Васильева,Василий Михайлов
527,SY5100-5UF1,SMC,20.0,360.0,14.14,95.0,0.08,"Order-4562, Festo 20.09",1. Принято в расчет,25.09.2024,,,14.14,95.0,Светлана Васильева,Василий Михайлов
528,SY5140-5LOU-Q,SMC,6.0,244.0,14.01,95.0,0.06,Расчет Глобал Инжиниринг от 24.09 1,12. Документы выписаны,25.09.2024,,,14.01,95.0,Павел Бородуля,Мария Антропова
529,SY5200-5U1,SMC,6.0,494.0,13.9,98.0,0.09,"Order-4570, SMC+Festo",1. Принято в расчет,25.09.2024,,,13.9,98.0,Светлана Васильева,Мария Антропова
530,Обратный клапан прямой AKH06-00 Ø 6 мм,SMC,50.0,30.0,14.02,95.0,0.2,"Order-4596, Сергей 24.09.2024",1. Принято в расчет,26.09.2024,,,14.02,95.0,Павел Бородуля,Юлия Долгорева
531,TU0604BU-20,SMC,10.0,94.0,14.05,95.0,0.39,"Order-4559, Запрос для ФГБУ «АМП Азовского моря»",1. Принято в расчет,26.09.2024,,,14.05,95.0,Константин Андрющенко,Василий Михайлов
532,G36-10-01,SMC,1.0,45.0,14.02,95.0,0.04,"Order-4569, festo",1. Принято в расчет,26.09.2024,,,14.02,95.0,Константин Андрющенко,Мария Антропова
533,SY5100-5U1,SMC,10.0,325.0,14.05,95.0,1e-06,"Order-4577, срочная позиция НФУН-002147 (Siemens)",1. Принято в расчет,26.09.2024,,,14.05,95.0,Константин Андрющенко,Мария Антропова
534,IS10M-40-6L-A,SMC,2.0,180.0,14.05,95.0,1e-06,"Order-4577, срочная позиция НФУН-002147 (Siemens)",1. Принято в расчет,26.09.2024,,,14.05,95.0,Константин Андрющенко,Мария Антропова
535,ARX20-F02,SMC,1.0,87.0,14.05,,0.11,"Order-4578, заказ 798 от 23.09",1. Принято в расчет,27.09.2024,,,14.05,,Марина Аверина,Мария Антропова
536,VBA40A-F04,SMC,4.0,3450.0,14.05,95.0,8.6,"Order-4581, НФУН-002138_2 (Festo)",1. Принято в расчет,27.09.2024,,,14.05,95.0,Константин Андрющенко,Мария Антропова
537,AR40-F04-B SMC,SMC,2.0,144.0,14.15,95.0,0.43,"Order-4638, заказ 803 от 26.09",1. Принято в расчет,30.09.2024,,,14.15,95.0,Марина Аверина,Василий Михайлов
538,AN20-C10,SMC,30.0,25.0,14.15,95.0,0.05,"Order-4611, заказ 801 от 25.09",1. Принято в расчет,30.09.2024,,,14.15,95.0,Марина Аверина,Василий Михайлов
539,"AW30-F03D снят с производства, рекомендовано：AW30-F03D-A",SMC,2.0,271.0,14.13,95.0,0.48,"Order-4622, HYDAC",1. Принято в расчет,30.09.2024,,,14.13,95.0,Марина Аверина,Василий Михайлов
540,"AW40-F04D снят с производства, рекомендовано：AW40-F04D-A",SMC,1.0,382.0,14.13,95.0,0.85,"Order-4685, Соединение 198-15-01151 Komatsu",1. Принято в расчет,30.09.2024,,,14.13,95.0,Светлана Васильева,Василий Михайлов
541,РЕМКОМПЛЕКТ CS95-50-XB6 SMC,SMC,1.0,360.0,14.13,,2.5,Выкуп Ольга Якушевская,1. Принято в расчет,30.09.2024,,,14.13,,,
542,ЦИЛИНДР SMC: CDQ2A32TF-50DCZ / - / производитель: SMC,SMC,1.0,229.0,14.17,96.0,0.36,"Order-4636, Komatsu_WA470-6 26.09.2024",1. Принято в расчет,01.10.2024,,,14.17,96.0,Павел Бородуля,Василий Михайлов
543,ЦИЛИНДР SMC: CDG1UN25-250Z / - / производитель: SMC,SMC,15.0,137.0,14.17,96.0,0.54,"Order-4623, SMC, Norgren",1. Принято в расчет,01.10.2024,,Пневмопроект,14.17,96.0,Светлана Васильева,Василий Михайлов
544,"Компактный цилиндр MGPM20TF-50Z 50mm ø20mm, SMC PNEUMATICS Арт: 110-27-123",SMC,4.0,260.0,14.17,96.0,0.82,"Order-4613, Компактный цилиндр MGPM20TF-50Z 50mm ø20mm, SMC PNEUMATICS Арт: 110-27-123",,,,,,,,
545,CS95-63 SMC,SMC,10.0,89.0,14.32,95.0,0.02,"Order-4586, Оксана, VUVG-B14-B52-ZT-F-1T1L Festo",1. Принято в расчет,03.10.2024,,,14.32,95.0,Светлана Васильева,Мария Антропова
546,Сменный фильтрующий элемент SMC AF30P-060S AF30P-060S,SMC,1.0,9.0,14.32,95.0,0.005,"Order-4586, Оксана, VUVG-B14-B52-ZT-F-1T1L Festo",1. Принято в расчет,03.10.2024,,,14.32,95.0,Светлана Васильева,Мария Антропова
547,VF5320K-5YE1-03F,SMC,2.0,660.0,14.42,97.0,1e-06,"Order-4618, Festo",1. Принято в расчет,04.10.2024,,,14.42,97.0,Андрей ВЭД,Мария Антропова
548,IS10E-30F03-6L-A,SMC,1.0,,14.35,97.0,1e-06,"Order-4579, Марина 23.09.2024",1. Принято в расчет,07.10.2024,,,14.35,97.0,Павел Бородуля,Мария Антропова
549,ЦИЛИНДР SMC: CDG1TN25-75Z / - / производитель: SMC,SMC,16.0,106.0,13.96,98.88,0.3,"Order-4729, FESTO",1. Принято в расчет,08.10.2024,,,13.96,98.88,Константин Андрющенко,Валентина Босс
550,KQB2H12-03S SMC,SMC,20.0,16.8,13.96,98.88,0.02,"Order-4660, Николай 27.09.2024",1. Принято в расчет,08.10.2024,,,13.96,98.88,Павел Бородуля,Валентина Босс
551,D-C73C Датчик геркон,SMC,2.0,100.0,13.96,98.88,0.02,"Order-4716, Norgren 2.10",1. Принято в расчет,08.10.2024,,,13.96,98.88,Светлана Васильева,Василий Михайлов
552,Ремкомплект клапана основного выдува 677175 BMEH-3X2/2-22-SA картридж (А-6000-4(О) FESTO,SMC,3.0,1650.0,13.96,98.88,0.15,"Order-4640, Эдуард 26.09.2024",1. Принято в расчет,08.10.2024,,,13.96,98.88,Павел Бородуля,Валентина Босс
553,"G46-10-01 Манометр, 1/8, 10 bar",SMC,2.0,45.0,14.35,97.0,0.1,"Order-4639, Запрос Владимир,СРОЧНО! Копия",1. Принято в расчет,08.10.2024,,,14.35,97.0,,
554,"Пневмоглушитель, R1/2"" AN400-04 новый номер: AN40-04",SMC,1.0,15.0,13.71,99.0,0.01,"Order-4682, Упаковка 30.09",12. Документы выписаны,09.10.2024,,,13.71,99.0,Светлана Васильева,Мария Антропова
555,"ДРОССЕЛЬ,SMC,AS2201F-01-06SD / - / производитель: SMC",SMC,20.0,30.0,14.0,99.85,0.026,"Order-4779, Festo",1. Принято в расчет,09.10.2024,,,14.0,99.85,Вероника Максимова,Валентина Босс
556,"Манометр, R1/8"", 0-1.0 Mпа G36-10-01",SMC,2.0,40.0,14.0,99.0,0.02,"Order-4672, 00УТ-000307 FESTO",1. Принято в расчет,09.10.2024,,,14.0,99.0,Марина Аверина,Мария Антропова
557,"ДРОССЕЛЬ,SMC,AS2201F-01-08ST / - / производитель: SMC",SMC,20.0,30.0,13.85,99.0,0.023,"Order-4670, KOMATSU SAA6D170E-5",1. Принято в расчет,09.10.2024,,,13.85,99.0,Константин Андрющенко,Валентина Босс
558,CS95-50 SMC,SMC,10.0,81.0,14.0,99.0,0.02,"Order-4667, заказ 805 от 27.09-2",1. Принято в расчет,09.10.2024,,,14.0,99.0,Марина Аверина,Мария Антропова
559,ЦИЛИНДР SMC: MY1B25G-700Z / - / производитель: SMC,SMC,1.0,1350.0,14.0,99.0,1.24,"Order-4667, заказ 805 от 27.09-2",1. Принято в расчет,09.10.2024,,,14.0,99.0,Марина Аверина,Мария Антропова
560,KQ2R12-16A SMC,SMC,20.0,8.0,14.0,99.0,0.034,"Order-4667, заказ 805 от 27.09-2",1. Принято в расчет,09.10.2024,,,14.0,99.0,Марина Аверина,Мария Антропова
561,"ПНЕВМОЦИЛИНДР,SMC,CP96SDB80-15C / - / производитель: SMC",SMC,6.0,415.0,14.11,99.85,3.62,"Order-4656, Заявка 27.09",1. Принято в расчет,10.10.2024,,,14.11,99.85,Светлана Васильева,Мария Антропова
562,"ПНЕВМОЦИЛИНДР,SMC,CP96SDB50-100C / - / производитель: SMC",SMC,11.0,330.0,14.11,99.85,1.74,"Order-4641, Заявка 26.09",1. Принято в расчет,10.10.2024,,,14.11,99.85,Светлана Васильева,Мария Антропова
563,EAS4200-F04-S,SMC,15.0,100.0,14.11,99.85,0.2,"Order-4797, Сергей 08.10.2024",1. Принято в расчет,10.10.2024,,,14.11,99.85,Павел Бородуля,Мария Антропова
564,ПНЕВМОЦИЛИНДР CD85N16-25-B SMC,SMC,1.0,70.0,14.11,99.85,0.15,"Order-4733, SMC",1. Принято в расчет,10.10.2024,,,14.11,99.85,Павел Бородуля,Василий Михайлов
565,ЦИЛИНДР SMC: CDQ2A40TF-50DCZ / - / производитель: SMC,SMC,5.0,300.0,13.6475113947,98.0,0.55,"Order-4280, Насос Sailingflo FP-12",12. Документы выписаны,10.10.2024,,,13.6475113947,98.0,Вероника Максимова,Валентина Босс
566,ЦИЛИНДР SMC: CDQSB25-60DCM-XB10 / - / производитель: SMC,SMC,7.0,206.0,14.1,99.85,0.38,"Order-4721, SMC",1. Принято в расчет,10.10.2024,,,14.1,99.85,Вероника Максимова,Мария Антропова
567,EAS5000-F04,SMC,15.0,85.0,14.1,99.85,0.226,"Order-4721, SMC",1. Принято в расчет,10.10.2024,,,14.1,99.85,Вероника Максимова,Мария Антропова
568,Угловой разъем с кабелем (артикул: P398020-501-3),SMC,2.0,125.0,14.1,99.85,0.178,"Order-4721, SMC",1. Принято в расчет,10.10.2024,,,14.1,99.85,Вероника Максимова,Мария Антропова
569,ЦИЛИНДР SMC: CDQ2A40TF-15DCZ / - / производитель: SMC,SMC,2.0,285.0,14.1,100.0,0.574,"Order-4724, CUMMINS",1. Принято в расчет,11.10.2024,,,14.1,100.0,Константин Андрющенко,Валентина Босс
570,CRA1BX50-90Z,SMC,1.0,735.0,14.1,100.0,0.58,"Order-4710, 00УТ-000314",1. Принято в расчет,11.10.2024,,,14.1,100.0,Константин Андрющенко,Мария Антропова
571,"Пневмоглушитель 1/4"" AN20-02",SMC,2.0,15.0,14.1,100.0,0.00182,"Order-4709, Нейтрализатор статики",1. Принято в расчет,11.10.2024,,,14.1,100.0,Константин Андрющенко,Мария Антропова
572,AF20P-060S SMC,SMC,13.0,10.0,14.1,100.0,0.002,"Order-4696, Клапаны SMC",1. Принято в расчет,11.10.2024,,,14.1,100.0,Константин Андрющенко,Мария Антропова
573,SMC SY7120-5YO-02F-Q,SMC,3.0,205.0,14.1,100.0,0.12,"Order-4767, НФУН-002282 (Siemens)(ABB)",1. Принято в расчет,11.10.2024,,,14.1,100.0,Вероника Максимова,Мария Антропова
574,AFM30P-060AS SMC,SMC,8.0,50.0,14.1,100.0,0.02,"Order-4767, НФУН-002282 (Siemens)(ABB)",1. Принято в расчет,11.10.2024,,,14.1,100.0,Вероника Максимова,Мария Антропова
575,CDQSB20-20D-M9BS SMC,SMC,1.0,150.0,14.1,100.0,0.944,"Order-4777, Сергей 08.10.2024 Siemens",1. Принято в расчет,11.10.2024,,,14.1,100.0,Павел Бородуля,Валентина Босс
576,AR20K-F02BE-Y-B SMC,SMC,1.0,146.0,13.95,98.0,0.2,"Order-4763, 151 SMC",12. Документы выписаны,11.10.2024,,,13.95,98.0,Светлана Васильева,Мария Антропова
577,AR20K-F02BE-Y-B SMC,SMC,1.0,150.0,14.1,100.0,0.2,"Order-4851, Festo, до 15.10 отдать КП!",1. Принято в расчет,11.10.2024,,,14.1,100.0,Светлана Васильева,Василий Михайлов
578,Электропневматический преобразователь ITV2050-31F2N,SMC,2.0,1300.0,14.1,99.0,0.631,"Order-4736, заказ 806 от 03.10",1. Принято в расчет,11.10.2024,,,14.1,99.0,Константин Андрющенко,Мария Антропова
579,AF30P-060S SMC,SMC,4.0,10.0,13.86,99.0,0.004,"Order-4771, Позиционер электропневматический SIEMENS Sipart PS2 6DR5110-0NP00-0AA1",1. Принято в расчет,14.10.2024,,,13.86,99.0,Светлана Васильева,Валентина Босс
580,AFM30P-060AS SMC,SMC,8.0,55.0,13.86,99.0,0.018,"Order-4771, Позиционер электропневматический SIEMENS Sipart PS2 6DR5110-0NP00-0AA1",1. Принято в расчет,14.10.2024,,,13.86,99.0,Светлана Васильева,Валентина Босс
581,VPA544V-1-A SMC,SMC,2.0,283.0,13.86,99.0,0.23,"Order-4764, Виталий 07.10.2024",1. Принято в расчет,14.10.2024,,,13.86,99.0,Павел Бородуля,Мария Антропова
582,EAV3000-F03G-5YZ-Q SMC,SMC,1.0,838.0,13.86,99.0,0.48,"Order-4764, Виталий 07.10.2024",1. Принято в расчет,14.10.2024,,,13.86,99.0,Павел Бородуля,Мария Антропова
583,VPA544V-1-A SMC,SMC,2.0,235.0,13.86,99.0,0.23,"Order-4855, Валерия 11.10.2024 насос Hitachi",1. Принято в расчет,14.10.2024,,,13.86,99.0,Павел Бородуля,Валентина Босс
584,EAV3000-F03G-5YZ-Q SMC,SMC,1.0,700.0,13.86,99.0,0.48,"Order-4855, Валерия 11.10.2024 насос Hitachi",1. Принято в расчет,14.10.2024,,,13.86,99.0,Павел Бородуля,Валентина Босс
585,SMC MGPM20TF-50Z,SMC,4.0,525.0,13.86,99.0,1.06,"Order-4757, 8001208 SPAU-P10R-T-R14M-L-PNLK-PNVBA-M12D Датчик давления",1. Принято в расчет,14.10.2024,,Пневмопроект,13.86,99.0,Светлана Васильева,Мария Антропова
586,SY7140-5DZ-Q SMC,SMC,2.0,294.0,13.86,99.0,0.11,"Order-4757, 8001208 SPAU-P10R-T-R14M-L-PNLK-PNVBA-M12D Датчик давления",1. Принято в расчет,14.10.2024,,Пневмопроект,13.86,99.0,Светлана Васильева,Мария Антропова
587,SY7140-5DZ-Q SMC,SMC,2.0,320.0,13.86,99.0,0.11,"Order-4751, Schneider Electric",1. Принято в расчет,14.10.2024,,,13.86,99.0,Вероника Максимова,Валентина Босс
588,SV3000-51D-10A-C12 SMC,SMC,1.0,185.0,13.86,99.0,0.21,"Order-4653, НФУН-002184 (Hydac)",1. Принято в расчет,14.10.2024,,,13.86,99.0,Константин Андрющенко,Валентина Босс
589,SV3000-51D-10A-C12 SMC,SMC,1.0,185.0,13.86,99.0,0.21,"Order-4773, FESTO новый поставщик",,,,,,,,
590,K8-10-40 манометр,SMC,2.0,50.0,13.86,99.0,0.1,"Order-4773, FESTO",1. Принято в расчет,14.10.2024,,,13.86,99.0,Константин Андрющенко,Валентина Босс
591,AME450C-F04,SMC,1.0,888.0,13.86,99.0,1.3,"Order-4773, FESTO 1",1. Принято в расчет,14.10.2024,,,13.86,99.0,,
592,EAV4000-F04G-5YZ-Q SMC,SMC,1.0,885.0,13.86,99.0,0.74,"Order-4814, Заявки от 1 октября_2.",1. Принято в расчет,14.10.2024,,,13.86,99.0,Светлана Васильева,Василий Михайлов
593,SMC D-A93L,SMC,10.0,40.0,13.86,99.0,0.04,"Order-4814, Заявки от 1 октября_2.",1. Принято в расчет,14.10.2024,,,13.86,99.0,Светлана Васильева,Василий Михайлов
594,EAV4000-F04G-5YZ-Q SMC,SMC,1.0,800.0,13.86,99.0,0.74,"Order-4796, HITACHI",1. Принято в расчет,14.10.2024,,,13.86,99.0,Вероника Максимова,Валентина Босс
595,SV3000-51D-10A-C12 SMC,SMC,1.0,185.0,13.86,99.0,0.21,"Order-4803, Siemens",1. Принято в расчет,14.10.2024,,Пневмопроект,13.86,99.0,Светлана Васильева,Василий Михайлов
596,SV3000-51D-10A-C12 SMC,SMC,1.0,185.0,13.86,99.0,0.21,"Order-4787, Милена 08.10.2024 Schneider Electric",1. Принято в расчет,14.10.2024,,,13.86,99.0,Павел Бородуля,Валентина Босс
597,Фильтрующий элемент AFM30P-060AS SMC,SMC,8.0,55.0,13.86,99.0,0.018,"Order-4787, Милена 08.10.2024 Schneider Electric",1. Принято в расчет,14.10.2024,,,13.86,99.0,Павел Бородуля,Валентина Босс
598,Фильтрующий элемент AF30P-060S SMC ,SMC,4.0,10.0,13.91,99.0,0.004,"Order-4863, Siemens",1. Принято в расчет,15.10.2024,,,13.91,99.0,Вероника Максимова,Василий Михайлов
599,SY7120-5DZ-02F-Q SMC,SMC,1.0,294.0,13.91,99.0,0.15,"Order-4863, Siemens",1. Принято в расчет,15.10.2024,,,13.91,99.0,Вероника Максимова,Василий Михайлов
600,SY7120-5DZ-02F-Q SMC,SMC,1.0,320.0,13.91,99.0,0.15,"Order-4843, SMC",1. Принято в расчет,15.10.2024,,,13.91,99.0,Вероника Максимова,Валентина Босс
601,SY5120-5DZ-01F-Q SMC,SMC,1.0,273.0,16.6216300561838,99.0,0.09,"Order-4872, Счет от 15.10.2024",12. Документы выписаны,15.10.2024,,,13.91,99.0,Павел Бородуля,Мария Антропова
602,SY5120-5DZ-01F-Q SMC,SMC,1.0,285.0,13.91,99.0,0.09,"Order-4836, НФУН-002313 (Bosch Rexroth)",1. Принято в расчет,15.10.2024,,,13.91,99.0,Вероника Максимова,Валентина Босс
603,AR20-F02-B Регулятор давления,SMC,6.0,50.0,13.91,99.0,0.16,"Order-4819, CAT ремни",1. Принято в расчет,15.10.2024,,,13.91,99.0,Светлана Васильева,Василий Михайлов
604,ASP330F-01-06S SMC,SMC,1.0,173.0,13.98,100.0,0.03,"Order-4853, Татьяна 11.10.2024 5602",1. Принято в расчет,16.10.2024,,,13.98,100.0,Павел Бородуля,Василий Михайлов
605,ASP330F-01-06S SMC,SMC,1.0,105.0,13.98,100.0,0.03,"Order-4874, SMC 10.10",1. Принято в расчет,16.10.2024,,,13.98,100.0,Светлана Васильева,Валентина Босс
606,1348110A Гайка,SMC,6.0,15.0,13.98,100.0,0.01,"Order-4860, заказ 814 от 14.10 пневматика",1. Принято в расчет,16.10.2024,,,13.98,100.0,Константин Андрющенко,Мария Антропова
607,AME450C-F04,SMC,1.0,835.0,14.04,100.0,0.2,"Order-4856, SMC",1. Принято в расчет,16.10.2024,,,14.04,100.0,Константин Андрющенко,Мария Антропова
608,AR23P-270AS Монтажный уголок,SMC,6.0,10.0,13.98,100.0,0.05,"Order-4852, SMC трубка 1",,,,,,,,
609,"Усилитель давления, G1/2, 10 bar VBA40A-F04",SMC,1.0,2350.0,13.98,100.0,2.0,"Order-4833, 153 SMC",,,,,,,,
610,AF40P-060S Фильтрующий элемент AF/AW40,SMC,2.0,20.0,13.98,100.0,0.06,"Order-4823, SMC",,,,,,,,
611,AFF11C-F04D-T,SMC,3.0,675.0,13.98,100.0,1.4,"Order-4821, SMC",,,,,,,,
612,"ДАТЧИК ДАВЛЕНИЯ,SMC,G27-10-R1 / - / производитель: SMC",SMC,2.0,45.0,13.98,100.0,0.016,"Order-4816, SMC",,,,,,,,
613,AR20-F02-B Регулятор давления,SMC,6.0,50.0,13.98,100.0,0.16,"Order-4812, FESTO",,,,,,,,
614,AMH450C-F04D-T,SMC,3.0,1225.0,13.98,100.0,1.4,"Order-4866, Николай 15.10.2024 SMC",,,,,,,,
615,SMC AW20-F02-A,SMC,2.0,125.0,13.98,100.0,0.3,"Order-4881, Сергей 16.10.2024",,,,,,,,
616,Пневмоцилиндр D12-200 с направляющими (SMC) MGPM12-200Z,SMC,3.0,300.0,13.98,100.0,1.05,"Order-4880, SMC Festo",,,,,,,,
617,"IIZS40-BE Скоба, первый поставщик, от второго нет",SMC,12.0,102.0,13.98,100.0,0.06,"Order-4880, SMC Festo",,,,,,,,
618,Пневмоцилиндр SMC MGPL32TF-300Z,SMC,2.0,1800.0,14.0,100.0,0.5,"Order-4792, Илья 08.10.2024 SMC",1. Принято в расчет,17.10.2024,,,14.0,100.0,Павел Бородуля,Мария Антропова
619,SMC EVS7-6-FG-S-3CVO-Q,SMC,8.0,530.0,14.0,100.0,0.2,"Order-4792, Илья 08.10.2024 SMC",1. Принято в расчет,17.10.2024,,,14.0,100.0,Павел Бородуля,Мария Антропова
620,SMC EVG342-3D-10FA-Q,SMC,20.0,985.0,14.0,100.0,0.2,"Order-4768, SMC",1. Принято в расчет,17.10.2024,,,14.0,100.0,Константин Андрющенко,Мария Антропова
621,"Пневмоцилиндр (SMC) CP96SDB32-15C в количестве 1 шт., подтвердите артикул: CP96SDB32-25C",SMC,1.0,75.0,14.0,100.0,0.3,"Order-4893, Schneider Electric",1. Принято в расчет,18.10.2024,,,14.0,100.0,Вероника Максимова,Василий Михайлов
622,SMC CS1DN125-300K,SMC,10.0,1800.0,14.0,100.0,0.23,"Order-4884, Денис 16.10.2024",1. Принято в расчет,18.10.2024,,,14.0,100.0,Павел Бородуля,Валентина Босс
623,Электроклапан VP542-5YO1-03FA,SMC,24.0,253.0,13.86,99.0,0.25,"Order-4919, SMC",1. Принято в расчет,21.10.2024,,,13.86,99.0,Вероника Максимова,Валентина Босс
624,SMC EVS7-8-FHG-D-3CVO,SMC,11.0,1025.0,13.86,99.0,0.2,"Order-4901, 00УТ-000367 SMC 1 позиция.",1. Принято в расчет,21.10.2024,,,13.86,99.0,Павел Бородуля,Валентина Босс
625,SYA5440-02F SMC,SMC,1.0,341.0,13.87,99.0,0.12,"Order-4944, Расчет из КП 775 22.10.2024 1",1. Принято в расчет,22.10.2024,,,13.87,99.0,,
626,SYA5440-02F SMC,SMC,1.0,320.0,13.87,99.0,0.12,"Order-4944, Расчет из КП 775 22.10.2024 2",1. Принято в расчет,22.10.2024,,,13.87,99.0,,
627,ARX20-F02 Регулятор давления,SMC,6.0,60.0,14.02,100.0,0.11,"Order-4964, Заказ 823 от 24.10.2024 36995 2",1. Принято в расчет,29.10.2024,,,14.02,100.0,,
628,П/распр.SMC EVFS2120-5YB-02F-Q кол-во 15 шт,SMC,15.0,305.0,14.04,100.0,0.24,"Order-5005, SMC",1. Принято в расчет,05.11.2024,,,14.04,100.0,Павел Бородуля,Мария Антропова
629,"3/2-Пневмораспределитель SMC 24VDC,VQZ225-5MO1",SMC,240.0,182.0,14.05,101.0,0.05,"Order-5058, 00БП-037078 SMC",1. Принято в расчет,07.11.2024,,,14.05,101.0,Павел Бородуля,Валентина Босс
630,SMC EVT317-5DO-02F-Q,SMC,2.0,300.0,13.96,100.0,0.3,"Order-5099, KOMATSU",1. Принято в расчет,12.11.2024,,,13.96,100.0,Павел Бородуля,Валентина Босс
631,AR20-F02-B Регулятор давления,SMC,6.0,50.0,13.96,100.0,0.16,"Order-5105, Festo 11.11",1. Принято в расчет,12.11.2024,,Пневмопроект,13.96,100.0,Светлана Васильева,Мария Антропова
632,1348110A Гайка,SMC,6.0,15.0,13.96,100.0,0.01,"Order-5105, Festo 11.11",1. Принято в расчет,12.11.2024,,Пневмопроект,13.96,100.0,Светлана Васильева,Мария Антропова
633,AR20-F02-B Регулятор давления,SMC,6.0,50.0,13.96,100.0,0.16,"Order-5105, Festo 11.11",1. Принято в расчет,12.11.2024,,Пневмопроект,13.96,100.0,Светлана Васильева,Мария Антропова
634,SMC PA3210-F03,SMC,2.0,2025.0,14.08,102.0,2.22,"Order-5115, Авентикс/Атос",1. Принято в расчет,15.11.2024,,Пневмопроект,14.08,102.0,Светлана Васильева,Валентина Босс
635,SMC XSA3-43S-5DL2,SMC,6.0,1025.0,15.6437,110.0,0.699,"Order-5151, Siemens модуль Siguard PM-D F2",12. Документы выписаны,19.11.2024,09.01.2025,,15.6437,110.0,Светлана Васильева,Валентина Босс
636,SMC D-M9P,SMC,5.0,45.0,15.2321544554,102.0,0.006,"Order-5179, Далс, запрос 19.11",12. Документы выписаны,19.11.2024,05.02.2025,,15.2321544554,102.0,Павел Бородуля,Мария Антропова
637,SMC CP96SDB32-100C-M9B,SMC,1.0,550.0,14.64,106.0,0.736,"Order-5187, Далс, запрос 19.11(2)",1. Принято в расчет,21.11.2024,,,14.64,106.0,Павел Бородуля,Мария Антропова
638,SMC AFF22C-F10D,SMC,1.0,800.0,14.23,103.0,2.1,"Order-5186, Schneider",1. Принято в расчет,21.11.2024,,,14.23,103.0,Вероника Максимова,Валентина Босс
639,SMC CJ2B16-30Z ,SMC,6.0,53.76,14.23,103.0,0.2,"Order-5185, Schneider Electric",,,,,,,,
640,SMC CS95-50,SMC,50.0,70.0,14.3,103.0,0.3,"Order-5204, 160 SMC",1. Принято в расчет,22.11.2024,,,14.3,103.0,Светлана Васильева,Валентина Босс
641,"Клапан напуска газа, с индикацией XSA3-43S-5DL2",SMC,6.0,981.0,14.36,105.0,0.1,"Order-5201, SMC клапан напуска газа, с индикацией XSA3-43S-5DL2",1. Принято в расчет,25.11.2024,,,14.36,105.0,Светлана Васильева,Валентина Босс
642,SMC ZSE40A-01-T,SMC,5.0,255.0,14.36,105.0,0.2,"Order-5195, Далс, запрос 20.11",1. Принято в расчет,25.11.2024,,,14.36,105.0,Павел Бородуля,Мария Антропова
643,SMC ASP430F-F02-08S,SMC,4.0,110.0,14.26,102.0,0.1,"Order-5223, SMC (Срочная!)",1. Принято в расчет,26.11.2024,,,14.26,102.0,Вероника Максимова,Мария Антропова
644,CRA1BSU50-180Z Модуль пневматический поворотный SMC,SMC,1.0,1025.0,14.64,106.0,2.5,"Order-5206, SIEMENS",1. Принято в расчет,26.11.2024,,,14.64,106.0,Светлана Васильева,Мария Антропова
645,Регулятор EAR925-F20-X425,SMC,1.0,1880.0,14.64,106.0,4.5,"Order-5214, Далс, запрос 22.11",1. Принято в расчет,26.11.2024,,,14.64,106.0,Павел Бородуля,Мария Антропова
646,"Пневмораспределитель электр. упр.SY5100-5U1 SMC, новый номер: SY5100-5U1-NA",SMC,3.0,225.0,15.16,107.0,0.5,"Order-5238, Omron Панель NS8-TV00-V2",1. Принято в расчет,27.11.2024,,,15.16,107.0,Светлана Васильева,Валентина Босс
647,"Пневмораспределитель электр. упр.SY5A00-5U1 SMC, новый номер: SY5A00-5U1-NA",SMC,3.0,335.0,15.16,107.0,0.5,"Order-5265, Сергей 27.11.2024",1. Принято в расчет,27.11.2024,,,15.16,107.0,Павел Бородуля,Валентина Босс
648,Тройник быстроразъем KQ2T08-00 новый номер: KQ2T08-00A,SMC,5.0,10.0,15.58,110.0,0.01,"Order-5251, 00БП-037330",1. Принято в расчет,28.11.2024,,,15.58,110.0,Павел Бородуля,Мария Антропова
649,Компактный цилиндр CQ2B25-5D,SMC,2.0,75.0,15.58,110.0,0.096,"Order-5228, сборная 22.11",1. Принято в расчет,28.11.2024,,Пневмопроект,15.58,110.0,Светлана Васильева,Мария Антропова
650,Трубка полиуретановая TU1065B-20,SMC,1.0,240.0,13.9502891566265,102.0,0.07,"Order-5277, SMC ADM200-F035-8",12. Документы выписаны,02.12.2024,,Пневмопроект,14.48,102.0,Светлана Васильева,Валеева Мария
651,0,SMC,50.0,30.0,15.46,110.0,0.056,"Order-4666, заказ 804 от 27.09 1",1. Принято в расчет,02.12.2024,,,15.46,110.0,,
652,Угловое быстроразъемное соединение KQ2H04-01AS,SMC,260.0,3.0,14.14,102.0,0.006,"Order-5315, Festo 2.12",1. Принято в расчет,04.12.2024,,,14.14,102.0,Светлана Васильева,Мария Антропова
653,Угловое быстроразъемное соединение KQ2U04-00A,SMC,60.0,7.0,15.28,109.0,0.006,"Order-5318, SMC (Срочная)",1. Принято в расчет,04.12.2024,,,15.28,109.0,Вероника Максимова,Валентина Босс
654,Угловое быстроразъемное соединение KQ2L04-M5A,SMC,50.0,4.5,14.6437821989,102.0,0.004,"Order-5298, Festo 29.11.2024",12. Документы выписаны,04.12.2024,21.01.2025,,14.6437821989,102.0,Павел Бородуля,Мария Антропова
655,XT316-30B Пневматический вибратор SMC,SMC,4.0,1700.0,15.28,109.0,2.5,"Order-5295, SMC XT316-30B Пневматический вибратор",1. Принято в расчет,04.12.2024,,Пневмопроект,15.28,109.0,Светлана Васильева,Мария Антропова
656,"AFF8C-F04D-T Магистральный фильтр с индикатором, G 1/2, 1500 л/мин",SMC,1.0,565.0,13.01,93.0,1.0,"Order-5336, SMC 3.12",1. Принято в расчет,04.12.2024,,Пневмопроект,13.01,93.0,Светлана Васильева,Валентина Босс
657,Пневмоцилиндр CD85N25-20-B диаметр поршня 25мм длина хода 20мм SMC,SMC,2.0,145.0,15.28,109.0,0.25,"Order-5333, Eaton. Schneider",1. Принято в расчет,04.12.2024,,,15.28,109.0,Светлана Васильева,Валентина Босс
658,VNA411A-F25A-5DZB Клапан электромагнитный SMS,SMC,1.0,550.0,15.28,109.0,1.1,"Order-5316, SMC 2.12",1. Принято в расчет,04.12.2024,,,15.28,109.0,Светлана Васильева,Мария Антропова
659,SMC CJ2B16-30Z,SMC,6.0,48.0,14.67,107.0,0.08,"Order-5199, Сименс, Мицубиши, Омрон, Шнайдер_2",1. Принято в расчет,05.12.2024,,,14.67,106.0,,
660,Ремкомплект SMC CS95-50,SMC,50.0,70.0,14.94,107.0,0.3,"Order-5347, FESTO",1. Принято в расчет,05.12.2024,,,14.94,107.0,Вероника Максимова,Валентина Босс
661,"SY7100-5UF1, новый номер SY7100-5UF1-NA",SMC,2.0,365.0,14.94,107.0,0.15,"Order-5350, Norgren Festo 24-2474",1. Принято в расчет,06.12.2024,,,14.94,107.0,Светлана Васильева,Валентина Босс
662,SMC SY5120-5YO-C6F-Q,SMC,4.0,300.0,14.85,106.0,0.13,"Order-5375, FESTO (Срочная!)",1. Принято в расчет,06.12.2024,,,14.85,106.0,Вероника Максимова,Валентина Босс
663,"SY5200-5UF1, новый номер SY5200-5UF1-NA",SMC,2.0,475.0,14.28,102.0,0.2,"Order-5320, Дарья 03.12.2024",1. Принято в расчет,09.12.2024,,,14.28,102.0,Павел Бородуля,Мария Антропова
664,SMC SMC-AR40-F04-B,SMC,6.0,125.0,14.28,102.0,0.6,"Order-5320, Дарья 03.12.2024",1. Принято в расчет,09.12.2024,,,14.28,102.0,Павел Бородуля,Мария Антропова
665,Преобразователь электропневматический ITV2050-31F2N SMC,SMC,4.0,1285.0,14.2,102.0,0.9,"Order-5359, SMC",1. Принято в расчет,10.12.2024,,,14.2,102.0,Вероника Максимова,Валентина Босс
666,Распределитель пневматический VF5120-5YOD1-03F SMC,SMC,20.0,325.0,14.54,106.0,2.0,"Order-5425, FESTO",1. Принято в расчет,12.12.2024,,,14.54,106.0,Павел Бородуля,Валентина Босс
667,AR20-F02-B,SMC,6.0,50.0,14.54,106.0,0.2,"Order-5428, Telemecanique, Festo",,,,,,,,
668,AR23P-270AS,SMC,6.0,10.0,14.54,106.0,0.08,"Order-5428, Telemecanique, Festo",,,,,,,,
669,Пневмоцилиндр CP96SDB100-150C-XC4,SMC,1.0,765.0,14.54,106.0,8.0,"Order-5428, Telemecanique, Festo.",1. Принято в расчет,12.12.2024,,,14.54,106.0,Светлана Васильева,Валентина Босс
670,Соединение резьбовое угл. KSL06-01S стандарт.,SMC,20.0,30.0,14.54,106.0,0.15,"Order-5428, Telemecanique, Festo.",1. Принято в расчет,12.12.2024,,,14.54,106.0,Светлана Васильева,Валентина Босс
671,"Модуль интерфейсный EX250-SPR1, не производится, замен нет",SMC,1.0,,14.7,106.0,,"Order-5434, Запрос №15 от 10.12.2024",1. Принято в расчет,16.12.2024,,,14.7,106.0,Павел Бородуля,Мария Антропова
672,Соединение резьбовое угл. KSL08-01S стандарт.,SMC,20.0,35.0,14.55,105.0,0.15,"Order-5444, Omron. Festo",1. Принято в расчет,17.12.2024,,,14.55,105.0,Светлана Васильева,Мария Антропова
673,Пневмоцилиндр CD85N25-80C-B,SMC,20.0,175.0,14.66,105.0,0.9,"Order-5475, EPIROC",1. Принято в расчет,18.12.2024,,,14.66,105.0,Светлана Васильева,Валентина Босс
674,Глушитель AN40-04,SMC,1.0,15.0,14.66,105.0,0.02,"Order-5456, Сергей 12.12 Датчик",1. Принято в расчет,18.12.2024,,,14.66,105.0,Павел Бородуля,Валентина Босс
675,1348110A,SMC,6.0,12.0,14.66,105.0,0.03,"Order-5442, Карина Чупрунова 11.12.2024 китайское качество и оригинал",1. Принято в расчет,18.12.2024,,,14.66,105.0,,
676,IZS40-BE,SMC,12.0,70.0,14.66,105.0,0.1,"Order-5442, Карина Чупрунова 11.12.2024 китайское качество и оригинал",1. Принято в расчет,18.12.2024,,,14.66,105.0,,
677,Компактный пневмоцилиндр CQ2B25-5D,SMC,1.0,65.0,14.75054375,102.0,0.3,"Order-5505, Пневмоцилиндр SMC CQ2B32TF-10DZ-X202 ( шток М6)",12. Документы выписаны,18.12.2024,26.12.2024,,14.14,102.0,Светлана Васильева,Валеева Мария
678,Обратный клапан AKH08-00,SMC,1.0,45.0,14.66,105.0,0.03,"Order-5502, Иван 17.12",1. Принято в расчет,18.12.2024,,,14.66,105.0,Павел Бородуля,Мария Антропова
679,Соединение резьбовое угл. KSL08-02S стандарт.,SMC,20.0,35.0,14.66,105.0,0.15,"Order-5500, SMC",1. Принято в расчет,18.12.2024,,,14.66,105.0,Вероника Максимова,Мария Антропова
680,Цилиндр CD85N25-50C-B,SMC,6.0,175.0,14.66,105.0,0.3,"Order-5498, Siemens 6SL3054-0EH00-1BAO",1. Принято в расчет,18.12.2024,,Пневмопроект,14.66,105.0,Светлана Васильева,Мария Антропова
681,Соединение прямое быстроразъемное KQ2H04-01AS,SMC,15.0,3.0,14.78,105.0,0.01,"Order-5440, Далс, запрос 11.12",1. Принято в расчет,19.12.2024,,,14.78,105.0,Павел Бородуля,Мария Антропова
682,Соединение прямое быстроразъемное KQ2H16-04AS,SMC,15.0,13.0,14.78,105.0,0.07,"Order-5467, Катерина 13.12.2024 оригинал",1. Принято в расчет,19.12.2024,,,14.78,105.0,,
683,Соединение прямое быстроразъемное KQ2H06-01AS,SMC,15.0,3.5,14.78,105.0,0.01,"Order-5446, 11.12 № 1881-1921",1. Принято в расчет,19.12.2024,,,14.78,105.0,Светлана Васильева,Валентина Босс
684,Усилитель давления VBA40A-F04,SMC,1.0,2700.0,15.433297491,106.0,9.0,"Order-5523, Order-5213 (Повтор заявки!)",12. Документы выписаны,20.12.2024,06.02.2025,,15.433297491,106.0,Вероника Максимова,Мария Антропова
685,"SMC Пневмоцилиндр CP96SDB32-25-XBB01, предлагаемый вариант артикула: CP96SDB32-25C",SMC,2.0,80.0,14.9,106.0,1.5,"Order-5534, SMC Пневмоцилиндр CP96SDB32-25-XBB01",1. Принято в расчет,20.12.2024,,,14.9,106.0,Светлана Васильева,Валентина Босс
686,Соединение прямое быстроразъемное KQ2H06-08A,SMC,15.0,6.0,14.9,106.0,0.01,"Order-5521, Далс, запрос 13.12",1. Принято в расчет,20.12.2024,,,14.9,106.0,Павел Бородуля,Мария Антропова
687,Соединение прямое быстроразъемное KQ2H08-02AS,SMC,15.0,4.5,14.5,104.0,0.03,"Order-5566, FESTO (Срочная!)",1. Принято в расчет,24.12.2024,,,14.5,104.0,Вероника Максимова,Валентина Босс
688,Соединение прямое быстроразъемное KQ2H08-03AS,SMC,15.0,5.0,14.34,102.0,0.04,"Order-5543, 20.12 № 2241, 2351 BANNER / SMC, Срочно!",1. Принято в расчет,24.12.2024,,,14.34,102.0,Светлана Васильева,Валентина Босс
689,"SY3A00-5UF1, новый номер SY3A00-5UF1-NA",SMC,2.0,320.0,14.34,102.0,0.1,"Order-5525, Эдуард 19.12",1. Принято в расчет,25.12.2024,,,14.34,102.0,Павел Бородуля,Мария Антропова
690,Соединение прямое быстроразъемное KQ2H08-10A,SMC,15.0,7.0,14.29,102.0,0.01,"Order-5573, Schneider (Срочная!)",1. Принято в расчет,26.12.2024,,,14.29,102.0,Вероника Максимова,Мария Антропова
691,Соединение прямое быстроразъемное KQ2H10-02AS,SMC,15.0,5.5,14.31,99.0,0.04,"Order-5588, Festo DGP-25-1450-PPV-A-B Линейный привод 175134",1. Принято в расчет,26.12.2024,,Пневмопроект,14.31,99.0,Светлана Васильева,Мария Антропова
692,VP542-5YO1-03FA-X545 SMC,SMC,2.0,3625.0,14.38,105.0,0.35,"Order-5620, Bosch",1. Принято в расчет,10.01.2025,,,14.38,105.0,Вероника Максимова,Валентина Босс
693,CQ2B20-5D SMC,SMC,2.0,55.0,14.38,105.0,0.1,"Order-5617, Коллектор Festo VABM-L1-14S-G14-2",1. Принято в расчет,10.01.2025,,,14.38,105.0,Светлана Васильева,Валентина Босс
694,Соединение прямое быстроразъемное KQ2H10-04AS,SMC,15.0,6.5,14.38,104.0,0.08,"Order-5615, Festo. SMC 10.01",1. Принято в расчет,13.01.2025,,,14.38,104.0,Светлана Васильева,Мария Антропова
695,Соединение прямое быстроразъемное KQ2H12-03AS,SMC,15.0,6.5,14.38,104.0,0.05,"Order-5615, Festo. SMC 10.01",1. Принято в расчет,13.01.2025,,,14.38,104.0,Светлана Васильева,Мария Антропова
696,Соединение прямое быстроразъемное KQ2H10-12A,SMC,15.0,8.0,14.17,101.0,0.02,"Order-5602, SEW EURODRIVE Мотор-редуктор: WA20DR63L4,0.25kW,1300/79RPM",,,,,,,,
697,Соединение прямое быстроразъемное KQ2H12-04AS,SMC,15.0,8.0,14.17,101.0,0.05,"Order-5602, SEW EURODRIVE Мотор-редуктор: WA20DR63L4,0.25kW,1300/79RPM",,,,,,,,
698,Соединение прямое быстроразъемное KQ2H12-02AS,SMC,15.0,6.5,14.38,104.0,0.04,"Order-5601, 00УТ-000663 FESTO",1. Принято в расчет,13.01.2025,,,14.38,104.0,Павел Бородуля,Валентина Босс
699,AR20-F02-B SMC,SMC,6.0,50.0,14.38,104.0,0.16,"Order-5587, Валерия 26.12",1. Принято в расчет,13.01.2025,,,14.38,104.0,Павел Бородуля,Мария Антропова
700,AR20-F02-B SMC,SMC,6.0,50.0,14.38,104.0,0.16,"Order-5623, SIEMENS НФУН-000001",1. Принято в расчет,13.01.2025,,,14.38,104.0,Вероника Максимова,Валентина Босс
701,1348110A SMC,SMC,6.0,15.0,14.5,105.0,0.01,"Order-5630, ABB / Siemens / Fortress / Endress Hauser",1. Принято в расчет,13.01.2025,,,14.5,105.0,Светлана Васильева,Валентина Босс
702,AFM30P-060AS SMC,SMC,8.0,55.0,14.5,105.0,0.02,"Order-5630, ABB / Siemens / Fortress / Endress Hauser",1. Принято в расчет,13.01.2025,,,14.5,105.0,Светлана Васильева,Валентина Босс
703,AF30P-060S SMC,SMC,4.0,10.0,14.38,104.0,,"Order-5618, Komatsu (аналоги)",,,,,,,,
704,Клапан VND400D-F25A-L,SMC,3.0,650.0,14.65,106.0,2.0,"Order-5621, SIEMENS",1. Принято в расчет,15.01.2025,,,14.65,106.0,Вероника Максимова,Валентина Босс
705,AFF8C-F04D-T Магистральный фильтр,SMC,1.0,565.0,14.62,105.0,1.1,"Order-5664, SMC, AFF8C-F04D-T",1. Принято в расчет,16.01.2025,,Пневмопроект,14.62,105.0,Светлана Васильева,Валентина Босс
706,Гайка для панельного монтажа AR42P-260S,SMC,100.0,5.0,14.62,105.0,0.01,"Order-5647, Запрос №20 от 14.01.2025",1. Принято в расчет,16.01.2025,,,14.62,105.0,Павел Бородуля,Валентина Босс
707,Фильтр элемент AF40P-060S,SMC,1.0,20.0,14.61,105.0,0.01,"Order-5692, Festo, DGC-40-400-GF-PPV-A Привод 532449",1. Принято в расчет,17.01.2025,,Пневмопроект,14.61,105.0,Светлана Васильева,Валентина Босс
708,Фильтр элемент AF40P-060S-7-40B,SMC,1.0,30.0,14.52,104.0,0.01,"Order-5686, SMW AUTOBLOK, MAYR, Burket, Pilz, Pepperl+Fuchs, Rexroth, Siemens",1. Принято в расчет,17.01.2025,,,14.52,104.0,Светлана Васильева,Валентина Босс
709,"ГЛУШИТЕЛЬ AN10-01-XRT01, не найдено",SMC,5.0,,14.61,105.0,,"Order-5684, Festo, Ремкомплект Festo DNG-63-PPV-A-AB-6/87 108703",1. Принято в расчет,17.01.2025,,Пневмопроект,14.61,105.0,Светлана Васильева,Валентина Босс
710,D-A93L SMC,SMC,20.0,40.0,14.52,104.0,0.1,"Order-5681, Запрос 16.01",1. Принято в расчет,20.01.2025,,,14.52,104.0,Павел Бородуля,Валентина Босс
711,Пневмоцилиндр CP96SDB40-80C,SMC,1.0,245.0,14.63,105.0,1.1,"Order-5668, Датчик XS612B1MAL5 SCHNEIDER ELECTRIC",1. Принято в расчет,20.01.2025,,,14.63,105.0,Светлана Васильева,-
712,ARX20-F02,SMC,6.0,60.0,14.52,104.0,0.2,"Order-5723, 37767",1. Принято в расчет,21.01.2025,,,14.52,104.0,Павел Бородуля,Валентина Босс
713,Пневмораспределитель VZ110-5MOZ-M5 SMC,SMC,3.0,115.0,14.18,102.0,0.15,"Order-5739, 166 SMC",1. Принято в расчет,23.01.2025,,,14.18,102.0,Светлана Васильева,Мария Антропова
714,Маслораспылитель AL40-F04-A SMC,SMC,4.0,77.0,14.18,102.0,0.5,"Order-5739, 166 SMC",1. Принято в расчет,23.01.2025,,,14.18,102.0,Светлана Васильева,Мария Антропова
715,SV2100-5FU,SMC,4.0,260.0,14.22,100.0,0.15,"Order-5759, Festo DFM-32-200-B-PPV-A-GF 604969 Цилиндр с направляющей",1. Принято в расчет,23.01.2025,,Пневмопроект,14.22,100.0,Светлана Васильева,Мария Антропова
716,D-G5BAZ,SMC,1.0,200.0,14.0004444444444,101.0,0.25,"Order-5755, Parker",12. Документы выписаны,23.01.2025,29.01.2025,,14.39,101.0,Вероника Максимова,Мария Антропова
717,AR42P-270AS,SMC,3.0,15.0,14.3,101.0,0.55,"Order-5747, Festo и SMC 22.01.25",1. Принято в расчет,23.01.2025,,,14.3,101.0,Светлана Васильева,Мария Антропова
718,AR42P-260S,SMC,3.0,15.0,14.3,101.0,0.5,"Order-5747, Festo и SMC 22.01.25",1. Принято в расчет,23.01.2025,,,14.3,101.0,Светлана Васильева,Мария Антропова
719,G46-10-01,SMC,3.0,45.0,14.3,101.0,0.65,"Order-5747, Festo и SMC 22.01.25",1. Принято в расчет,23.01.2025,,,14.3,101.0,Светлана Васильева,Мария Антропова
720,AW40-F04D-А G1/2,SMC,3.0,200.0,14.3,101.0,0.9,"Order-5747, Festo и SMC 22.01.25",1. Принято в расчет,23.01.2025,,,14.3,101.0,Светлана Васильева,Мария Антропова
721,AW40-F04D-А G1/2,SMC,3.0,200.0,14.53,103.0,0.9,"Order-5746, Сергей 22.01.2025",1. Принято в расчет,24.01.2025,,,14.53,103.0,Павел Бородуля,Мария Антропова
722,Клапан VBA43A-F04,SMC,1.0,3043.0,14.53,103.0,8.8,"Order-5744, Festo 22.01",1. Принято в расчет,24.01.2025,,Пневмопроект,14.53,103.0,Светлана Васильева,Мария Антропова
723,ZPT40BNJ10-B01-A14 Присоска вакуумная SMC,SMC,8.0,160.0,14.53,103.0,0.7,"Order-5726, SMC / Vi-Cas",1. Принято в расчет,24.01.2025,,Пневмопроект,14.53,103.0,Светлана Васильева,Валентина Босс
724,SYJ5140-5LO,SMC,43.0,193.0,14.53,103.0,0.6,"Order-5761, SMC",1. Принято в расчет,24.01.2025,,,14.53,103.0,Вероника Максимова,Валентина Босс
725,Фильтр AFF22C-F10D-T SMC,SMC,6.0,800.25,14.45,101.0,2.3,"Order-5786, AB190R5-92-00 220VAC 50Hz",,,,,,,,
726,Фильтр AME-EL450,SMC,4.0,245.0,14.08,100.0,0.3,"Order-5756, Источник питания QS10.301 Puls",1. Принято в расчет,28.01.2025,,,14.08,100.0,Вероника Максимова,Валентина Босс
727,Дроссель ASN2-02-S,SMC,10.0,35.0,13.779555,100.0,0.8,"Order-5801, Сергей 28.01.2025. Счет на B&R X20CM2821",12. Документы выписаны,28.01.2025,10.02.2025,,14.3,100.0,Павел Бородуля,Мария Антропова
728,Фильтр AMH-EL450,SMC,4.0,485.0,14.32,100.0,0.6,"Order-5051, BOMAG, Запрос предложений № 3818516",1. Принято в расчет,30.01.2025,,,14.32,100.0,Светлана Васильева,Валентина Босс
729,KQ2L12-04AS Угловое быстроразъемное соединение KQ2L12-04AS,SMC,180.0,9.7,14.3,100.0,0.12,"Order-5792, Festo 27.01",1. Принято в расчет,31.01.2025,,,14.3,100.0,Светлана Васильева,Мария Антропова
730,"ASN2-04-S Дроссель/пневмоглушитель, R1/2"" ASN2-04-S",SMC,36.0,33.95,14.19,100.0,0.2,"Order-5825, Festo Распределитель V-3-1/4-B",1. Принято в расчет,03.02.2025,,,14.19,100.0,Светлана Васильева,Валентина Босс
731,SMC MGPM20TF-50Z Пневмоцилиндр,SMC,3.0,450.0,13.2,95.0,1.0,"Order-5821, SMC, FESTO, Norgren Excelon, СРОЧНЫЙ ЗАПРОС!",1. Принято в расчет,03.02.2025,,Пневмопроект,13.2,95.0,Светлана Васильева,Валентина Босс
732,KQB2H12-04S Прямое резьбовое соединение KQB2H12-04S,SMC,180.0,17.46,14.18,102.0,0.12,"Order-5834, SEW-EURODRIVE Мотор-редуктор 46.46122217.01.0001.07 WAF20 DR63L4/TF",1. Принято в расчет,03.02.2025,,,14.18,102.0,Светлана Васильева,Мария Антропова
733,KQ2H16-04AS Прямое быстроразъемное соединение KQ2H16-04AS,SMC,3.0,12.61,11.38,82.0,0.22,"Order-5828, ABB Модуль D674A905U01",1. Принято в расчет,03.02.2025,,,14.19,100.0,Светлана Васильева,Мария Антропова
734,KQ2L12-00A Угловое быстроразъемное соединение KQ2L12-00A,SMC,30.0,9.7,14.19,100.0,0.03,"Order-5791, Бесконтактный выключатель блокировки (Предохранительные запирающие выключатели c магнитной кодировкой) Датчики Sipha Allen-Bradley 440N-Z2NRS1B MC1 440N Series VDE 0660-209",,,,,,,,
735,AM-BM105 Крепежный угольник AM-BM105,SMC,3.0,43.65,14.17,100.0,0.22,"Order-5771, Запрос WAGO",1. Принято в расчет,03.02.2025,,,14.17,100.0,Павел Бородуля,Мария Антропова
736,KQ2T12-00A Быстроразъемный тройник KQ2T12-00A,SMC,30.0,11.64,14.35,103.0,0.04,"Order-5822, Schneider Electric 2 поз оригинал",1. Принято в расчет,04.02.2025,,,14.35,103.0,,
737,SMC CS1DN125-300K,SMC,10.0,1800.0,14.35,103.0,1.5,"Order-5799, Заявка сборная 28.01",1. Принято в расчет,04.02.2025,,,14.35,103.0,Светлана Васильева,Валентина Босс
738,SMC KQ2H12-04AS,SMC,10.0,8.0,14.35,103.0,0.08,"Order-5799, Заявка сборная 28.01",1. Принято в расчет,04.02.2025,,,14.35,103.0,Светлана Васильева,Валентина Босс
739,SMC AF40P-060S,SMC,30.0,20.0,14.23,102.0,0.01,"Order-5852, SMC от 31.01",1. Принято в расчет,05.02.2025,,Пневмопроект,14.23,102.0,Светлана Васильева,Валентина Босс
740,Манометр D43мм; 0...1МПа; G43-10-01,SMC,10.0,50.0,13.93,99.0,0.15,"Order-5145, Валерия 15.11.2024 2-3 месяца original new",1. Принято в расчет,06.02.2025,,,13.93,99.0,,
741,SMC Фильтр магистральный AFF22C-F10D-T,SMC,1.0,850.0,13.93,99.0,2.3,"Order-5145, Валерия 15.11.2024 original 7-10 дней",1. Принято в расчет,06.02.2025,,,13.93,99.0,,
742,SMC CS1DN125-300K,SMC,10.0,1800.0,13.7651386554621,102.0,1.5,"Order-5818, SMT-C1-PS-24V-K-0,3-M12 Датчик положения",12. Документы выписаны,06.02.2025,11.02.2025,,14.18,102.0,Светлана Васильева,Валеева Мария
743,СОЕДИНЕНИЕ УГЛОВОЕ KQG2L06-01S СОЕДИНЕНИЕ УГЛОВОЕ KQG2L06-01S,SMC,20.0,56.26,14.18,102.0,0.03,"Order-5805, Владимир 28.01.2025",1. Принято в расчет,06.02.2025,,,14.18,102.0,Павел Бородуля,Валентина Босс
744,SMC MGPM20TF-50Z,SMC,3.0,525.0,13.98,102.0,1.1,"Order-5898, SMC, Festo 6.02",1. Принято в расчет,06.02.2025,,Пневмопроект,13.98,102.0,Светлана Васильева,Валентина Босс
745,SMC KQ2H12-04AS,SMC,10.0,8.0,14.18,102.0,0.08,"Order-5897, Распределитель MHA3-MS1H-3/2G-3, FESTO",1. Принято в расчет,06.02.2025,,,14.18,102.0,Светлана Васильева,Валентина Босс
746,SMC AS2201F-02-06SA,SMC,1.0,25.0,14.18,102.0,0.04,"Order-5896, FESTO WIFC2-16X26X10 Грязесъемное уплотнение пневматического цилиндра",1. Принято в расчет,06.02.2025,,,14.18,102.0,Светлана Васильева,Валентина Босс
747,Клапан SMC VND400D-F25A,SMC,4.0,600.0,14.18,102.0,0.2,"Order-5895, Festo VUVG-L14-P53C-T-G18-1P3 566501",1. Принято в расчет,06.02.2025,,,14.18,102.0,Светлана Васильева,Валентина Босс
748,SMC AF40P-060S,SMC,30.0,20.0,13.96,101.0,0.01,"Order-5842, SICK, OMRON",1. Принято в расчет,06.02.2025,,,13.96,101.0,Светлана Васильева,Мария Антропова
749,"Модуль для снятия статики, Ionizer SMC IZS31-300-G",SMC,1.0,4325.0,13.98,101.0,0.6,"Order-5879, EATON",1. Принято в расчет,06.02.2025,,Пневмопроект,13.98,101.0,Светлана Васильева,Валентина Босс
750,Пневмоцилиндр SMC C85N25-50,SMC,1.0,145.0,13.96,101.0,0.4,"Order-5873, Светлана 05.02.2025",1. Принято в расчет,06.02.2025,,,13.96,101.0,Павел Бородуля,Мария Антропова
751,СОЕДИНЕНИЕ УГЛОВОЕ Ф6 НЕРЖ ЦАНГА Марка: KQG2L06-00,SMC,20.0,58.2,13.96,101.0,0.03,"Order-5873, Светлана 05.02.2025",1. Принято в расчет,06.02.2025,,,13.96,101.0,Павел Бородуля,Мария Антропова
752,ПЕРЕХОДНИК ПРЯМОЙ Ф12-16ММ НЕРЖ ЦАНГА Марка: KQG2R12-16,SMC,20.0,126.1,13.96,101.0,0.06,"Order-5857, запрос 1 03.02.25",1. Принято в расчет,06.02.2025,,,13.96,101.0,Светлана Васильева,Мария Антропова
753,Маслораспылитель SMC AL40-F04-A,SMC,1.0,100.0,13.96,101.0,0.08,"Order-5907, Инструмент режущий твердосплавный (вольфрамовый).",,,,,,,,
754,Пневмораспределитель SMC SY5120-5DZD-01F-Q DC24V,SMC,1.0,225.0,13.96,101.0,0.2,"Order-5889, BONFIGLIOLI НФУН-000183 аналог",1. Принято в расчет,07.02.2025,,,13.96,101.0,,
755,CDQMA32-40 Пневмоцилиндр,SMC,6.0,180.0,13.96,101.0,0.5,"Order-5776, 341N01 Клапан электромагнитный с катушкой 2341NAKBJNM1 220V Parker",1. Принято в расчет,07.02.2025,,Пневмопроект,13.96,101.0,Светлана Васильева,Мария Антропова
756,VT317-5DO-02F,SMC,1.0,250.0,13.96,101.0,0.4,"Order-5775, SIEMENS 6ES7322-1BL00-0AA0",1. Принято в расчет,07.02.2025,,Пневмопроект,13.96,101.0,Светлана Васильева,Мария Антропова
757,СОЕДИНЕНИЕ ПРЯМОЕ KQG2H06-01S СОЕДИНЕНИЕ ПРЯМОЕ KQG2H06-01S,SMC,20.0,33.95,14.17,101.0,0.02,"Order-5861, Князьков, 75FKM181327 Манжеты губки кольц. 63х53х7 219241",1. Принято в расчет,10.02.2025,,Пневмопроект,14.17,101.0,Светлана Васильева,Мария Антропова
758,Пневмоглушитель SMC AN30-C12,SMC,3.0,25.0,14.17,101.0,0.01,"Order-5905, SMC AFF-EL37B Фильтрующий элемент для AFF37B",1. Принято в расчет,10.02.2025,,Пневмопроект,14.17,101.0,Светлана Васильева,Валентина Босс
759,SMC Дроссель AS1201F-M5-06A,SMC,5.0,20.0,14.17,100.0,0.03,"Order-5881, SIEMENS НФУН-000153",1. Принято в расчет,11.02.2025,,,14.17,100.0,Вероника Максимова,Мария Антропова
760,SMC Соединение KQB2H12-04S,SMC,180.0,18.0,14.17,100.0,0.15,"Order-5835, SMC 31.01.2025",1. Принято в расчет,11.02.2025,,,14.17,100.0,Павел Бородуля,Мария Антропова
761,SMC Соединение KQ2L12-04AS,SMC,180.0,10.0,12.8170371794871,93.0,0.1,"Order-5781, Waycon, Mini Motor, Lincoln Electric, 1 метр",12. Документы выписаны,11.02.2025,27.02.2025,,12.9,93.0,Светлана Васильева,Фирулева Елена
762,SMC Параллельный захват MRHQ25D-90S-M9PV-M9P,SMC,1.0,2500.0,13.2,95.0,1.9,"Order-5781, Waycon, Mini Motor, Lincoln Electric, 10 метров",1. Принято в расчет,11.02.2025,,,13.2,95.0,,
763,SMC Манометр D43мм; 0...1МПа; G43-10-01,SMC,10.0,50.0,13.93,100.0,0.15,"Order-5945, Parker НФУН-000299",1. Принято в расчет,11.02.2025,,,13.93,100.0,Вероника Максимова,Валентина Босс
764,"SMC Соединение KQ2H16-04S прекращено производство, новый номер: KQ2H16-04AS",SMC,3.0,13.0,13.94,99.0,0.08,"Order-5971, пневматика SMC",1. Принято в расчет,12.02.2025,,,13.94,99.0,Павел Бородуля,Валентина Босс
765,SMC Дроссель (пневмоглушитель) ASN2-04-S,SMC,36.0,35.0,13.94,99.0,0.2,"Order-5963, SMC 11.02",1. Принято в расчет,12.02.2025,,Пневмопроект,13.94,99.0,Светлана Васильева,Валентина Босс
766,SMC Пневмораспределитель EVEX3320-04F,SMC,2.0,565.0,13.2,95.0,0.8,"Order-5941, Менеджер горения Дунгс",1. Принято в расчет,12.02.2025,,,13.2,95.0,Павел Бородуля,Валентина Босс
767,"SMC Соединение KQ2T12-00, новый артикул: KQ2T12-00A",SMC,30.0,12.0,13.66,98.0,0.03,"Order-5977, Festo LSP-1/4-D (Код 35528)",1. Принято в расчет,13.02.2025,,,13.66,98.0,Светлана Васильева,Валентина Босс
768,Регулятор давления SMC AR20-F01H-A,SMC,1.0,85.0,13.66,98.0,0.35,"Order-5969, Festo Параллельный захват HGPL-14-60-A-B",,,,,,,,
769,SMC Крепежный угольник AM-BM105,SMC,3.0,45.0,13.66,98.0,1.2,"Order-5953, SIEMENS, TURCK, Camozzi, SCHNEIDER, PEPPERL-FUCHS, ENGEL , ISLIKER , LENZE, AMK, EWHOF",1. Принято в расчет,13.02.2025,,,13.66,98.0,Светлана Васильева,Мария Антропова
770,"SMC Соединение KQ2L12-00, новый артику: KQ2L12-00A",SMC,30.0,10.0,13.66,98.0,0.03,"Order-5998, Omron",1. Принято в расчет,13.02.2025,,,13.66,98.0,Светлана Васильева,Мария Антропова
771,"Реле давления SMC IS10M-30-6L, снят с производства, замен нет",SMC,2.0,,13.66,98.0,,"Order-5992, цилиндр с направляющими (SMC)",1. Принято в расчет,13.02.2025,,,13.66,98.0,Павел Бородуля,Мария Антропова
772,Пневмораспределитель SMC SY5A00-5UD1-NA,SMC,3.0,320.0,13.2,95.0,0.2,"Order-5980, SMC 12.02",1. Принято в расчет,14.02.2025,,Пневмопроект,13.2,95.0,Светлана Васильева,Валентина Босс
773,Глушитель ANA1-04,SMC,5.0,35.0,12.914408152906,95.0,0.08,"Order-6016, FESTO и SMC (Срочная!)",12. Документы выписаны,14.02.2025,17.02.2025,,13.36,95.0,Вероника Максимова,Валеева Мария
774,TS1209B-20 SMC 40 метров,SMC,40.0,185.0,13.29,95.0,0.1,"Order-5984, CRB1BW50-270S-XF Привод SMC",1. Принято в расчет,14.02.2025,,Пневмопроект,13.29,95.0,Светлана Васильева,Валентина Босс
775,Пневмораспределитель SMC SY5100-5UD1-NA,SMC,3.0,205.0,13.29,95.0,0.15,"Order-5984, CRB1BW50-270S-XF Привод SMC",1. Принято в расчет,14.02.2025,,Пневмопроект,13.29,95.0,Светлана Васильева,Валентина Босс
776,Пневмораспределитель SMC SY5100-5UF1-NA,SMC,3.0,220.0,13.2,95.0,0.15,"Order-6007, AR40-F04B-B-X430 SMC",1. Принято в расчет,14.02.2025,,Пневмопроект,13.2,95.0,Светлана Васильева,Мария Антропова
777,Пневмораспределитель SY7120-5YO-02F-Q 5/2 Бренд SMC,SMC,15.0,215.0,13.2,95.0,0.115,"Order-6012, соединитель оптический fibrlok ii 2529 3м, Срочно!",1. Принято в расчет,14.02.2025,,,13.2,95.0,Светлана Васильева,Мария Антропова
778,D-G5BAZ,SMC,1.0,200.0,13.1,93.0,0.25,"Order-6047, SH 100/30100/0/1/04/00/00/10/00 ELAU",1. Принято в расчет,17.02.2025,,,13.1,93.0,Светлана Васильева,Валентина Босс
779,SV2100-5FU Распределитель,SMC,4.0,260.0,13.24,94.0,0.15,"Order-6055, Festo VSVA-B-B52-ZD-A1-1T1L",1. Принято в расчет,17.02.2025,,,13.24,94.0,Светлана Васильева,Валентина Босс
780,Пневмораспределитель SMC SY7120-5YO-02F-Q 5/2,SMC,15.0,170.0,13.24,94.0,0.15,"Order-6049, SMC MSQB30R",1. Принято в расчет,17.02.2025,,,13.24,94.0,Светлана Васильева,Валентина Босс
781,D-G5BAZ,SMC,1.0,200.0,13.24,94.0,0.25,"Order-6044, Festo 17.02",1. Принято в расчет,17.02.2025,,,13.24,94.0,Светлана Васильева,Валентина Босс
782,SV2100-5FU Распределитель,SMC,4.0,260.0,12.96,93.0,0.15,"Order-6041, Sprecher+Schuh",1. Принято в расчет,17.02.2025,,,12.96,93.0,Вероника Максимова,Валентина Босс
783,Цилиндр RZQA32TF-20-15,SMC,20.0,455.0,12.4693443443443,94.0,1.5,"Order-6038, SMC",12. Документы выписаны,17.02.2025,17.03.2025,,13.15,94.0,Вероника Максимова,Валентина Босс
784,KQ2H12-04AS SMC,SMC,11.0,8.0,12.4693443443443,94.0,0.08,"Order-6038, SMC",12. Документы выписаны,17.02.2025,17.03.2025,,13.15,94.0,Вероника Максимова,Валентина Босс
785,SV2100-5FU,SMC,5.0,215.0,13.24,94.0,0.15,"Order-6036, SICK",1. Принято в расчет,17.02.2025,,,13.24,94.0,Павел Бородуля,Валентина Босс
786,KQ2L12-04AS Угловое быстроразъемное соединение KQ2L12-04AS,SMC,180.0,9.7,13.24,94.0,0.15,"Order-6043, Schneider Electric",1. Принято в расчет,17.02.2025,,,13.24,94.0,Вероника Максимова,Валентина Босс
787,AR42P-270AS БПВ,SMC,3.0,15.0,13.24,94.0,0.03,"Order-6043, Schneider Electric",1. Принято в расчет,17.02.2025,,,13.24,94.0,Вероника Максимова,Валентина Босс
788,AR42P-260S БПВ,SMC,3.0,15.0,13.24,94.0,0.03,"Order-6043, Schneider Electric",1. Принято в расчет,17.02.2025,,,13.24,94.0,Вероника Максимова,Валентина Босс
789,G46-10-01 БПВ,SMC,3.0,45.0,13.24,94.0,0.1,"Order-6043, Schneider Electric",1. Принято в расчет,17.02.2025,,,13.24,94.0,Вероника Максимова,Валентина Босс
790,AW40-F04D-А G1/2 БПВ,SMC,3.0,200.0,13.24,94.0,0.9,"Order-6042, FESTO и SMC",1. Принято в расчет,17.02.2025,,,13.24,94.0,Вероника Максимова,Валентина Босс
791,AF30P-060S БПВ,SMC,11.0,10.0,13.24,94.0,0.01,"Order-6042, FESTO и SMC",1. Принято в расчет,17.02.2025,,,13.24,94.0,Вероника Максимова,Валентина Босс
792,SY5120-5YO-С6F-Q Распределитель,SMC,10.0,220.0,13.24,94.0,0.2,"Order-6035, Срочно! SMC EVG342-5D-10FA-Q, 3/2 Пневмораспределитель, G1"", 24VDC",1. Принято в расчет,17.02.2025,,Пневмопроект,13.24,94.0,Светлана Васильева,Валентина Босс
793,KSL08-02S Фитинг,SMC,1.0,35.0,13.24,94.0,0.1,"Order-6030, NORGREN",,,,,,,,
794,AR42P-270AS БПВ,SMC,3.0,15.0,13.24,94.0,0.03,"Order-6048, SH 100/30100/0/1/04/00/00/10/00 ELAU",,,,,,,,
795,AR42P-260S БПВ,SMC,3.0,15.0,13.24,94.0,0.03,"Order-6027, LEUZE HRTR 3B/66-S8",,,,,,,,
796,G46-10-01 БПВ,SMC,3.0,45.0,13.24,94.0,0.1,"Order-6027, LEUZE HRTR 3B/66-S8",,,,,,,,
797,AW40-F04D-А G1/2 БПВ,SMC,3.0,200.0,13.24,94.0,0.9,"Order-6027, LEUZE HRTR 3B/66-S8",,,,,,,,
798,SY5120-5YO-С6F-Q Распределитель,SMC,10.0,220.0,13.24,94.0,0.2,"Order-6027, LEUZE HRTR 3B/66-S8",,,,,,,,
799,AF30P-060S БПВ,SMC,11.0,10.0,13.24,94.0,0.01,"Order-6027, LEUZE HRTR 3B/66-S8",,,,,,,,
800,VO307-5DZ1-Q Распределитель,SMC,6.0,195.0,13.24,94.0,0.01,"Order-6025, PILZ , Parker, NUMATICS, SIEMENS, PHOENIX",,,,,,,,
801,KSL08-02S Фитинг,SMC,1.0,35.0,13.36,95.0,0.1,"Order-5961, Дополнение к Order-5747, Festo и SMC 22.01.25, финально",,,,,,,,
802,SMC Соединение резьбовое прямое 10/G1/4 SMC KQ2H10-02S,SMC,40.0,4.0,13.36,95.0,0.15,"Order-5983, Запрос №27 от 11.02.2025",,,,,,,,
803,VO307-5DZ1-Q Распределитель,SMC,6.0,195.0,13.36,95.0,0.01,"Order-5944, Veichi (сборная)",,,,,,,,
804,SMC Клапан VBA40A-F04,SMC,1.0,2553.0,13.36,95.0,8.8,"Order-6011, Vogel / SKF 501-303-003",,,,,,,,
805,SMC Пневмоцилиндр SMC CQ2B25-5D,SMC,8.0,64.6,13.36,95.0,0.2,"Order-6057, Фильтр-регулятор давления Festo LFR-D-MIDI-A/ арт.546426",1. Принято в расчет,18.02.2025,,,13.36,95.0,Светлана Васильева,Валентина Босс
806,KQB2H12-04S Прямое резьбовое соединение KQB2H12-04S,SMC,180.0,17.46,13.29,95.0,0.15,"Order-6077, Omron. Gavazzi",1. Принято в расчет,19.02.2025,,,13.29,95.0,Светлана Васильева,Валентина Босс
807,SMC Соединение прямое быстроразъемное KQ2H08-00A,SMC,20.0,5.5,13.29,95.0,0.01,"Order-6075, Omron 17.02",1. Принято в расчет,19.02.2025,,,13.29,95.0,Светлана Васильева,Мария Антропова
808,"ASN2-04-S Дроссель/пневмоглушитель, R1/2"" ASN2-04-S",SMC,36.0,33.95,13.29,95.0,0.2,"Order-6052, ABB 17.02",1. Принято в расчет,19.02.2025,,,13.29,95.0,Светлана Васильева,Мария Антропова
809,SMC новый артикул: KQ2H10-02AS,SMC,200.0,5.5,13.23,94.0,0.05,"Order-6050, SMC 17.02",1. Принято в расчет,19.02.2025,,Пневмопроект,13.23,94.0,Светлана Васильева,Мария Антропова
810,SY5120-5YO-С6F-Q,SMC,10.0,220.0,13.23,94.0,0.2,"Order-6100, Mitsubishi Electric GOT1000 GT1665M-VTBD восстановленный новый",1. Принято в расчет,20.02.2025,,,13.23,94.0,,
811,KQ2H16-04AS Прямое быстроразъемное соединение KQ2H16-04AS,SMC,3.0,12.61,12.88,92.0,0.1,"Order-6087, 169 SMC",1. Принято в расчет,20.02.2025,,,12.88,92.0,Светлана Васильева,Мария Антропова
812,Пневматический насос PA3210-F03,SMC,1.0,2050.0,13.23,94.0,2.3,"Order-6111, Ирина 1 расчет",1. Принято в расчет,20.02.2025,,,13.23,94.0,Павел Бородуля,-
813,AM-BM105 Крепежный угольник AM-BM105,SMC,3.0,43.65,13.23,94.0,1.1,"Order-6095, NOVOTECHNIK, Numatics, OMRON, PARKER, PILZ, Rexroth, SCHMERSAL, SCHNEIDER 18.02",1. Принято в расчет,20.02.2025,,,13.23,94.0,Светлана Васильева,Мария Антропова
814,KQ2L12-00A Угловое быстроразъемное соединение KQ2L12-00A,SMC,30.0,9.7,12.98,93.0,0.03,"Order-6113, Hitachi зарубежный аналог",1. Принято в расчет,21.02.2025,,,12.98,93.0,,
815,SMC Регулятор давления воздушный SMC AR40-F04-B,SMC,2.0,125.0,12.98,93.0,0.55,"Order-6125, 172 Norgen, Срочно!",1. Принято в расчет,21.02.2025,,,12.98,93.0,Светлана Васильева,Мария Антропова
816,AF30P-060S,SMC,11.0,10.0,12.88,92.0,0.03,"Order-6144, Festo / SMC / Norgren",1. Принято в расчет,24.02.2025,,Пневмопроект,12.88,92.0,Светлана Васильева,Мария Антропова
817,KQ2T12-00A Быстроразъемный тройник KQ2T12-00A,SMC,30.0,11.64,12.88,92.0,0.03,"Order-5959, Гидравлический клапан регулирования потока ARGO-HYTOS VSO1-04/R2,5.",1. Принято в расчет,24.02.2025,,,12.88,92.0,Светлана Васильева,Валентина Босс
818,VO307-5DZ1-Q,SMC,6.0,195.0,12.88,92.0,0.3,"Order-6158, Пневмоцилиндр Festo CRDNG-32-25-PPV-A",1. Принято в расчет,24.02.2025,,,12.88,92.0,Светлана Васильева,Мария Антропова
819,"SMC Реле давления SMC IS10M-60-6L-A, прекращено производство, замен нет",SMC,1.0,,12.9,92.0,,"Order-6156, Festo",1. Принято в расчет,25.02.2025,,,12.9,92.0,Светлана Васильева,Мария Антропова
820,"SMC Реле давления SMC IS10M-60-6L, прекращено производство, замен нет",SMC,1.0,,12.9,92.0,,"Order-6139, Стальной держатель SECO 150.10A-20-3",1. Принято в расчет,25.02.2025,,,12.9,92.0,Светлана Васильева,Мария Антропова
821,SMC Манометр SMC G36-10-01,SMC,4.0,35.0,12.55,91.0,0.1,"Order-6070, IFM 17.02",1. Принято в расчет,25.02.2025,,,12.9,92.0,Светлана Васильева,Мария Антропова
822,SMC Сменный фильтрующий элемент SMC AME-EL450,SMC,4.0,221.9,12.55,90.0,0.5,"Order-6194, Леонид 25.02 2 заявка",1. Принято в расчет,27.02.2025,,,12.55,90.0,Павел Бородуля,Фирулева Елена
823,VX230DGA,SMC,1.0,140.0,12.55,90.0,0.6,"Order-6215, Насос привода вентилятора",1. Принято в расчет,27.02.2025,,,12.55,90.0,Павел Бородуля,Валентина Босс
824,Вакуум-присос ZPT40BNJ10-B01-A14,SMC,50.0,158.0,12.55,90.0,0.2,"Order-6208, Леонид 26.02.2025",1. Принято в расчет,27.02.2025,,,12.55,90.0,Павел Бородуля,Фирулева Елена
825,MGPM12-175Z,SMC,2.0,285.0,12.393872222222,88.0,0.15,"Order-6192, Индуктивный датчик IFM",12. Документы выписаны,27.02.2025,21.03.2025,,12.41,88.0,Павел Бородуля,Фирулева Елена
826,Насос пневматический PA3210-F03,SMC,1.0,2125.0,13.1,93.0,2.4,"Order-6343, SMC",1. Принято в расчет,10.03.2025,,,13.1,93.0,Вероника Максимова,Валентина Босс
827,VBA43A-F04 Ресивер на усилитель давления SMC,SMC,2.0,2450.0,13.1,93.0,8.8,"Order-6329, VBA43A-F04 Ресивер на усилитель давления SMC",1. Принято в расчет,10.03.2025,,,13.1,93.0,Светлана Васильева,Мария Антропова
828,SY7140-5DZ-Q SMC,SMC,4.0,315.0,12.68,91.0,0.2,"Order-6382, SMC, Festo",1. Принято в расчет,12.03.2025,,,12.68,91.0,Светлана Васильева,Валентина Босс
829,CS95-63,SMC,4.0,50.8,12.65,90.0,0.4,"Order-6427, SIEMENS",1. Принято в расчет,17.03.2025,,,12.65,90.0,Светлана Васильева,Валентина Босс
830,"КЛАПАН,SMC,SY7C00-5U1",SMC,1.0,340.0,12.0,86.0,1.2,"Order-6411, Siemens 1",1. Принято в расчет,19.03.2025,,,12.0,86.0,Вероника Максимова,Мария Антропова
831,"КЛАПАН,SMC,SY5100-5U1-NA",SMC,1.0,195.0,12.0,89.0,1.0,"Order-6447, SMC 1",1. Принято в расчет,19.03.2025,,,12.0,89.0,Вероника Максимова,Фирулева Елена
832,"КЛАПАН,SMC,SY7A00-5U1",SMC,1.0,340.0,12.0,86.0,1.2,"Order-6445, SMC 1",1. Принято в расчет,19.03.2025,,,12.0,86.0,Вероника Максимова,Валентина Босс
833,"КЛАПАН,SMC,SY5A00-5U1-NA",SMC,7.0,300.0,12.0,86.0,1.0,"Order-6415, Запрос цен и сроков",1. Принято в расчет,19.03.2025,,,12.0,86.0,Павел Бородуля,-
834,"КЛАПАН,SMC,SY5B00-5U1-NA",SMC,3.0,300.0,12.41,89.0,1.0,"Order-6477, Заявка 8944",1. Принято в расчет,21.03.2025,,,12.41,89.0,Григорий Боков,Валентина Босс
835,D-C73C Бесконтактный датчик положения,SMC,30.0,50.0,12.41,89.0,0.2,"Order-6460, Заявка. DGS-32-400-KF-PPV-A 532448",1. Принято в расчет,21.03.2025,,,12.41,89.0,Григорий Боков,Валеева Мария
836,Трубка полиуретановая SMC TU0805BU-20,SMC,1.0,107.0,12.41,89.0,0.8,"Order-6468, Распределители Festo VMPA1-M1H-K-PI 533347 10 ШТУК",1. Принято в расчет,21.03.2025,,,12.41,89.0,,
837,Цилиндр пневматический SMC CM2BZ25-50Z,SMC,2.0,76.0,12.41,89.0,0.06,"Order-6468, Распределители Festo VMPA1-M1H-K-PI 533347 15 ШТУК",1. Принято в расчет,21.03.2025,,,12.41,89.0,,
838,"КЛАПАН,SMC,SY7100-5U1-NA",SMC,3.0,210.0,12.39,89.0,1.2,"Order-6466, SMC",1. Принято в расчет,21.03.2025,,,12.39,89.0,Светлана Васильева,Валеева Мария
839,Трубка нейлоновая SMC цвет черный T1075B-20,SMC,1.0,123.0,12.39,89.0,0.06,"Order-6466, SMC",1. Принято в расчет,21.03.2025,,,12.39,89.0,Светлана Васильева,Валеева Мария
840,Комплект ремонтный SMC CS95-63,SMC,5.0,40.0,12.39,89.0,0.08,"Order-6466, SMC",1. Принято в расчет,21.03.2025,,,12.39,89.0,Светлана Васильева,Валеева Мария
841,CS95-63 = 5,SMC,5.0,40.0,12.0837783004998,89.0,0.4,"Order-6021, SMC 13.02.",1. Принято в расчет,24.03.2025,,Пневмопроект,12.41,89.0,Светлана Васильева,Фирулева Елена
842,TU0805BU-20 = 1,SMC,1.0,107.0,12.0837647058823,89.0,0.9,"Order-6503, Запрос 24.03",1. Принято в расчет,24.03.2025,,,12.39,89.0,Григорий Боков,Фирулева Елена
843,T1075B-20 = 1,SMC,1.0,123.0,12.39,89.0,0.8,"Order-6493, Festo, SICK",1. Принято в расчет,24.03.2025,,,12.39,89.0,Светлана Васильева,Валентина Босс
844,D-M9P = 10,SMC,10.0,28.5,12.39,89.0,0.015,"Order-6488, Norgren / SMC",1. Принято в расчет,24.03.2025,,Пневмопроект,12.39,89.0,Светлана Васильева,Валентина Босс
845,Трубка полиуретановая SMC TU1610BU-20,SMC,1.0,286.4,12.39,89.0,0.08,"Order-6488, Norgren / SMC",1. Принято в расчет,24.03.2025,,Пневмопроект,12.39,89.0,Светлана Васильева,Валентина Босс
846,ASN2-01-S пневмоглушитель SMC,SMC,40.0,15.4,12.37,88.0,0.04,"Order-6499, Запрос Komatsu",1. Принято в расчет,25.03.2025,,,12.37,88.0,Григорий Боков,Валеева Мария
847,Соединение быстроразъемное SMC KQ2L16-00,SMC,10.0,13.9,11.97,86.0,0.08,"Order-6522, Festo",1. Принято в расчет,25.03.2025,,,12.26,88.0,Светлана Васильева,Валеева Мария
848,CM2BZ25-50Z = 2,SMC,2.0,76.0,12.37,89.0,0.3,"Order-6518, Festo 25.03",1. Принято в расчет,26.03.2025,,,12.37,89.0,Григорий Боков,Фирулева Елена
849,Соединение быстроразъемное SMC KSL12-03S,SMC,10.0,55.0,12.37,89.0,0.15,"Order-6515, Festo",1. Принято в расчет,26.03.2025,,,12.37,89.0,Светлана Васильева,Фирулева Елена
850,Усилитель давления SMC G1/2 16 бар VBA43A-F04,SMC,4.0,2273.9,12.37,89.0,8.8,"Order-6511, Festo / SMC",1. Принято в расчет,26.03.2025,,Пневмопроект,12.37,89.0,Светлана Васильева,Фирулева Елена
851,"Соединение прямое SMC с внутренней резьбой 3/8"" 12 мм KQ2F12-03A",SMC,10.0,8.3,12.37,89.0,0.08,"Order-6510, Festo / SMC",1. Принято в расчет,26.03.2025,,Пневмопроект,12.37,89.0,Светлана Васильева,Фирулева Елена
852,Элемент фильтрующий SMC 3 мкм EC900-003N,SMC,8.0,1151.2,12.37,89.0,1.2,"Order-6510, Festo / SMC",1. Принято в расчет,26.03.2025,,Пневмопроект,12.37,89.0,Светлана Васильева,Фирулева Елена
853,TU1610BU-20 = 1,SMC,1.0,286.4,12.37,89.0,1.0,"Order-6508, SMC",1. Принято в расчет,26.03.2025,,Пневмопроект,12.37,89.0,Светлана Васильева,Фирулева Елена
854,"Пневмоглушитель SMC R1/2"" НР ANA1-04",SMC,12.0,31.4,12.37,89.0,0.08,"Order-6505, Сименс 4 позиции",1. Принято в расчет,26.03.2025,,,12.37,89.0,Григорий Боков,Мария Антропова
855,Манометр пневматический для сжатого воздуха SMC G27-20-01,SMC,4.0,24.1,12.37,89.0,0.03,"Order-6505, Сименс 4 позиции",1. Принято в расчет,26.03.2025,,,12.37,89.0,Григорий Боков,Мария Антропова
856,Манометр пневматический общего назначения SMC G36-10-01,SMC,8.0,25.3,12.37,89.0,0.2,"Order-6529, Доставка 25.03",1. Принято в расчет,26.03.2025,,,12.37,89.0,Григорий Боков,Валеева Мария
857,"VND400D-F25A Клапан 2/2 для пара, Н.З., G1",SMC,4.0,580.0,12.37,89.0,0.2,"Order-6528, SMC, Festo, PNEUMAX, Rexroth 25.03",1. Принято в расчет,26.03.2025,,,12.37,89.0,Григорий Боков,Валеева Мария
858,KSL12-03S = 10,SMC,10.0,55.0,12.37,89.0,0.2,"Order-6544, SICK",1. Принято в расчет,26.03.2025,,,12.37,89.0,Светлана Васильева,Валеева Мария
859,"KQ2L16-00 = 10 не производится, новый артикул KQ2L16-00A",SMC,10.0,13.9,12.37,89.0,0.04,"Order-6489, Запрос очень срочный Bauer, Nidec Graessner",1. Принято в расчет,26.03.2025,,,12.37,89.0,Светлана Васильева,Валеева Мария
860,Датчик положения бесконтактный SMC D-M9P,SMC,10.0,28.5,12.37,89.0,0.03,"Order-6546, SMC",1. Принято в расчет,26.03.2025,,Пневмопроект,12.37,89.0,Светлана Васильева,Валеева Мария
861,EC900-003N = 8,SMC,8.0,1151.2,12.37,89.0,1.5,"Order-6543, SMC MY1M25G-2050XB11",1. Принято в расчет,26.03.2025,,,12.37,89.0,Светлана Васильева,Валеева Мария
862,G27-20-01 = 4,SMC,4.0,24.1,12.0837854838709,91.0,0.1,"Order-6572, Siemens Двигатель 1FK7042-2AF74-1EG0-ZN16",1. Принято в расчет,27.03.2025,,,12.33,88.0,Светлана Васильева,Валеева Мария
863,VBA43A-F04 = 4,SMC,4.0,2273.9,12.83,89.0,8.8,"Order-6564, Festo",1. Принято в расчет,27.03.2025,,,12.83,89.0,Светлана Васильева,Валеева Мария
864,ANA1-04 = 12,SMC,12.0,31.4,12.83,89.0,0.05,"Order-6564, Festo",1. Принято в расчет,27.03.2025,,,12.83,89.0,Светлана Васильева,Валеева Мария
865,G36-10-01 = 8,SMC,8.0,25.3,12.33,89.0,0.01,"Order-6537, Festo",1. Принято в расчет,27.03.2025,,,12.33,89.0,Светлана Васильева,Валеева Мария
866,"RBC1412-XRT01 = 2, не найдено",SMC,2.0,,12.31,89.0,,"Order-6554, SMC RBC1412-XRT01",1. Принято в расчет,28.03.2025,,,12.31,89.0,Григорий Боков,Фирулева Елена
867,Пневмораспределитель EVEX3320-04F SMC,SMC,2.0,540.0,12.26,89.0,2.6,"Order-6582, Festo 28/03",1. Принято в расчет,31.03.2025,,,12.26,89.0,Григорий Боков,Фирулева Елена
868,Пневмоцилиндр SMC CDQMA 32-30,SMC,2.0,155.0,12.26,89.0,0.4,"Order-6585, Aventics Короткоходный цилиндр 0822010511",1. Принято в расчет,31.03.2025,,,12.26,89.0,Светлана Васильева,Фирулева Елена
869,Пневмоцилиндр SMC CD85N16-40-B,SMC,6.0,75.0,12.2316503703703,56.915,0.2,"Order-6602, Срочно! Phoenix Contact UT 4-L/HESILED 24 (5X20) Клеммы для установки предохранителей 3214366",12. Документы выписаны,31.03.2025,01.04.2025,,12.26,89.0,Светлана Васильева,Валеева Мария
870,KK130P-02F,SMC,2.0,3.6,12.0139618286728,90.0,0.1,"Order-6583, DEUBLIN Ротационное соединение подачи СОЖ (902-121-188)",1. Принято в расчет,31.03.2025,,,12.26,89.0,Светлана Васильева,Валеева Мария
871,CD85N25-160-B,SMC,1.0,155.0,12.26,89.0,0.4,"Order-6579, Насос топливный на экскаватор-погрузчик Komatsu",1. Принято в расчет,31.03.2025,,,12.26,89.0,Григорий Боков,Фирулева Елена
872,Клапан запорный ручной SMC VHS20-F02A,SMC,5.0,55.0,12.54,89.0,0.15,"Order-6611, Sick WTB4SLC-3P2262A00",1. Принято в расчет,01.04.2025,,,12.54,89.0,Светлана Васильева,Валеева Мария
873,"Пневмодроссель с обратным клапаном SMC AS5000-F04-X422 G1/2, не найдено",SMC,3.0,,11.97,87.0,,"Order-6634, Финально",1. Принято в расчет,02.04.2025,,Пневмопроект,12.41,89.0,Светлана Васильева,Фирулева Елена
874,Прямое быстроразъемное соединение KQ2H12-03AS,SMC,20.0,5.7,12.34,89.0,0.06,"Order-6648, Преобразователь частоты Commander SK SKBD200110 новый оригинал с упаковкой",1. Принято в расчет,03.04.2025,,,12.34,89.0,,
875,"Ручной запорный распр-ль, быстроразъемное соед-ие VHK2-06F-06F остановилось производство, новый номер: VHK2A-06F-06F",SMC,4.0,24.0,12.55,91.0,0.3,"Order-X, 6655, Запрос _гидрораспределитель оригинал",1. Принято в расчет,07.04.2025,,,12.55,91.0,,
876,Дроссель smc japan ASD330F-01-06S,SMC,30.0,48.0,12.41,89.0,0.06,"Order-6690, Дроссель smc japan ASD330F-01-06S",1. Принято в расчет,07.04.2025,,Пневмопроект,12.41,89.0,Светлана Васильева,Фирулева Елена
877,EVS7-6-FG-S-3CVO-Q,SMC,3.0,550.0,11.89,87.0,1.0,"Order-6685, EVS7-6-FG-S-3CVO (EVS7-6-FG-S-3CVO-Q)",1. Принято в расчет,08.04.2025,,Пневмопроект,11.89,87.0,Светлана Васильева,Фирулева Елена
878,Пневмоцилиндр SMC CD85N20-25-B,SMC,2.0,115.0,12.38,90.0,0.3,"Order-6733, RENISHAW",1. Принято в расчет,09.04.2025,,,12.38,90.0,Павел Бородуля,Фирулева Елена
879,AF40P-060S Фильтрующий элемент AF/AW40 SMC AF40P-060S,SMC,90.0,10.7,12.45,90.0,0.03,"Order-6714, Блок питания Siemens 6ES7407-0KA02-0AA0",1. Принято в расчет,09.04.2025,,,12.45,90.0,Павел Бородуля,Валеева Мария
880,"AFF8C-F04D-T Магистральный фильтр с индикатором, G 1/2, 1500 л/мин",SMC,1.0,462.7,12.45,90.0,1.1,"Order-6714, Блок питания Siemens 6ES7407-0KA02-0AA0",1. Принято в расчет,09.04.2025,,,12.45,90.0,Павел Бородуля,Валеева Мария
881,Пневмораспределитель EVS7-6-FG-S-3CVO-Q,SMC,1.0,543.0,12.38,90.0,0.4,"Order-6729, Запрос №42 от 08.04.2025.xlsx",1. Принято в расчет,09.04.2025,,,12.38,90.0,Светлана Васильева,Фирулева Елена
882,Клапан EVT317-5DO-02F-Q,SMC,1.0,275.0,12.45,90.0,0.4,"Order-6717, Заявка Хитачи 800 06.04.2025.xlsx",1. Принято в расчет,10.04.2025,,,12.45,90.0,Светлана Васильева,Валеева Мария
883,ДРОССЕЛЬ с управл.обр. клапаном ASP430F-02-08S-XLC01,SMC,4.0,,12.45,90.0,,"Order-6749, Датчик SKS36-HFA0-S05",1. Принято в расчет,10.04.2025,,,12.45,90.0,Светлана Васильева,Фирулева Елена
884,"SMC Дроссель/пневмоглушитель, R1/4"" ASN2-02-S Ф.SMC",SMC,1.0,16.5,12.34,89.0,0.1,"Order-6771, ABB ПРЕОБРАЗОВАТЕЛЬ ЧАСТОТЫ ACS355-03E-44A0-4 22КВТ IP20 380В 3ФАЗЫ 3AUA0000058195",1. Принято в расчет,11.04.2025,,,12.34,89.0,Светлана Васильева,Фирулева Елена
885,Крепление AR42P-270AS,SMC,10.0,5.8,12.34,89.0,0.12,"Order-6771, ABB ПРЕОБРАЗОВАТЕЛЬ ЧАСТОТЫ ACS355-03E-44A0-4 22КВТ IP20 380В 3ФАЗЫ 3AUA0000058195",1. Принято в расчет,11.04.2025,,,12.34,89.0,Светлана Васильева,Фирулева Елена
886,Клапан AR20-F02-B,SMC,1.0,50.0,12.25,88.0,0.3,"Order-6764, SMC",1. Принято в расчет,14.04.2025,,,12.25,88.0,Александра Павликова,Валеева Мария
887,SMC Пневмодроссель AS2201F-01-08SA ф.SMC,SMC,20.0,15.4,12.02,87.0,0.1,"Order-6768, Срочно! Phoenix Contact МАРКИРОВКА ДЛЯ КЛЕММНЫХ МОДУЛЕЙ 19000 ТАБЛИЧЕК TMT5R 0816430",1. Принято в расчет,15.04.2025,,,12.02,87.0,Светлана Васильева,Фирулева Елена
888,SMC Дроссель с обратный клапан AS3201F-03-10SA ф.SMC,SMC,20.0,27.5,12.02,87.0,0.1,"Order-6797, Выкуп авиа",1. Принято в расчет,15.04.2025,,,12.02,87.0,,
889,SMC Фильтроэлемент воздушный SMC AF40P-060S,SMC,10.0,9.8,12.07,87.0,0.01,"Order-6832, Запрос №45 от 16.04.2025",1. Принято в расчет,17.04.2025,,,12.07,87.0,Павел Бородуля,Валеева Мария
890,Рем.компл. SMC на пневмоцил. CG5BN40SV-DCM687CM-PS не продаётся в Китае,SMC,50.0,,11.97,86.0,,"Order-6852, 183 SMC",1. Принято в расчет,18.04.2025,,,11.97,86.0,Светлана Васильева,Фирулева Елена
891,СОЕДИНЕНИЕ прямое KQ2H08-02-XRT01,SMC,4.0,,11.87,85.0,,"Order-6787, Sick Энкодер DBV50E-22EKA2000",1. Принято в расчет,21.04.2025,,,11.87,85.0,Светлана Васильева,Фирулева Елена
892,"Трубка фторополимерная, 20 м, прозрачная TH1210N-100",SMC,5.0,2300.0,12.2,87.0,0.1,"Order-6930, 185 SMC",1. Принято в расчет,25.04.2025,,,12.2,87.0,Светлана Васильева,Валеева Мария
893,AW30-N02D-D ,SMC,2.0,220.0,12.07,87.0,0.5,"Order-6955, AW30-N02D SMC",1. Принято в расчет,29.04.2025,,,12.07,87.0,Светлана Васильева,Валеева Мария
894,AMD44P-060AS -,SMC,3.0,380.0,12.0,86.0,2.6,"Order-6990, 187 SMC",1. Принято в расчет,30.04.2025,,,12.0,86.0,Светлана Васильева,Фирулева Елена
895,SY7100-5U1-NA -,SMC,5.0,168.0,11.95,85.0,1.1,"Order-6974, Aventics",1. Принято в расчет,05.05.2025,,Пневмопроект,11.95,85.0,Светлана Васильева,Валеева Мария
896,SY5A00-5U1-NA -,SMC,5.0,236.0,11.95,85.0,0.4,"Order-6974, Aventics",1. Принято в расчет,05.05.2025,,Пневмопроект,11.95,85.0,Светлана Васильева,Валеева Мария
897,SY5100-5U1-NA -,SMC,5.0,153.0,11.95,85.0,0.12,"Order-6966, mrf, SCP",1. Принято в расчет,05.05.2025,,,11.95,85.0,Светлана Васильева,Валеева Мария
898,SY5200-5U1-NA -,SMC,5.0,224.0,11.95,85.0,0.2,"Order-6966, mrf, SCP",1. Принято в расчет,05.05.2025,,,11.95,85.0,Светлана Васильева,Валеева Мария
899,JA30-10-125 -,SMC,2.0,75.0,11.89,84.0,0.2,"Order-X, 7012, Т2026, Т2175, Т592/10",12. Документы выписаны,06.05.2025,,,11.89,84.0,Светлана Васильева,Фирулева Елена
900,MGP16-Z-PS -,SMC,2.0,7.8,11.89,84.0,0.03,"Order-X, 7012, Т2026, Т2175, Т592/10",12. Документы выписаны,06.05.2025,,,11.89,84.0,Светлана Васильева,Фирулева Елена
901,"IS10M -, не найдено",SMC,2.0,,12.09,86.0,,"Order-X, 7003, Balluff BKT0003",1. Принято в расчет,06.05.2025,,,12.09,86.0,Светлана Васильева,Фирулева Елена
902,MGPM16-50Z -,SMC,2.0,175.0,12.09,86.0,0.6,"Order-X, 7003, Balluff BKT0003",1. Принято в расчет,06.05.2025,,,12.09,86.0,Светлана Васильева,Фирулева Елена
903,AR20-F01H-A -,SMC,1.0,51.0,12.09,86.0,0.35,"Order-7021, Привод линейный SMC",1. Принято в расчет,06.05.2025,,,12.09,86.0,Павел Бородуля,Фирулева Елена
904,KSL08-01S -,SMC,5.0,35.0,11.97,85.0,0.1,"Order-X, 7016, Запрос Festo SMC",1. Принято в расчет,07.05.2025,,,11.97,85.0,Светлана Васильева,Фирулева Елена
905,ANA1-C12 -,SMC,8.0,27.0,11.97,85.0,0.04,"Order-X, 7016, Запрос Festo SMC",1. Принято в расчет,07.05.2025,,,11.97,85.0,Светлана Васильева,Фирулева Елена
906,CQ2B20-20D -,SMC,2.0,60.0,11.97,85.0,0.05,"Order-X, 7016, Запрос Festo SMC",1. Принято в расчет,07.05.2025,,,11.97,85.0,Светлана Васильева,Фирулева Елена
907,MHZ2-16DN -,SMC,1.0,270.0,11.97,85.0,0.2,"Order-X, 7016, Запрос Festo SMC",1. Принято в расчет,07.05.2025,,,11.97,85.0,Светлана Васильева,Фирулева Елена
908,"Усилитель давления, G1/2, 10 bar VBA40A-F04",SMC,1.0,2230.0,12.01,85.0,8.8,"Order-X, 7044, Запрос 188 SMC",1. Принято в расчет,07.05.2025,,,12.01,85.0,Светлана Васильева,Фирулева Елена
909,AME450C-F04,SMC,1.0,761.0,12.01,85.0,1.5,"Order-X, 7036, AMF450C-F0",1. Принято в расчет,07.05.2025,,Пневмопроект,12.01,85.0,Светлана Васильева,Фирулева Елена
910,AFF8C-F04D,SMC,1.0,395.7,12.01,85.0,1.0,"Order-X, 7036, AMF450C-F0",1. Принято в расчет,07.05.2025,,Пневмопроект,12.01,85.0,Светлана Васильева,Фирулева Елена
911,SMC mhf2-16d1-x83a1,SMC,1.0,1250.0,11.99,85.0,0.45,"Order-7049, SMC",1. Принято в расчет,12.05.2025,,,11.99,85.0,Павел Бородуля,Валеева Мария
912,электропневматический регулятор SMC ITV1050-04F1N-X224,SMC,10.0,1232.7,11.95,85.0,0.6,"Order-7074, Срочно! Bauer, MAC",1. Принято в расчет,13.05.2025,,,11.95,85.0,Светлана Васильева,Фирулева Елена
913,SMC KQB2H08-02S,SMC,10.0,7.83,11.93,85.0,0.02,"Order-7062, SB330/400-10 NBR (22mm) Ремкомплект 2106212 Hydac",1. Принято в расчет,14.05.2025,,Пневмопроект,11.93,85.0,Светлана Васильева,Валеева Мария
914,CQ2B20-20D Пневмоцилиндр,SMC,2.0,60.0,11.78,84.0,0.05,"Order-7064, Parker VED13/S50058, MAC 411A-COA-DM-DDFJ-1KJ",,,,,,,,
915,SY5A00-5U1-NA Пневмораспределитель,SMC,5.0,231.4,11.89,84.0,0.4,"Order-7116, Norgren",1. Принято в расчет,16.05.2025,,,11.89,84.0,Светлана Васильева,Фирулева Елена
916,MGPM16-50Z Пневоцилиндр,SMC,2.0,171.6,11.89,84.0,0.6,"Order-7119, Festo 15.05",1. Принято в расчет,16.05.2025,,,11.89,84.0,Павел Бородуля,Фирулева Елена
917,Элемент фильтрующий AFF-El22B,SMC,94.0,275.0,11.94,84.0,0.55,"Order-7161, OMRON (срочно)",1. Принято в расчет,21.05.2025,,,11.94,84.0,Александра Павликова,Фирулева Елена
918,Регулятор давления SMC EAR925-F20,SMC,1.0,1400.0,11.94,84.0,4.7,"Order-7160, SMC",1. Принято в расчет,21.05.2025,,,11.94,84.0,Вероника Максимова,Валеева Мария
919,SMC PA3210-F03,SMC,2.0,2129.5,11.86,84.0,2.4,"Order-7171, caterpillar уплотнение оригинал",1. Принято в расчет,22.05.2025,,,11.86,84.0,,
920,AN20-02,SMC,3.0,9.8,11.78,84.0,0.01,"Order-7211, Phoenix Contact",1. Принято в расчет,23.05.2025,,,11.78,84.0,Светлана Васильева,Фирулева Елена
921,Маслораспылитель AL40-F04-A SMC,SMC,4.0,300.0,11.78,84.0,0.5,"Order-7210, Муфты вала",1. Принято в расчет,23.05.2025,,,11.78,84.0,Светлана Васильева,Фирулева Елена
922,AMD44P-060AS,SMC,2.0,311.5,11.86,84.0,0.25,"Order-7216, YTC",1. Принято в расчет,26.05.2025,,Пневмопроект,11.86,84.0,Светлана Васильева,Фирулева Елена
923,KQB2T10-00,SMC,2.0,48.0,11.86,84.0,0.1,"Order-7252, Картридж магистрального фильтра Parker PR1240280",1. Принято в расчет,27.05.2025,,Пневмопроект,11.86,84.0,Светлана Васильева,Валеева Мария
924,CQ2B20-20D Пневмоцилиндр,SMC,2.0,60.0,11.86,84.0,0.05,"Order-7223, Панель оператора EATON MC2-442-57CQB-1-2A",1. Принято в расчет,27.05.2025,,Пневмопроект,11.86,84.0,Светлана Васильева,Валеева Мария
925,CQ2B20-20D Пневмоцилиндр,SMC,2.0,60.0,11.86,84.0,0.05,"Order-7212, Festo / AIR TORQUE",1. Принято в расчет,27.05.2025,,Пневмопроект,11.86,84.0,Светлана Васильева,Валеева Мария
926,MGPM16-50Z Пневоцилиндр,SMC,2.0,171.6,11.88,84.0,0.6,"Order-7265, НФУН-001312 (Siemens)",1. Принято в расчет,28.05.2025,,,11.88,84.0,Александра Павликова,Фирулева Елена
927,MGPM16-50Z Пневоцилиндр,SMC,2.0,171.6,11.88,84.0,0.6,"Order-7255, SMC",1. Принято в расчет,28.05.2025,,,11.88,84.0,Павел Бородуля,Валеева Мария
928,SY5A00-5U1-NA Пневмораспределитель,SMC,5.0,231.4,11.88,84.0,0.4,"Order-7250, Тюваев Олег 26.05",1. Принято в расчет,28.05.2025,,,11.88,84.0,Павел Бородуля,Валеева Мария
929,SY5A00-5U1-NA Пневмораспределитель,SMC,5.0,231.4,11.88,84.0,0.4,"Order-7243, MAC 45A-BC1-DEFJ-1JM MOD 2474",,,,,,,,
930,Y300-A,SMC,1.0,12.7,11.88,84.0,0.1,"Order-7254, Редуктор и Двигатель Caterpillar новые",1. Принято в расчет,28.05.2025,,,11.88,84.0,,
931,TS1075BU-20,SMC,2.0,152.0,11.62,83.0,0.1,"Order-7281, Festo 27.05",12. Документы выписаны,29.05.2025,,,11.62,83.0,Павел Бородуля,Валеева Мария
932,Фильтрующий элемент AF30P-060S ,SMC,15.0,8.0,11.65,82.0,0.01,"Order-7298, 195 SMC",1. Принято в расчет,30.05.2025,,,11.65,82.0,Светлана Васильева,Фирулева Елена
933,Фильтрующий элемент AF20P-060S ,SMC,15.0,7.5,11.65,82.0,0.01,"Order-7295, IZF21-P Нейтрализатор стат. электричества, вентиляторного типа, 1.8 куб. м/мин, PNP",1. Принято в расчет,30.05.2025,,Пневмопроект,11.65,82.0,Светлана Васильева,Валеева Мария
934,SMC Пневмоцилиндр CP96SDB32-80C,SMC,4.0,224.0,11.72,84.0,0.8,"Order-7356, Caterpillar 1 заявка",1. Принято в расчет,03.06.2025,,,11.72,84.0,Павел Бородуля,Валеева Мария
935,Пневмораспределитель SMC SY5100-5UF1-NA 24В,SMC,1.0,155.0,11.72,84.0,0.1,"Order-7244, FTDRE 2 K3X/18AG12C4V-8 Клапан R900726604 BOSCH REXROTH",12. Документы выписаны,03.06.2025,,Пневмопроект,11.72,84.0,Светлана Васильева,Фирулева Елена
936,SMC Пневмоцилиндр CD55B32-20,SMC,1.0,196.0,11.67,84.0,0.4,"Order-7376, Панель оператора (SIEMENS)",1. Принято в расчет,04.06.2025,,,11.67,84.0,Александра Павликова,Фирулева Елена
937,Пневмоглушитель SMC AN30-C12,SMC,10.0,14.1,11.67,84.0,0.015,"Order-7347, Schneider Electric",1. Принято в расчет,04.06.2025,,,11.67,84.0,Светлана Васильева,Фирулева Елена
938,"Пневмоостров SMC SS5Y3-06-Z41116-00001, не найдено",SMC,2.0,,11.63,83.0,,"Order-7341, Измерительный преобразователь SITRANS F C MASS 6000 7ME4110-1AA20-1AA0 SIEMENS авиа",12. Документы выписаны,05.06.2025,,,11.63,83.0,Светлана Васильева,Фирулева Елена
939,"Пневмоглушитель, б/р 10 AN20-C10",SMC,4.0,16.0,11.79,84.0,0.2,"Order-7382, Rexroth R901285149",1. Принято в расчет,06.06.2025,,,11.79,84.0,Светлана Васильева,Фирулева Елена
940,Пневмораспределитель SMC SY7100-5UF1,SMC,6.0,217.6,11.78,84.0,0.3,"Order-7443, Запрос 8332П",1. Принято в расчет,09.06.2025,,,11.78,84.0,Павел Бородуля,Фирулева Елена
941,AFF70D-F10,SMC,5.0,936.0,11.78,84.0,5.3,"Order-7417, Мотор редуктор SEW S87 R57 DT80N4/BMG/HR",,,,,,,,
942,Распределители VF3133K-5YOD1-02F,SMC,1.0,312.0,11.78,84.0,0.03,"Order-7389, SICK DFS60B-S4PC00S43",,,,,,,,
943,Переходник KQ2R08-10A,SMC,4.0,6.2,11.66,84.0,0.03,"Order-7530, AirCom Pneumatic",1. Принято в расчет,17.06.2025,,Пневмопроект,11.66,84.0,Светлана Васильева,Фирулева Елена
944,БПВ ITV2030-01F2BN3,SMC,1.0,1172.0,11.55,83.0,1.0,"Order-7525, SAMSOMATIC",1. Принято в расчет,19.06.2025,,Пневмопроект,11.55,83.0,Светлана Васильева,Валеева Мария
945,Дроссели ASP430F-02-08S,SMC,10.0,95.0,11.63,84.0,0.01,"Order-7613, SCHNEIDER, ABB",1. Принято в расчет,19.06.2025,,,11.63,84.0,Светлана Васильева,Валеева Мария
946,Распределители VX210BAA,SMC,2.0,59.0,11.62,83.0,1.9,"Order-7634, Картридж Piab Швеция",1. Принято в расчет,20.06.2025,,,11.62,83.0,Александра Павликова,Валеева Мария
947,Распределители SYJ3130-5G,SMC,2.0,148.0,11.62,83.0,0.5,"Order-7597, Срочно! Нож отрезной CANON СТ-08 1155С002",1. Принято в расчет,20.06.2025,,,11.62,83.0,Светлана Васильева,Фирулева Елена
948,Цилиндры SMC - CP96SDB50-200C,SMC,2.0,395.0,11.62,83.0,2.5,"Order-7554, датчики",1. Принято в расчет,20.06.2025,,,11.62,83.0,Павел Бородуля,Фирулева Елена
949,Цилиндры CD85Y25-150-B,SMC,1.0,169.0,11.48,83.0,0.9,"Order-7610, Ступица на НМ",1. Принято в расчет,20.06.2025,,,11.48,83.0,Павел Бородуля,Валеева Мария
950,Цилиндры SMC - CD85Y25-150-B,SMC,1.0,169.0,11.48,83.0,0.3,"Order-7610, Ступица на НМ",1. Принято в расчет,20.06.2025,,,11.48,83.0,Павел Бородуля,Валеева Мария
951,VQZ125-5MO1-CP-Q Пневмораспределитель,SMC,30.0,87.0,11.63,83.0,0.03,"Order-7663, Пневмоцилиндр",1. Принято в расчет,24.06.2025,,,11.63,83.0,Павел Бородуля,Валеева Мария
952,CP96SDB50-200C,SMC,6.0,315.0,11.44,83.0,2.5,"Order-7708, Юрий 25.06.2025",1. Принято в расчет,25.06.2025,,,11.44,83.0,Павел Бородуля,Фирулева Елена
953,"Быстроразъемное соединение, Общего назначения, Трубка-Трубка, Прямая переходная муфта KQ2H08-10A",SMC,3.0,5.9,11.46,83.0,0.01,"Order-7718, FESTO",1. Принято в расчет,26.06.2025,,,11.46,83.0,Павел Бородуля,Фирулева Елена
954,"Быстроразъемное соединение, Общего назначения, Трубка-Трубка, Прямая переходная муфта KQ2H06-00A",SMC,3.0,4.4,11.46,83.0,0.01,"Order-7716, ТКП на сименс реализация",1. Принято в расчет,26.06.2025,,,11.46,83.0,Светлана Васильева,Фирулева Елена
955,"Быстроразъемное соединение, Общего назначения, Трубка-Трубка, Прямая переходная муфта KQ2H08-00A",SMC,3.0,5.3,11.46,83.0,0.01,"Order-7706, Таймер Schleicher",12. Документы выписаны,26.06.2025,,,11.46,83.0,Александра Павликова,Фирулева Елена
956,SY3B00-5UF1,SMC,6.0,255.0,11.48,83.0,0.2,"Order-7695, электромагнитный клапан SMC VEX1133-02N-X259",1. Принято в расчет,27.06.2025,,,11.48,83.0,Светлана Васильева,Фирулева Елена
957,Цилиндры SMC - CD85Y25-150-B ,SMC,1.0,127.0,11.37,82.0,0.3,"Order-7745, запрос 27.06",12. Документы выписаны,27.06.2025,,,11.37,82.0,Павел Бородуля,Фирулева Елена
958,"Быстроразъемное соединение, Поворотные высокоскоростные KXL06-01S",SMC,6.0,70.2,11.37,82.0,0.05,"Order-7745, запрос 27.06",12. Документы выписаны,27.06.2025,,,11.37,82.0,Павел Бородуля,Фирулева Елена
959,"Быстроразъемное соединение, Общего назначения, Трубка-Наружная резьба, Прямое ввертное соединение KQ2H08-01AS",SMC,3.0,3.4,11.48,83.0,0.01,"Order-7741, Fanuc A06-6320-H223",1. Принято в расчет,27.06.2025,,,11.48,83.0,Александра Павликова,Фирулева Елена
960,"Быстроразъемное соединение, Общего назначения, Трубка-Наружная резьба, Прямое ввертное соединение KQ2H06-01AS",SMC,3.0,2.7,11.5,83.0,0.01,"Order-7739, Adlink Technology CM2-BT2-E3825",12. Документы выписаны,27.06.2025,,,11.5,83.0,Светлана Васильева,Фирулева Елена
961,"Быстроразъемное соединение, Общего назначения, Трубка-Наружная резьба, Угловое ввертное соединение KQ2L08-01AS",SMC,5.0,5.0,11.48,83.0,0.01,"Order-7728, Ремкомплект клапана АЕ 1460В230 Autel",1. Принято в расчет,27.06.2025,,Пневмопроект,11.48,83.0,Светлана Васильева,Фирулева Елена
962,Цилиндры SMC - CP96SDB50-200C ,SMC,2.0,341.0,11.48,83.0,2.6,"Order-7715, Клапан с электромагнитом VICKERS SYSTEMS",1. Принято в расчет,27.06.2025,,,11.48,83.0,Александра Павликова,Валеева Мария
963,"Быстроразъемное соединение, Общего назначения, Трубка-Наружная резьба, Угловое ввертное соединение1/ KQ2L06-01AS",SMC,5.0,3.8,11.48,83.0,0.01,"Order-7736, SMC",1. Принято в расчет,27.06.2025,,,11.48,83.0,Александра Павликова,Валеева Мария
964,Прямое быстроразъемное соединение: KQ2H06-02AS,SMC,10.0,3.3,11.48,83.0,0.03,"Order-7766, НФУН-001638 (Parker)",1. Принято в расчет,01.07.2025,,,11.48,83.0,Александра Павликова,Фирулева Елена
965,Прямое быстроразъемное соединегіие: KQ2H08-02AS,SMC,10.0,3.3,11.48,83.0,0.05,"Order-7747, Фесто",1. Принято в расчет,01.07.2025,,,11.48,83.0,Павел Бородуля,Фирулева Елена
966,Прямое быстроразъемьое соединение: KQ2H06-08A,SMC,10.0,4.8,11.48,83.0,0.01,"Order-7760, MAC",1. Принято в расчет,01.07.2025,,,11.48,83.0,Светлана Васильева,Фирулева Елена
967,Прямое быстроразъемное соединение: KQ2H08-10A,SMC,10.0,6.3,11.48,83.0,0.01,"Order-7755, Festo / SMC",1. Принято в расчет,01.07.2025,,Пневмопроект,11.48,83.0,Светлана Васильева,Валеева Мария
968,Пробка: KQ2P-08,SMC,10.0,1.5,11.48,83.0,0.01,"Order-7725, Deltrol Клапан DSV-080-2NCP-N-MM",1. Принято в расчет,01.07.2025,,,11.48,83.0,Светлана Васильева,Фирулева Елена
969,Прямое быстроразъемное соединение мини KQ2H04-00A,SMC,10.0,5.0,11.51,82.0,0.01,"Order-7825, IFM",12. Документы выписаны,03.07.2025,,,11.51,82.0,Светлана Васильева,Валеева Мария
970,Прямое быстроразъемное соединение мини KQ2H23-04A,SMC,10.0,6.9,11.5,83.0,0.01,"Order-7810, SR4-10S",1. Принято в расчет,03.07.2025,,,11.5,83.0,Павел Бородуля,Валеева Мария
971,KSL08-02S Поворотное быстроразъемное соединение,SMC,5.0,27.0,11.54,83.0,0.06,"Order-7856, SMC, MAC, Festo",1. Принято в расчет,04.07.2025,,Пневмопроект,11.54,83.0,Светлана Васильева,Фирулева Елена
972,SMC VF5320K-5YOD1-03F,SMC,4.0,603.4,11.4,83.0,0.5,"Order-7908, Распределитель",1. Принято в расчет,09.07.2025,,,11.4,83.0,Павел Бородуля,Валеева Мария
973,SKF 6002-2RS ,SMC,10.0,10.0,11.4,83.0,0.031,"Order-7927, Balluff",1. Принято в расчет,09.07.2025,,,11.4,83.0,Светлана Васильева,Фирулева Елена
974,Электропневматический преобразователь SMC ITV1030-01F2CL ,SMC,4.0,831.0,11.4,83.0,1.3,"Order-7922, SMC, Festo",1. Принято в расчет,09.07.2025,,Пневмопроект,11.4,83.0,Светлана Васильева,Фирулева Елена
975,"ДЕТАЛЬ переходная Y400T-D-XLC05 с крепежным угольником, специальный товар, нельзя поставить",SMC,1.0,,11.39,83.0,,"Order-7921, SIEMENS",1. Принято в расчет,10.07.2025,,Пневмопроект,11.39,83.0,Светлана Васильева,Валеева Мария
976,Фильтрующий элемент SMС AF30P-060S-7-5S,SMC,1.0,325.0,11.38,82.0,0.1,"Order-8016, Фильтрующий элемент SMС AF30P-060S-7-5S",,,,,,,,
977,ф/элемент (из бронзы). AF30P-060S-7-5B,SMC,1.0,11.5,11.42,83.0,0.04,"Order-8100, ф/элемент AF30P-060S-7-5B (из бронзы).",,,,,,,,
978,MGPM25TF-200Z-XB22,SMC,10.0,1500.0,13.27,96.7,3.04,НПП Приоритет 05.09.2023,1. Принято в расчет,13.09.2023,,,13.27,96.7,Павел Бородуля,Никита Петров
979,IIZS40-BE Скоба,SMC,18.0,62.0,13.5,98.0,0.06,"Order-867, заказ 374 SMC от 12.09",1. Принято в расчет,14.09.2023,,,13.5,98.0,Марина Аверина,Мария Антропова
980,SMC MY1B25G-700Z,SMC,1.0,1512.0,14.1,100.0,3.3058,"Order-861, заказ 373 от 12.09",1. Принято в расчет,15.09.2023,,,14.1,100.0,Марина Аверина,Мария Антропова
981,"SMC KQ2H06-01AS, минимальный заказ 10 штук",SMC,10.0,4.0,14.1,100.0,0.006,"Order-861, заказ 373 от 12.09",1. Принято в расчет,15.09.2023,,,14.1,100.0,Марина Аверина,Мария Антропова
982,CS95-50 Ремкомплект,SMC,10.0,81.0,13.605499422156182,98.8649,0.02,"Заказ 381 от 20.09 (КП 360,368,367)",12. Документы выписаны,20.09.2023,09.11.2022,,13.605499422156182,98.8649,Марина Аверина,Мария Антропова
983,D-C73,SMC,3.0,50.0,14.04,98.0,0.033,"Order-888, заявка 378 от 15.09",1. Принято в расчет,20.09.2023,,,14.04,98.0,Марина Аверина,Мария Антропова
984,CRA1BX50-90-XRT01 Неправильная модельМожет быть: CRA1BX50-90Z,SMC,4.0,825.0,14.04,98.0,1.0,"Order-888, заявка 378 от 15.09",1. Принято в расчет,20.09.2023,,,14.04,98.0,Марина Аверина,Мария Антропова
985,V114A-5FS-X311-Q,SMC,20.0,1000.0,13.5,98.6,0.04,Срочная заявка Алексея,1. Принято в расчет,21.09.2023,,,13.5,98.6,Павел Бородуля,Мария Антропова
986,SYJ3120-5GS-M3-Q ,SMC,20.0,245.0,13.5,98.6,0.04,Срочная заявка Алексея,1. Принято в расчет,21.09.2023,,,13.5,98.6,Павел Бородуля,Мария Антропова
987,354-015-02  ,SMC,2.0,314.0,14.0,98.0,0.0348,Игорь Ихламович 20.09.2023,1. Принято в расчет,26.09.2023,,,14.0,98.0,Григорий Боков,Мария Антропова
988,358-015-02 5/2-1/8 ,SMC,2.0,243.0,14.0,98.0,0.0348,Игорь Ихламович 20.09.2023,1. Принято в расчет,26.09.2023,,,14.0,98.0,Григорий Боков,Мария Антропова
989,354-015-02 ,SMC,2.0,314.0,13.5,98.1,0.0348,Игорь Ихламович 20.09.2023 1,1. Принято в расчет,26.09.2023,,,13.5,98.1,,
990,358-015-02 5/2-1/8 ,SMC,2.0,243.0,13.5,98.1,0.0348,Игорь Ихламович 20.09.2023 1,1. Принято в расчет,26.09.2023,,,13.5,98.1,,
991,SMC SY5120-5YO-01F-Q,SMC,6.0,363.18,14.1,99.0,0.085,"Order-952, заказ 390 от 26.09",1. Принято в расчет,29.09.2023,,,14.1,99.0,Марина Аверина,Мария Антропова
992,AMD-EL550,SMC,2.0,997.0,13.0,95.0,0.28,НПП Приоритет 02.08.2023 1,1. Принято в расчет,02.10.2023,,,13.0,95.0,,
993,SY5120-5YO-C6F-Q,SMC,3.0,297.0,13.0,95.0,0.1,НПП Приоритет 02.08.2023 1,1. Принято в расчет,02.10.2023,,,13.0,95.0,,
994,ITV1030-01F1N,SMC,3.0,1181.0,13.0,95.0,0.25,НПП Приоритет 02.08.2023 1,1. Принято в расчет,02.10.2023,,,13.0,95.0,,
995,EVT317-5DO-02F-Q,SMC,10.0,484.0,13.0,95.0,0.3,НПП Приоритет 02.08.2023 1,1. Принято в расчет,02.10.2023,,,13.0,95.0,,
996,Соединение прямое KK130P-02F SMC,SMC,2.0,5.0,13.63,99.3,0.03,"Order-992, 74SMC",1. Принято в расчет,06.10.2023,,,13.63,99.3,Светлана Васильева,Мария Антропова
997,Разъем угловой P398020-501-3 с кабелем по каталогу SMC,SMC,50.0,120.0,14.0,101.9,0.18,"Order-1017, Раис, SMC 3.10",1. Принято в расчет,06.10.2023,,,14.0,101.9,Светлана Васильева,Мария Антропова
998,Фитинг KQ2L04-M5A Угловое быстроразъемное соединение SMC-Pneumatik,SMC,350.0,5.0,14.0,101.9,0.01,"Order-1017, Раис, SMC 3.10",1. Принято в расчет,06.10.2023,,,14.0,101.9,Светлана Васильева,Мария Антропова
999,Фитинг KQ2L06-G01A Угловое быстроразъемное соединение SMC-Pneumatik,SMC,1050.0,7.0,14.0,101.9,0.01,"Order-1017, Раис, SMC 3.10",1. Принято в расчет,06.10.2023,,,14.0,101.9,Светлана Васильева,Мария Антропова
1000,Пневмоглушитель AN103-01 по каталогу SMC 推荐型号AN10-01,SMC,50.0,8.0,14.0,101.9,0.1,"Order-1017, Раис, SMC 3.10",1. Принято в расчет,06.10.2023,,,14.0,101.9,Светлана Васильева,Мария Антропова
1001,PA3110-F03  ,SMC,16.0,2400.0,14.1,102.5,1.7,"Order-1048, Мария 05.10.2023 2 заказ(whats app)",1. Принято в расчет,09.10.2023,,,14.1,102.5,Павел Бородуля,Мария Антропова
1002,VBA43A-F04,SMC,6.0,2806.0,13.6,99.4,8.6,"Order-1024, 75SMC",1. Принято в расчет,09.10.2023,,,13.6,99.4,Светлана Васильева,Мария Антропова
1003,AME450C-F04,SMC,1.0,1428.0,14.1,,1.3,"Order-970, заказ 391 от 27.09 SMC, Norgren, FESTO",1. Принято в расчет,09.10.2023,,,14.1,,Марина Аверина,Мария Антропова
1004,AMH450C-F04D-T,SMC,4.0,2377.0,14.1,,1.44,"Order-970, заказ 391 от 27.09 SMC, Norgren, FESTO",1. Принято в расчет,09.10.2023,,,14.1,,Марина Аверина,Мария Антропова
1005,AMH450C-F04D-T-XKV01,SMC,3.0,,14.1,,0.0,"Order-970, заказ 391 от 27.09 SMC, Norgren, FESTO",1. Принято в расчет,09.10.2023,,,14.1,,Марина Аверина,Мария Антропова
1006,AFF8C-F04D,SMC,1.0,743.0,14.1,,0.92,"Order-970, заказ 391 от 27.09 SMC, Norgren, FESTO",1. Принято в расчет,09.10.2023,,,14.1,,Марина Аверина,Мария Антропова
1007,AMG550C-F10D,SMC,20.0,1360.0,14.1,,2.12,"Order-970, заказ 391 от 27.09 SMC, Norgren, FESTO",1. Принято в расчет,09.10.2023,,,14.1,,Марина Аверина,Мария Антропова
1008,AFF22C-F10D-T,SMC,10.0,1425.0,14.1,,2.13,"Order-970, заказ 391 от 27.09 SMC, Norgren, FESTO",1. Принято в расчет,09.10.2023,,,14.1,,Марина Аверина,Мария Антропова
1009,AFF22C-F10D-T,SMC,1.0,1425.0,14.1,,2.13,"Order-970, заказ 391 от 27.09 SMC, Norgren, FESTO",1. Принято в расчет,09.10.2023,,,14.1,,Марина Аверина,Мария Антропова
1010,AR40-F04-B-X2163 ,SMC,2.0,7550.0,14.25,103.36,0.476,"Order-1067, Оксана, SMC 5.10",1. Принято в расчет,10.10.2023,,,14.25,103.36,Светлана Васильева,Мария Антропова
1011,VQZ225-5MO1,SMC,100.0,230.0,14.25,103.36,0.06,"Order-1063, Раис, VQZ225Y-5MO  3/2-распределитель, 24VDC",1. Принято в расчет,10.10.2023,,,14.25,103.36,Светлана Васильева,Мария Антропова
1012,Регулятор давления SMC AR40-F04-B-X2163 G1/2″,SMC,2.0,7554.0,14.0,101.9,0.58,"Order-1092, Оксана, SMC Регулятор давления SMC AR40-F04-B-X2163 G1/2″",1. Принято в расчет,11.10.2023,,,14.0,101.9,Светлана Васильева,Мария Антропова
1013,PA3210-F03,SMC,1.0,3800.0,14.6,,1.7,"Order-1081, заказ 400 от 06.10",1. Принято в расчет,11.10.2023,,,14.6,,Марина Аверина,Мария Антропова
1014,AR40-F06-X2365 снят с производства Рекомендуемая модель AR40-F06-B-X2115,SMC,4.0,5516.0,14.6,,1.0,"Order-1081, заказ 400 от 06.10",1. Принято в расчет,11.10.2023,,,14.6,,Марина Аверина,Мария Антропова
1015,SY7120-5YO-02F-Q   ,SMC,5.0,240.0,14.0,102.0,0.11,"Order-1107, Богатенков Алексей 11.10.2023",1. Принято в расчет,12.10.2023,,,14.0,102.0,Павел Бородуля,Мария Антропова
1016,CQ2B32-10 ,SMC,2.0,118.0,14.6,102.0,0.14,"Order-1113, Мария очень срочная заявка 11.10.2023",1. Принято в расчет,12.10.2023,,,14.6,102.0,Павел Бородуля,Мария Антропова
1017,Сменный звукопоглощающий элемент SMC VCHN4-EL на глушитель SMC VCHN4-14,SMC,12.0,262.0,14.0,102.0,0.12,"Order-1093, Оксана, SMC 9.10",1. Принято в расчет,12.10.2023,,,14.0,102.0,Светлана Васильева,Мария Антропова
1018,CS95-50,SMC,10.0,58.0,14.6,,0.3,"Order-1026, заказ 397 от 03.10",1. Принято в расчет,12.10.2023,,,14.6,,Марина Аверина,Мария Антропова
1019,CS96-40-XC4 SMC Снято с производства Рекомендуется CS95-40,SMC,6.0,32.0,14.6,102.0,0.02,"Order-1000, заказ 394 от 29.09",1. Принято в расчет,12.10.2023,,,14.6,102.0,Марина Аверина,Мария Антропова
1020,CS95-40 SMC,SMC,6.0,32.0,14.6,102.0,0.02,"Order-1000, заказ 394 от 29.09",1. Принято в расчет,12.10.2023,,,14.6,102.0,Марина Аверина,Мария Антропова
1021,VBA40A-F04 ,SMC,6.0,2806.0,13.63,99.0,8.6,"Order-1036, ЗАЯВКА НА 2024",,,,,,,,
1022,VBA43A-F04 ,SMC,4.0,2806.0,13.63,99.0,8.6,"Order-1036, ЗАЯВКА НА 2024",,,,,,,,
1023,KQ2H10-04AS ,SMC,80.0,8.0,13.63,99.0,0.04,"Order-1036, ЗАЯВКА НА 2024",,,,,,,,
1024,Усилитиель давления G1/2 VBA40A-F04 G1/2,SMC,6.0,2800.0,12.87,94.42,8.6,"Order-1036, ЗАЯВКА НА 2024!",1. Принято в расчет,16.10.2023,,,12.87,94.42,Светлана Васильева,Мария Антропова
1025,Усилитиель давления G1/2 VBA43A-F04,SMC,4.0,2800.0,12.87,94.42,8.6,"Order-1036, ЗАЯВКА НА 2024!",1. Принято в расчет,16.10.2023,,,12.87,94.42,Светлана Васильева,Мария Антропова
1026,Соединение прямое KQ2H10-04AS SMC,SMC,80.0,8.0,12.87,94.42,0.04,"Order-1036, ЗАЯВКА НА 2024!",1. Принято в расчет,16.10.2023,,,12.87,94.42,Светлана Васильева,Мария Антропова
1027,"SMC AR10-M5H нет, замена: AR10-M5H-A",SMC,10.0,79.0,13.5,,0.06,"Order-1102, заказ 402 от 10.10",1. Принято в расчет,16.10.2023,,,13.5,,Марина Аверина,Мария Антропова
1028,Соединение б/раз.KQG2H06-01S SMC,SMC,10.0,39.0,14.1,99.4,0.01,"Order-1166, 195-03-44550 ШЛАНГ",1. Принято в расчет,18.10.2023,,,14.1,99.4,Светлана Васильева,Никита Петров
1029,Соединение б/раз.KQ2H12-00A SMC,SMC,15.0,15.5,13.6,99.4,0.01,"Order-823, Сергей, Заявка РС5000 07.09.2023_2",1. Принято в расчет,18.10.2023,,,13.6,99.4,Светлана Васильева,Намер Салех
1030,"Соединение прямое KQ2H08-01S нет, замена KQ2H08-01AS",SMC,10.0,7.5,13.6,99.4,0.01,"Order-1171, Тимур, Клапан в сборе 714-07-35012",1. Принято в расчет,18.10.2023,,,13.6,99.4,Светлана Васильева,Никита Петров
1031,Соединение прямое KQ2H10-00A SMC,SMC,28.0,14.0,13.6,99.4,0.01,"Order-1171, Тимур, Клапан в сборе 714-07-35012",1. Принято в расчет,18.10.2023,,,13.6,99.4,Светлана Васильева,Никита Петров
1032,Соединение прямое KQ2H10-04AS SMC,SMC,80.0,11.0,13.6,99.4,0.04,"Order-1171, Тимур, Клапан в сборе 714-07-35012",1. Принято в расчет,18.10.2023,,,13.6,99.4,Светлана Васильева,Никита Петров
1033,Соединение прямое KQB2H08-02S SMC,SMC,10.0,13.0,13.6,99.4,0.01,"Order-1171, Тимур, Клапан в сборе 714-07-35012",1. Принято в расчет,18.10.2023,,,13.6,99.4,Светлана Васильева,Никита Петров
1034,Соединение угл.быстрораз.KQG2L06-00 SMC,SMC,10.0,75.0,12.99,94.42,0.01,"Order-1168, 79 SMC",1. Принято в расчет,18.10.2023,,,12.99,94.42,Светлана Васильева,Мария Антропова
1035,Соединение угловое KQ2L10-00A SMC,SMC,12.0,15.0,12.99,94.42,0.01,"Order-1168, 79 SMC",1. Принято в расчет,18.10.2023,,,12.99,94.42,Светлана Васильева,Мария Антропова
1036,"Усилитель давления G1/2"" 10 бар, SMC VBA40A-F04 ",SMC,4.0,2988.0,13.6,99.4,8.6,"Order-977, Mann Filter 29,09, оригинал",1. Принято в расчет,18.10.2023,,,13.6,99.4,,
1037,VBA20A-F03GN,SMC,1.0,2342.0,13.6,99.4,3.32,"Order-977, Mann Filter 29,09, оригинал",1. Принято в расчет,18.10.2023,,,13.6,99.4,,
1038,1,SMC,1.0,953.0,13.6,,0.884,"Order-1177, заявка 18.10 выкуп",1. Принято в расчет,18.10.2023,,,13.6,,Марина Аверина,-
1039,VH410-F04,SMC,1.0,375.0,13.65,100.0,1.28,"Order-1176, заявка 17.10 форсунка Lechler",1. Принято в расчет,18.10.2023,,,13.65,100.0,Марина Аверина,Василий Михайлов
1040,AFM30P-060AS,SMC,10.0,89.0,13.65,100.0,0.02,"Order-1176, заявка 17.10 форсунка Lechler",1. Принято в расчет,18.10.2023,,,13.65,100.0,Марина Аверина,Василий Михайлов
1041,AFM40P-060AS,SMC,10.0,97.0,13.65,100.0,0.04,"Order-1176, заявка 17.10 форсунка Lechler",1. Принято в расчет,18.10.2023,,,13.65,100.0,Марина Аверина,Василий Михайлов
1042,AF40P-060S,SMC,10.0,31.0,13.65,100.0,0.01,"Order-1176, заявка 17.10 форсунка Lechler",1. Принято в расчет,18.10.2023,,,13.65,100.0,Марина Аверина,Василий Михайлов
1043,VXD242HZ2AA,SMC,2.0,394.0,13.65,100.0,0.75,"Order-1176, заявка 17.10 форсунка Lechler",1. Принято в расчет,18.10.2023,,,13.65,100.0,Марина Аверина,Василий Михайлов
1044,"Пневмоглушитель, R1/4"" Материал 00000098344493 Пневмоглушитель AN20-02 SMC",SMC,8.0,26.8,14.1,99.4,0.0025,"Order-1175, Оксана, Festo 17.10",1. Принято в расчет,19.10.2023,,,14.1,99.4,Светлана Васильева,Мария Антропова
1045,Пневмоглушитель 1/2 AN40-04 SMC,SMC,24.0,29.0,13.95,98.0,0.01,"Order-1190, заявка 18.10 1",1. Принято в расчет,19.10.2023,,,13.95,98.0,,
1046,Пневмоглушитель AN10-01 SMC,SMC,40.0,18.2,13.95,98.0,0.001,"Order-1190, заявка 18.10 1",1. Принято в расчет,19.10.2023,,,13.95,98.0,,
1047,Пневмоглушитель AN10-01 SMC,SMC,40.0,18.2,13.45,99.4,0.001,"Order-1190, заявка 18.10 10",1. Принято в расчет,19.10.2023,,,13.45,99.4,,
1048,Трубка полиуретановая TU1065B-20 SMC,SMC,15.0,205.0,13.45,99.4,1.12,"Order-1190, заявка 18.10 10",1. Принято в расчет,19.10.2023,,,13.45,99.4,,
1049,VO307-5DZ1-Q,SMC,1.0,272.0,13.6,99.3,0.18,"Order-1204, Бензопилы",,,,,,,,
1050,VUVG-L10-T32C-AT-M7-1P3 566471,SMC,1.0,195.0,13.4,97.9,0.055,"Order-1135, ЗАПАСНЫЕ ДЕТАЛИ НА ПОГРУЗЧИК CATERPILLAR 973D, 950L",,,,,,,,
1051,AS5000-F04-X422 Рекомендуемая модель: AS5000-F04-X543 ,SMC,10.0,584.0,13.4,97.9,0.224,"Order-1134, Анатолий Соболев 600-6",,,,,,,,
1052,EAD402-F04-X110,SMC,2.0,495.0,13.95,108.0,0.62,"Order-1214, заказ 413 FESTO от 20.10",1. Принято в расчет,23.10.2023,,,13.95,108.0,Марина Аверина,Мария Антропова
1053,NCQ2B20-20D,SMC,2.0,246.0,13.6,,0.1,"Order-1200, заказ 412 от 19.10",1. Принято в расчет,23.10.2023,,,13.6,,Марина Аверина,Мария Антропова
1054,CS95-50,SMC,2.0,81.0,13.9,97.9,0.02,"Order-1210, Сергей 20.10.2023",1. Принято в расчет,23.10.2023,,,13.9,97.9,Павел Бородуля,Мария Антропова
1055,SY7120-5YO-02F,SMC,10.0,246.0,13.76,96.7,0.15,"Order-1217, Элекор 23.10.2023",1. Принято в расчет,24.10.2023,,,13.76,96.7,Павел Бородуля,Василий Михайлов
1056,AS5000-F04-X543,SMC,14.0,584.0,13.54,95.24,0.2346,"Order-1275, Оксана, SMC 27.10",1. Принято в расчет,31.10.2023,,,13.54,95.24,Светлана Васильева,Мария Антропова
1057,SMC AR40-F04-B-X2163,SMC,4.0,7554.0,13.34,94.0,0.58,"Order-1259, Сергей Сидоренко 26.10.2023",1. Принято в расчет,01.11.2023,,,13.34,94.0,Павел Бородуля,Василий Михайлов
1058,SMC VCHN4-EL на глушитель SMC VCHN4-14,SMC,12.0,511.0,13.34,94.0,0.79,"Order-1288, заказ 417 от 30.10",1. Принято в расчет,01.11.2023,,,13.34,94.0,Марина Аверина,Мария Антропова
1059,SMC CS95-63,SMC,2.0,89.0,12.84,94.0,0.02,"Order-1295, хвостовики 31.10 новые",1. Принято в расчет,01.11.2023,,,12.84,94.0,Марина Аверина,Никита Петров
1060,CS95-63,SMC,5.0,89.0,13.0,95.0,0.02,"Order-1283, Заявка от 30.10 дубликат",1. Принято в расчет,07.11.2023,,,13.0,95.0,,
1061,CS95-50,SMC,5.0,81.0,13.53,95.0,0.02,"Order-1326, Оксана, VAVC-Q2-M22U-15-E",1. Принято в расчет,07.11.2023,,,13.53,95.0,Светлана Васильева,Мария Антропова
1062,CS95-50,SMC,5.0,81.0,13.53,95.0,0.02,"Order-1331, заявка 03.11",1. Принято в расчет,07.11.2023,,,13.53,95.0,Марина Аверина,Никита Петров
1063,D-M9P,SMC,3.0,50.0,13.0,94.4,0.2,"Order-1355, Ксения Лямина 07.11.2023",1. Принято в расчет,08.11.2023,,,13.0,94.4,Павел Бородуля,Мария Антропова
1064,SMC SY3120-5LOU-C4-Q,SMC,2.0,268.0,13.5,94.4,0.06,"Order-1374, Андрей, Festo 8.11",1. Принято в расчет,08.11.2023,,,13.5,94.4,Светлана Васильева,Мария Антропова
1065,SY5100-5UF1-NA SMC,SMC,10.0,240.0,13.5,94.2,0.082,"Order-1392, Андрей, Festo, SMC",1. Принято в расчет,09.11.2023,,,13.5,94.2,Светлана Васильева,Мария Антропова
1066,TRTU0604BU-20,SMC,2.0,443.0,13.5,94.2,1.12,"Order-1382, Андрей, SMC 8.11_2",1. Принято в расчет,09.11.2023,,,13.5,94.2,Светлана Васильева,Мария Антропова
1067,"AFF8C-F04D-T Магистральный фильтр с индикатором, G 1/2, 1500 л/мин",SMC,1.0,715.0,13.5,94.2,0.94,"Order-1375, Андрей, SMC 8.11",1. Принято в расчет,09.11.2023,,,13.5,94.2,Светлана Васильева,Мария Антропова
